name,start,end,size
entry,0x00100008,0x00100218,0x210
sub_100220,0x00100220,0x00100250,0x30
CopyQW,0x001002b0,0x001002d0,0x20
ZeroQW,0x001003d8,0x001003f0,0x18
WriteBMP,0x00100420,0x00100d38,0x918
HankakuToZenkaku,0x00100d40,0x00100df4,0xb4
ShiftJisToJis,0x00100e00,0x00100edc,0xdc
mem_sub_0ee0,0x00100ee0,0x001010a8,0x1c8
sub_1010B0,0x001010b0,0x0010122c,0x17c
sub_101230,0x00101230,0x0010148c,0x25c
mem_compare_n,0x00101490,0x00101db4,0x924
sub_101DC0,0x00101dc0,0x00102420,0x660
singleton_lazy_init_b_0_clone_01,0x00102420,0x001024d0,0xb0
sub_1024D0,0x001024d0,0x00102560,0x90
sub_102560,0x00102560,0x00102668,0x108
InitGsDisplay,0x00102670,0x0010286c,0x1fc
GS_DispatchPending,0x00102870,0x00102a54,0x1e4
pool_entry_push,0x00102a60,0x00102d6c,0x30c
semaphore_queue_push,0x00102d70,0x00102f50,0x1e0
sub_102F50,0x00102f50,0x0010300c,0xbc
sub_103010,0x00103010,0x001030bc,0xac
GS_ReadTexture,0x001030c0,0x00103598,0x4d8
obj_set_fields_6,0x001035a0,0x00103618,0x78
sub_103620,0x00103620,0x00103a74,0x454
return_const_64,0x00103a80,0x00103a88,0x8
noop_wrapper_4,0x00103a90,0x00103ad4,0x44
sub_103AE0,0x00103ae0,0x00103b14,0x34
sub_103B20,0x00103b20,0x00103b3c,0x1c
sub_103B40,0x00103b40,0x00103b7c,0x3c
sub_103B80,0x00103b80,0x00103be0,0x60
heap_alloc_aligned,0x00103be0,0x00103c40,0x60
noop_wrapper_2,0x00103c40,0x00103cd4,0x94
sub_103CE0,0x00103ce0,0x00103ddc,0xfc
wrap_sub_110130,0x00103de0,0x00103e10,0x30
SemaphoreWait,0x00103e10,0x00103e20,0x10
SemaphorePoll,0x00103e20,0x00103e30,0x10
SemaphoreSignal,0x00103e30,0x00103e40,0x10
sub_103E40,0x00103e40,0x00103f28,0xe8
sub_103F50,0x00103f50,0x00103ff8,0xa8
sub_104000,0x00104000,0x001042e8,0x2e8
sub_1042F0,0x001042f0,0x001045f8,0x308
sub_104600,0x00104600,0x001048f8,0x2f8
set_global_var_b,0x00104900,0x00104918,0x18
sub_104920,0x00104920,0x001049f4,0xd4
obj_set_fields___178_0,0x00104a00,0x00104ab0,0xb0
obj_set_flag,0x00104ab0,0x00104ae8,0x38
return_const_1,0x00104af0,0x00104af8,0x8
gp_fields_clear,0x00104b00,0x00104b28,0x28
sub_104B30,0x00104b30,0x00104be4,0xb4
SyncFrame,0x00104c00,0x00104cd4,0xd4
sub_104CE0,0x00104ce0,0x00104f1c,0x23c
sub_104F20,0x00104f20,0x00105670,0x750
state_byte_transition_1,0x00105670,0x001062ec,0xc7c
GS_SetDisplayMode,0x001062f0,0x001065bc,0x2cc
sub_1065C0,0x001065c0,0x001065ec,0x2c
noop_wrapper_b_2,0x001065f0,0x0010662c,0x3c
sub_106630,0x00106630,0x00106794,0x164
wrap_sub_106630,0x001067a0,0x001067d8,0x38
sub_1067E0,0x001067e0,0x00106844,0x64
vu_matrix_load,0x00106850,0x001068d8,0x88
vu_matrix_load,0x001068e0,0x00106950,0x70
vec3f_normalize,0x00106950,0x001069c0,0x70
vec3f_length,0x001069c0,0x00106a14,0x54
vec4f_transform_by_mat4,0x00106a20,0x00106a98,0x78
mat4_orthonormalize,0x00106aa0,0x00106b68,0xc8
vu_matrix_load_b,0x00106b70,0x00106bd8,0x68
vu_matrix_load_b,0x00106be0,0x001070f0,0x510
vu_matrix_load_c,0x001070f0,0x00107600,0x510
vu_matrix_load_d,0x00107600,0x001077d0,0x1d0
vu_matrix_load_c,0x001077d0,0x001079a4,0x1d4
vu_matrix_load,0x001079b0,0x00107b84,0x1d4
obj_set_fields,0x00107b90,0x00107bb8,0x28
vu_matrix_load_e,0x00107bc0,0x00107c70,0xb0
vu_matrix_load_f,0x00107c70,0x00107e24,0x1b4
vu_matrix_load_g,0x00107e30,0x00108218,0x3e8
mat4_multiply,0x00108220,0x00108298,0x78
Matrix4_Copy,0x001082a0,0x001082c4,0x24
vu_matrix_load_d,0x001082d0,0x001082fc,0x2c
sub_108300,0x00108300,0x001083e4,0xe4
sub_1083F0,0x001083f0,0x00108454,0x64
sub_108460,0x00108460,0x001084c4,0x64
PadSysInit_clone_01,0x001084d0,0x00108720,0x250
sub_108720,0x00108720,0x001087ac,0x8c
sub_1087B0,0x001087b0,0x00108998,0x1e8
set_global_var_d,0x001089a0,0x001089ac,0xc
noop_wrapper_c_4,0x001089b0,0x001089cc,0x1c
sub_1089D0,0x001089d0,0x00108a1c,0x4c
mem_fill_1,0x00108a20,0x00108ad8,0xb8
mem_fill_b_0,0x00108ae0,0x00108b8c,0xac
noop_wrapper_d_4,0x00108b90,0x00108bb4,0x24
sub_108BC0,0x00108bc0,0x001091dc,0x61c
sub_1091E0,0x001091e0,0x00109464,0x284
sub_109470,0x00109470,0x001096f4,0x284
mem_compare_n_0_clone_01,0x00109700,0x001097d4,0xd4
sub_1097E0,0x001097e0,0x001098f8,0x118
mem_compare_n_0_clone_02,0x00109900,0x00109da0,0x4a0
obj_sub_ca60_clone_01,0x00109da0,0x00109e80,0xe0
PadSysInit,0x00109e80,0x00109fe0,0x160
mem_fill_c_0,0x00109fe0,0x0010a938,0x958
fighter_track_advance_clone_01,0x0010a940,0x0010b2f4,0x9b4
event_entry_set,0x0010b300,0x0010b344,0x44
sub_10B350,0x0010b350,0x0010b458,0x108
vu_matrix_load_h,0x0010b460,0x0010b540,0xe0
vu_matrix_load_i,0x0010b540,0x0010be54,0x914
sub_10BE60,0x0010be60,0x0010bf58,0xf8
obj_set_fields___28_0,0x0010bf60,0x0010c26c,0x30c
sub_10C270,0x0010c270,0x0010c32c,0xbc
sub_10C330,0x0010c330,0x0010c400,0xd0
noop_wrapper,0x0010c400,0x0010c424,0x24
sub_10C430,0x0010c430,0x0010c480,0x50
sub_10C480,0x0010c480,0x0010c598,0x118
CApp_CharaVS_Update_clone_01,0x0010c5a0,0x0010c97c,0x3dc
sub_10C980,0x0010c980,0x0010ca4c,0xcc
sub_10CA50,0x0010ca50,0x0010cc68,0x218
sub_10CC70,0x0010cc70,0x0010ce00,0x190
sub_10CE00,0x0010ce00,0x0010cef8,0xf8
sub_10CF00,0x0010cf00,0x0010d064,0x164
sub_10D070,0x0010d070,0x0010d23c,0x1cc
sub_10D240,0x0010d240,0x0010d400,0x1c0
scene_graph_flush_clone_01,0x0010d400,0x0010d534,0x134
scene_node_set_visible_clone_01,0x0010d540,0x0010d5c8,0x88
singleton_lazy_init_y_clone_01,0x0010d5d0,0x0010d6e8,0x118
euler_to_quat_0_clone_01,0x0010d6f0,0x0010d7b0,0xc0
singleton_lazy_init_y_clone_02,0x0010d7b0,0x0010d834,0x84
state_byte_transition_j_1,0x0010d840,0x0010d978,0x138
sub_10D980,0x0010d980,0x0010dbe0,0x260
sub_10DBE0,0x0010dbe0,0x0010dc7c,0x9c
obj_set_fields___29_0,0x0010dc80,0x0010ddd8,0x158
sub_10DDE0,0x0010dde0,0x0010dde8,0x8
sub_10DDF0,0x0010ddf0,0x0010de30,0x40
sub_10DE30,0x0010de30,0x0010de98,0x68
sub_10DEA0,0x0010dea0,0x0010e2c8,0x428
sub_10E2D0,0x0010e2d0,0x0010e390,0xc0
sub_10E390,0x0010e390,0x0010e3d4,0x44
str_copy_n_01,0x0010e3e0,0x0010e5dc,0x1fc
state_byte_transition__clone_01,0x0010e5e0,0x0010e6b4,0xd4
state_byte_transition__clone_02,0x0010e6c0,0x0010e79c,0xdc
sub_10E7A0,0x0010e7a0,0x0010e8b8,0x118
sub_10E8C0,0x0010e8c0,0x0010e9a8,0xe8
sub_10E9B0,0x0010e9b0,0x0010eb0c,0x15c
sub_10EB10,0x0010eb10,0x0010eb68,0x58
sub_10EB70,0x0010eb70,0x0010ec44,0xd4
mem_fill_d_0,0x0010ec50,0x0010eea4,0x254
sub_10EEB0,0x0010eeb0,0x0010ef78,0xc8
state_byte_transition,0x0010ef80,0x0010f24c,0x2cc
get_global_var,0x0010f250,0x0010f258,0x8
obj_set_fields__01,0x0010f260,0x0010f38c,0x12c
sub_10F390,0x0010f390,0x0010f57c,0x1ec
sub_10F580,0x0010f580,0x0010f688,0x108
mem_fill_e_0,0x0010f690,0x0010f7fc,0x16c
str_copy_n_e_clone_01,0x0010f800,0x0010f9d0,0x1d0
get_global_var_b,0x0010f9d0,0x0010f9d8,0x8
mem_fill_f_0,0x0010f9e0,0x0010faa0,0xc0
get_field_val_2,0x0010faa0,0x0010fab8,0x18
str_copy_n,0x0010fac0,0x0010fb48,0x88
str_copy_n_b,0x0010fb50,0x0010fbd8,0x88
sub_10FBE0,0x0010fbe0,0x0010fc40,0x60
sub_10FC40,0x0010fc40,0x0010fca8,0x68
sub_10FCB0,0x0010fcb0,0x0010fcc8,0x18
get_field_val_b_2,0x0010fcd0,0x0010fce8,0x18
obj_set_fields_b_3,0x0010fcf0,0x0010fd48,0x58
get_field_val_c_3,0x0010fd50,0x0010fd74,0x24
noop_wrapper_e_2,0x0010fd80,0x0010fdb0,0x30
get_field_val_d_2,0x0010fdb0,0x0010fdc0,0x10
sub_10FDC0,0x0010fdc0,0x0010fe10,0x50
sub_10FE10,0x0010fe10,0x0010ffe8,0x1d8
get_global_var_c,0x0010fff0,0x0010fff8,0x8
sub_110000,0x00110000,0x00110008,0x8
mem_fill,0x00110010,0x001100b0,0xa0
mem_fill,0x001100b0,0x00110128,0x78
sub_110130,0x00110130,0x00110260,0x130
obj_set_field_pair_c_0_clone_01,0x00110260,0x0011028c,0x2c
sub_110290,0x00110290,0x001102b0,0x20
mem_fill_g_0,0x001102b0,0x001105f8,0x348
obj_set_fields_c_3,0x00110600,0x001106a0,0xa0
sub_1106A0,0x001106a0,0x0011078c,0xec
sub_110790,0x00110790,0x001107ac,0x1c
mem_fill_h_0,0x001107b0,0x00110828,0x78
get_global_var_d,0x00110830,0x00110838,0x8
pool_entry_push_c_0_clone_01,0x00110840,0x0011086c,0x2c
get_global_var_e,0x00110870,0x00110878,0x8
sub_110880,0x00110880,0x00110888,0x8
sub_110890,0x00110890,0x0011092c,0x9c
noop_wrapper_b,0x00110930,0x00110984,0x54
wrap_sub_110990,0x00110990,0x001109a0,0x10
obj_set_fields_3,0x001109a0,0x001109d8,0x38
CMemory_Free,0x001109e0,0x00110b08,0x128
CMemory_Alloc,0x00110b10,0x00110c48,0x138
bitfield_index_assign,0x00110c50,0x00110d44,0xf4
bitfield_index_assign_clone_01,0x00110d50,0x00110e60,0x110
CMemory_Init,0x00110e60,0x001111c8,0x368
noop_wrapper_c,0x001111d0,0x001111e0,0x10
Heap_Dealloc,0x001111e0,0x001111f0,0x10
Heap_Alloc,0x001111f0,0x00111274,0x84
stack_depth_track,0x00111280,0x00111304,0x84
mem_compare_n_0_clone_03,0x00111310,0x00111488,0x178
mem_fill_b,0x00111490,0x00111530,0xa0
mem_fill_i_0,0x00111530,0x001119f4,0x4c4
str_sub_1a00,0x00111a00,0x00111ac8,0xc8
str_sub_89a8_clone_01,0x00111ad0,0x00111bd4,0x104
singleton_lazy_init_0_clone_01,0x00111be0,0x00111d98,0x1b8
str_copy_n_c,0x00111da0,0x0011202c,0x28c
str_copy_n_d,0x00112030,0x00112744,0x714
sub_112750,0x00112750,0x0011293c,0x1ec
str_copy_n_e,0x00112940,0x00112bf4,0x2b4
sub_112C00,0x00112c00,0x00112c74,0x74
sub_112C80,0x00112c80,0x00112cf0,0x70
mem_compare_n_0_clone_04,0x00112cf0,0x00112fa8,0x2b8
mem_compare_n_0_clone_05,0x00112fb0,0x001131b8,0x208
sub_1131C0,0x001131c0,0x001131f4,0x34
sub_113200,0x00113200,0x00113538,0x338
noop_wrapper_f_1,0x00113540,0x00113580,0x40
fighter_track_tick_clone_01,0x00113580,0x0011371c,0x19c
sub_113720,0x00113720,0x001137a4,0x84
sub_113860,0x00113860,0x00113920,0xc0
sub_113920,0x00113920,0x00113aa0,0x180
obj_set_fields___30_0,0x00113aa0,0x00113c60,0x1c0
wrap_wrap_obj_set_flags_clone_01,0x00113c60,0x00113d28,0xc8
sub_113D30,0x00113d30,0x00113d68,0x38
noop_sub_3d70,0x00113d70,0x00113ec8,0x158
return_zero,0x00113ed0,0x00113ee0,0x10
singleton_lazy_init_e_0_clone_01,0x00113ee0,0x00113f34,0x54
sub_113F40,0x00113f40,0x00113fe8,0xa8
j_noop_wrapper___65,0x00113ff0,0x00113ff8,0x8
singleton_lazy_init_0_clone_02,0x00114000,0x001143fc,0x3fc
sub_114400,0x00114400,0x00114870,0x470
PadSysInit_clone_02,0x00114870,0x00114a44,0x1d4
sub_114A50,0x00114a50,0x00114b00,0xb0
singleton_lazy_init_e_0_clone_02,0x00114b00,0x00114b58,0x58
sub_114B60,0x00114b60,0x00114bf4,0x94
sub_114BF8,0x00114bf8,0x00114c44,0x4c
noop_wrapper_g_2,0x00114c48,0x00114c94,0x4c
sub_114C98,0x00114c98,0x00114dc4,0x12c
sub_114DC8,0x00114dc8,0x00114e18,0x50
get_field_val_e_2,0x00114e18,0x00114e20,0x8
sub_114E20,0x00114e20,0x00114fbc,0x19c
noop_wrapper_h_1,0x00114fc0,0x00114fc8,0x8
sub_114FC8,0x00114fc8,0x00115254,0x28c
wrap_sub_115258,0x00115258,0x00115280,0x28
sub_115280,0x00115280,0x001152e0,0x60
get_field_val_f_1,0x001152e0,0x001152e8,0x8
obj_set_field_byte,0x001152e8,0x001152f0,0x8
get_field_val_g_1,0x001152f0,0x001152f8,0x8
obj_set_field_pair_p_clone_01,0x00115318,0x00115348,0x30
obj_set_field_pair_p_clone_02,0x00115368,0x00115398,0x30
obj_set_field_pair_c_0_clone_02,0x00115398,0x001153c4,0x2c
move_tick_dispatch_f_0,0x00115478,0x00115500,0x88
obj_set_field_pair_p_clone_03,0x00115500,0x00115530,0x30
sub_115530,0x00115530,0x00115594,0x64
wrap_dword_43C964,0x00115598,0x001155bc,0x24
obj_set_field_pair_p_clone_04,0x001155c0,0x001155f0,0x30
sub_1155F0,0x001155f0,0x0011597c,0x38c
wrap_mem_compare_n_01,0x00115980,0x001159e4,0x64
sub_1159E8,0x001159e8,0x00115af8,0x110
sub_115AF8,0x00115af8,0x00115c10,0x118
sub_115C10,0x00115c10,0x00115dc4,0x1b4
sub_115DC8,0x00115dc8,0x00115f48,0x180
noop_wrapper_d,0x00115f48,0x00115f70,0x28
sub_115F70,0x00115f70,0x00116288,0x318
sub_116288,0x00116288,0x001162e0,0x58
sub_1162E0,0x001162e0,0x001163f0,0x110
sub_1163F0,0x001163f0,0x001164ec,0xfc
sub_1164F0,0x001164f0,0x00116688,0x198
sub_116688,0x00116688,0x00116808,0x180
sub_116808,0x00116808,0x001169b0,0x1a8
field_type_dispatch,0x001169b0,0x001169f0,0x40
return_zero_2,0x001169f0,0x001169f8,0x8
dat_callback_dispatch,0x00116a10,0x00116a44,0x34
return_zero_b,0x00116a48,0x00116a64,0x1c
return_zero_b_0,0x00116a68,0x00116a84,0x1c
sub_116A88,0x00116a88,0x00116c3c,0x1b4
noop_wrapper_e,0x00116c40,0x00116cac,0x6c
get_global_var_2,0x00116ce0,0x00116cec,0xc
wrap_wrap_mem_set_h,0x00116cf0,0x00116d2c,0x3c
wrap_return_zero_b_0,0x00116d30,0x00116d64,0x34
sub_116D68,0x00116d68,0x00116d98,0x30
obj_add_field_pair,0x00116d98,0x00116db4,0x1c
obj_set_fields_b,0x00116db8,0x00116df0,0x38
sub_116DF0,0x00116df0,0x00116f0c,0x11c
obj_set_fields___80_clone_01,0x00116f10,0x00116f54,0x44
sub_116F58,0x00116f58,0x00117244,0x2ec
sub_117250,0x00117250,0x001172ec,0x9c
sub_1172F0,0x001172f0,0x00117464,0x174
obj_set_field_pair_b,0x00117468,0x00117474,0xc
get_field_val_h_2,0x00117488,0x00117490,0x8
get_field_val,0x00117490,0x00117498,0x8
blend_state_is_idle_clone_01,0x001174a0,0x001174f0,0x50
get_field_val_i_2,0x001174f0,0x001174f8,0x8
get_field_val_j_0,0x00117560,0x00117568,0x8
get_field_val_b,0x00117568,0x00117570,0x8
get_field_val_k_0,0x00117570,0x00117578,0x8
get_field_val_l_0,0x00117578,0x00117580,0x8
get_field_val_c,0x001175b8,0x001175c0,0x8
get_field_val_d,0x001175c0,0x001175c8,0x8
get_field_val_m_0,0x001175c8,0x001175d8,0x10
noop_wrapper_i_1,0x001175d8,0x001175e0,0x8
obj_set_fields_b_1,0x001175e0,0x00117620,0x40
wrap_obj_set_fields_l_0,0x00117620,0x00117660,0x40
obj_set_fields_c,0x00117660,0x001176c4,0x64
sub_1176C8,0x001176c8,0x0011770c,0x44
sub_117740,0x00117740,0x00117840,0x100
get_field_val_e,0x00117840,0x00117848,0x8
obj_ctor_init_k_clone_01,0x00117848,0x001178c4,0x7c
obj_set_field_pair_c,0x001178c8,0x001178e0,0x18
noop_wrapper_f,0x001178e0,0x00117924,0x44
obj_set_fields_e,0x00117928,0x00117968,0x40
get_field_val_f,0x00117968,0x00117970,0x8
get_field_val_g,0x00117970,0x00117978,0x8
get_field_val_n_0,0x00117988,0x00117990,0x8
sub_117990,0x00117990,0x001179dc,0x4c
sub_1179E0,0x001179e0,0x00117a38,0x58
sub_117A38,0x00117a38,0x00117a8c,0x54
sub_117A90,0x00117a90,0x00117b94,0x104
sub_117B98,0x00117b98,0x00117bc4,0x2c
sub_117BC8,0x00117bc8,0x00117c34,0x6c
noop_wrapper_g,0x00117c38,0x00117c58,0x20
sub_117C58,0x00117c58,0x00117de0,0x188
state_byte_transition_q_01,0x00117de0,0x00117f30,0x150
state_byte_transition___50_0,0x00117f30,0x0011807c,0x14c
sub_118080,0x00118080,0x001180e0,0x60
sub_1180E0,0x001180e0,0x00118200,0x120
sub_118200,0x00118200,0x001182f4,0xf4
sub_1182F8,0x001182f8,0x0011846c,0x174
wrap_mem_compare_n,0x00118470,0x00118498,0x28
sub_118498,0x00118498,0x001186c8,0x230
sub_1186C8,0x001186c8,0x001187c4,0xfc
sub_1187C8,0x001187c8,0x0011893c,0x174
sub_118940,0x00118940,0x00118ad4,0x194
sub_118AD8,0x00118ad8,0x00118c74,0x19c
wrap_mem_compare_n_0,0x00118c78,0x00118cdc,0x64
field_type_dispatch_b,0x00118ce0,0x00118d38,0x58
sub_118D38,0x00118d38,0x00118d68,0x30
sub_118D68,0x00118d68,0x00118d94,0x2c
noop_wrapper,0x00118d98,0x00118dac,0x14
noop_wrapper_b,0x00118db0,0x00118dc4,0x14
noop_a,0x00118dc8,0x00118dd0,0x8
noop_b,0x00118dd0,0x00118dd8,0x8
sub_118DD8,0x00118dd8,0x00118f34,0x15c
state_sub_c240_clone_01,0x00118f38,0x00118fb8,0x80
sub_118FB8,0x00118fb8,0x0011905c,0xa4
sub_119060,0x00119060,0x00119160,0x100
sub_119160,0x00119160,0x001191e0,0x80
sub_1191E0,0x001191e0,0x00119258,0x78
sub_119258,0x00119258,0x0011938c,0x134
mem_fill_z_11_0,0x00119390,0x00119458,0xc8
sub_119458,0x00119458,0x001196b8,0x260
sub_1196B8,0x001196b8,0x001198d4,0x21c
sub_1198D8,0x001198d8,0x00119934,0x5c
iop_bind_or_call_clone_01,0x00119938,0x0011998c,0x54
sub_119990,0x00119990,0x00119b6c,0x1dc
noop_wrapper_h,0x0011a280,0x0011a2f0,0x70
wrap_mem_set,0x0011a2f0,0x0011a328,0x38
wrap_mem_set_b,0x0011a328,0x0011a360,0x38
noop_wrapper_i,0x0011a360,0x0011a384,0x24
exception_handler,0x0011a388,0x0011a3dc,0x54
sub_11A3E0,0x0011a3e0,0x0011a450,0x70
sub_11A450,0x0011a450,0x0011a554,0x104
sub_11A558,0x0011a558,0x0011a5e0,0x88
noop_wrapper_j,0x0011a5e0,0x0011a5fc,0x1c
sub_11A600,0x0011a600,0x0011a6d8,0xd8
sub_11A6D8,0x0011a6d8,0x0011a79c,0xc4
noop_sub_a7a0,0x0011a7a0,0x0011a7c8,0x28
cmd_ring_push,0x0011a7c8,0x0011a874,0xac
sub_11A878,0x0011a878,0x0011a8a4,0x2c
sub_11A8A8,0x0011a8a8,0x0011a8f0,0x48
noop_wrapper_k,0x0011a8f0,0x0011a958,0x68
noop_wrapper_l,0x0011a958,0x0011aa5c,0x104
noop_wrapper_m,0x0011aa60,0x0011aac8,0x68
noop_wrapper_n,0x0011aac8,0x0011ae7c,0x3b4
wrap_noop_wrapper,0x0011ae80,0x0011af08,0x88
noop_wrapper_w,0x0011af08,0x0011af44,0x3c
wrap_noop_wrapper_b,0x0011af48,0x0011afd0,0x88
noop_wrapper_x,0x0011afd0,0x0011b020,0x50
wrap_noop_wrapper_c,0x0011b020,0x0011b0a8,0x88
noop_wrapper_y,0x0011b0a8,0x0011b0e8,0x40
noop_sub_b0e8,0x0011b0e8,0x0011b394,0x2ac
noop_wrapper_z,0x0011b398,0x0011b3d8,0x40
noop_wrapper__,0x0011b3d8,0x0011b3fc,0x24
sub_11B400,0x0011b400,0x0011b47c,0x7c
noop_wrapper__,0x0011b480,0x0011b4b8,0x38
noop_wrapper__,0x0011b4b8,0x0011b92c,0x474
noop_wrapper__,0x0011b930,0x0011b968,0x38
get_field_val_o_0,0x0011b968,0x0011b980,0x18
sub_11B980,0x0011b980,0x0011b9d8,0x58
noop_sub_b9d8,0x0011b9d8,0x0011ba6c,0x94
obj_set_fields_f_02,0x0011ba70,0x0011bb20,0xb0
noop_wrapper__,0x0011bb20,0x0011bb68,0x48
sub_11BB68,0x0011bb68,0x0011bc08,0xa0
sub_11BC08,0x0011bc08,0x0011bc88,0x80
noop_wrapper___,0x0011bc88,0x0011bcf0,0x68
noop_sub_bcf0,0x0011bcf0,0x0011bdb0,0xc0
sub_11BDB0,0x0011bdb0,0x0011be84,0xd4
noop_wrapper___,0x0011be88,0x0011bed0,0x48
noop_sub_bed0,0x0011bed0,0x0011bf70,0xa0
state_byte_transition_l_01,0x0011bf70,0x0011bfe0,0x70
noop_wrapper___,0x0011bfe0,0x0011c00c,0x2c
noop_sub_c010,0x0011c010,0x0011c0c4,0xb4
noop_wrapper___,0x0011c0c8,0x0011c0ec,0x24
sub_11C0F0,0x0011c0f0,0x0011c150,0x60
sub_11C150,0x0011c150,0x0011c250,0x100
noop_wrapper___,0x0011c250,0x0011c2a8,0x58
noop_sub_c2a8,0x0011c2a8,0x0011c334,0x8c
noop_wrapper_,0x0011c338,0x0011c390,0x58
noop_wrapper___,0x0011c390,0x0011c3a4,0x14
wrap_noop_wrapper_d,0x0011c3a8,0x0011c400,0x58
sub_11C400,0x0011c400,0x0011c58c,0x18c
noop_wrapper___,0x0011c590,0x0011c5e8,0x58
noop_wrapper___,0x0011c5e8,0x0011c624,0x3c
wrap_noop_wrapper_e,0x0011c628,0x0011c660,0x38
sub_11C660,0x0011c660,0x0011c74c,0xec
noop_wrapper___,0x0011c750,0x0011c788,0x38
sub_11C788,0x0011c788,0x0011c84c,0xc4
sub_11C850,0x0011c850,0x0011c918,0xc8
noop_wrapper___,0x0011c918,0x0011c93c,0x24
sub_11C940,0x0011c940,0x0011c9a0,0x60
noop_wrapper___,0x0011c9a0,0x0011c9f8,0x58
sub_11C9F8,0x0011c9f8,0x0011cb0c,0x114
noop_wrapper___,0x0011cb10,0x0011cb48,0x38
wrap_exception_handler_0,0x0011cb48,0x0011cb78,0x30
noop_wrapper___,0x0011cb78,0x0011cbb0,0x38
sub_11CBB0,0x0011cbb0,0x0011cbf0,0x40
noop_wrapper___,0x0011cbf0,0x0011cc28,0x38
sub_11CC28,0x0011cc28,0x0011cca8,0x80
noop_wrapper___,0x0011cca8,0x0011ccf0,0x48
sub_11CCF0,0x0011ccf0,0x0011cd3c,0x4c
noop_wrapper___,0x0011cd40,0x0011cd78,0x38
wrap_exception_handler_b_0,0x0011cd78,0x0011cda8,0x30
noop_wrapper___,0x0011cda8,0x0011cde0,0x38
wrap_exception_handler_c_0,0x0011cde0,0x0011ce10,0x30
sub_11CE10,0x0011ce10,0x0011ce88,0x78
wrap_noop_wrapper_f,0x0011ce88,0x0011cf00,0x78
noop_wrapper___,0x0011cf00,0x0011cf2c,0x2c
wrap_noop_wrapper_g,0x0011cf30,0x0011cfbc,0x8c
noop_sub_cfc0,0x0011cfc0,0x0011d14c,0x18c
noop_wrapper___,0x0011d150,0x0011d188,0x38
noop_wrapper_j_1,0x0011d188,0x0011d1a0,0x18
noop_wrapper___,0x0011d1a0,0x0011d1d8,0x38
get_field_val_p_0,0x0011d1d8,0x0011d1f0,0x18
noop_wrapper___,0x0011d1f0,0x0011d238,0x48
noop_wrapper___,0x0011d238,0x0011d268,0x30
noop_wrapper___,0x0011d268,0x0011d2a0,0x38
sub_11D2A0,0x0011d2a0,0x0011d300,0x60
noop_wrapper___,0x0011d310,0x0011d34c,0x3c
sub_11D350,0x0011d350,0x0011d384,0x34
noop_wrapper___,0x0011d388,0x0011d3c0,0x38
vtable_dispatch_l_clone_01,0x0011d3c0,0x0011d3f4,0x34
noop_wrapper___,0x0011d3f8,0x0011d430,0x38
noop_wrapper___,0x0011d430,0x0011d464,0x34
wrap_noop_wrapper_h,0x0011d468,0x0011d4a0,0x38
noop_wrapper___,0x0011d4a0,0x0011d4b4,0x14
noop_wrapper,0x0011d4b8,0x0011d4cc,0x14
noop_wrapper_b,0x0011d4d0,0x0011d4e4,0x14
noop_wrapper___,0x0011d4e8,0x0011d50c,0x24
sub_11D510,0x0011d510,0x0011d5bc,0xac
noop_wrapper___,0x0011d5c0,0x0011d5e4,0x24
noop_wrapper___,0x0011d5e8,0x0011d5fc,0x14
wrap_noop_a,0x0011d600,0x0011d638,0x38
global_bool_get,0x0011d638,0x0011d64c,0x14
get_data_ptr_1,0x0011d650,0x0011d65c,0xc
wrap_exception_handler,0x0011d670,0x0011d688,0x18
wrap_exception_handler_b,0x0011d688,0x0011d6a0,0x18
noop_wrapper_,0x0011d6a0,0x0011d6c8,0x28
return_zero_c,0x0011d6c8,0x0011d6e8,0x20
return_zero_d,0x0011d6e8,0x0011d708,0x20
return_zero_e,0x0011d708,0x0011d728,0x20
sub_11D728,0x0011d728,0x0011d898,0x170
noop_wrapper___,0x0011d898,0x0011d8b4,0x1c
sub_11D8B8,0x0011d8b8,0x0011d9e0,0x128
sub_11D9E0,0x0011d9e0,0x0011dbdc,0x1fc
noop_wrapper___,0x0011dbe0,0x0011dc1c,0x3c
noop_wrapper___,0x0011dc20,0x0011dd10,0xf0
noop_wrapper___,0x0011dd10,0x0011dd5c,0x4c
sub_11DD60,0x0011dd60,0x0011de28,0xc8
noop_wrapper___,0x0011de28,0x0011de54,0x2c
noop_sub_de58,0x0011de58,0x0011df04,0xac
wrap_noop_a_b,0x0011df08,0x0011df44,0x3c
wrap_exception_handler_d,0x0011df48,0x0011df78,0x30
noop_wrapper___,0x0011df78,0x0011dfb4,0x3c
noop_wrapper___,0x0011dfb8,0x0011e0e4,0x12c
wrap_noop_a_c,0x0011e0e8,0x0011e134,0x4c
sub_11E138,0x0011e138,0x0011e1e4,0xac
noop_2,0x0011e1e8,0x0011e1f0,0x8
noop_wrapper___,0x0011e1f0,0x0011e228,0x38
noop_wrapper___,0x0011e228,0x0011e260,0x38
noop_wrapper___,0x0011e260,0x0011e28c,0x2c
obj_set_fields_u_1,0x0011e290,0x0011e2d0,0x40
noop_wrapper___,0x0011e2d0,0x0011e2f4,0x24
noop_wrapper___,0x0011e2f8,0x0011e30c,0x14
noop_wrapper_k_2,0x0011e310,0x0011e31c,0xc
sub_11E320,0x0011e320,0x0011e3b0,0x90
sub_11E3B0,0x0011e3b0,0x0011e448,0x98
noop_seq_noop_wrapper___363,0x0011e448,0x0011e4a0,0x58
noop_wrapper___,0x0011e4a0,0x0011e4b4,0x14
wrap_noop_wrapper___364,0x0011e4b8,0x0011e4cc,0x14
wrap_noop_wrapper___365,0x0011e4d0,0x0011e4e4,0x14
wrap_noop_wrapper___366,0x0011e4e8,0x0011e4fc,0x14
wrap_noop_wrapper___367,0x0011e500,0x0011e514,0x14
sub_11E518,0x0011e518,0x0011e52c,0x14
sub_11E530,0x0011e530,0x0011e544,0x14
wrap_noop_wrapper___370,0x0011e548,0x0011e55c,0x14
sub_11E560,0x0011e560,0x0011e598,0x38
sub_11E598,0x0011e598,0x0011e61c,0x84
sub_11E620,0x0011e620,0x0011e690,0x70
noop_sub_e690,0x0011e690,0x0011e774,0xe4
noop_wrapper___,0x0011e778,0x0011e7a0,0x28
noop_wrapper___,0x0011e7a0,0x0011e7c8,0x28
global_inc_get,0x0011e7c8,0x0011e7e0,0x18
wrap_syscall_stub_t,0x0011e7e0,0x0011e838,0x58
sub_11E838,0x0011e838,0x0011e8d0,0x98
sub_11E8D0,0x0011e8d0,0x0011e9d4,0x104
sub_11E9D8,0x0011e9d8,0x0011eac8,0xf0
sub_11EAC8,0x0011eac8,0x0011ec00,0x138
sub_11EC00,0x0011ec00,0x0011ecd4,0xd4
sub_11ECD8,0x0011ecd8,0x0011ed28,0x50
sub_11ED28,0x0011ed28,0x0011ed78,0x50
noop_wrapper_l_2,0x0011ed78,0x0011ed8c,0x14
thread_resume_if_suspended,0x0011ed90,0x0011edf4,0x64
sub_11EDF8,0x0011edf8,0x0011ee58,0x60
sub_11EE58,0x0011ee58,0x0011eefc,0xa4
sub_11EF00,0x0011ef00,0x0011efb8,0xb8
sub_11EFB8,0x0011efb8,0x0011f040,0x88
sub_11F040,0x0011f040,0x0011f0c8,0x88
sub_11F0C8,0x0011f0c8,0x0011f160,0x98
sub_11F160,0x0011f160,0x0011f230,0xd0
get_global_var_b_2,0x0011f230,0x0011f23c,0xc
global_bool_get_b,0x0011f240,0x0011f250,0x10
noop_wrapper___,0x0011f250,0x0011f264,0x14
ADX_Init,0x0011f268,0x0011f3f8,0x190
sub_11F3F8,0x0011f3f8,0x0011f448,0x50
sub_11F448,0x0011f448,0x0011f4dc,0x94
sub_11F4E0,0x0011f4e0,0x0011f5ac,0xcc
sub_11F5B0,0x0011f5b0,0x0011f67c,0xcc
sub_11F680,0x0011f680,0x0011f74c,0xcc
sub_11F750,0x0011f750,0x0011f880,0x130
sub_11F880,0x0011f880,0x0011f94c,0xcc
sub_11F950,0x0011f950,0x0011fa1c,0xcc
noop_wrapper___,0x0011fa20,0x0011fa34,0x14
noop_wrapper___,0x0011fa38,0x0011fa4c,0x14
get_global_var_c_2,0x0011fa50,0x0011fa5c,0xc
sub_11FA60,0x0011fa60,0x0011fb88,0x128
noop_wrapper___,0x0011fb88,0x0011fb9c,0x14
noop_wrapper___,0x0011fba0,0x0011fbb4,0x14
sub_11FBB8,0x0011fbb8,0x0011fc40,0x88
mem_fill_z_12_0,0x0011fc40,0x0011fcbc,0x7c
noop_wrapper___,0x0011fcc0,0x0011fce4,0x24
sub_11FCE8,0x0011fce8,0x0011fd1c,0x34
noop_wrapper_m_2,0x0011fd20,0x0011fd34,0x14
sub_11FD38,0x0011fd38,0x0011fd80,0x48
mem_fill_j_0,0x0011fd80,0x0011fde0,0x60
noop_wrapper___,0x0011fde0,0x0011fdf4,0x14
sub_11FDF8,0x0011fdf8,0x0011fe5c,0x64
wrap_noop_wrapper_i,0x0011fe60,0x0011fe74,0x14
wrap_noop_wrapper_j,0x0011fe78,0x0011fe8c,0x14
sub_11FE90,0x0011fe90,0x0012007c,0x1ec
sub_120080,0x00120080,0x0012012c,0xac
noop_wrapper___,0x00120130,0x00120154,0x24
wrap_sub_120158,0x00120158,0x0012017c,0x24
noop_wrapper_n_1,0x00120180,0x00120198,0x18
sub_1201C0,0x001201c0,0x001201f0,0x30
sub_1201F0,0x001201f0,0x00120220,0x30
sub_120220,0x00120220,0x0012029c,0x7c
sub_1202A0,0x001202a0,0x001202f0,0x50
dat_callback_dispatch_f_clone_01,0x001202f0,0x00120304,0x14
get_global_var_d_0,0x00120308,0x00120314,0xc
wrap_sub_120318,0x00120318,0x00120348,0x30
Debug_Printf_clone_01,0x00120348,0x001203c8,0x80
Debug_Printf_clone_02,0x001203c8,0x00120440,0x78
Debug_Printf,0x00120440,0x001204c0,0x80
noop_wrapper___,0x001204c0,0x001204d4,0x14
vtable_dispatch_01,0x001204d8,0x00120514,0x3c
vtable_dispatch,0x00120518,0x00120554,0x3c
noop_wrapper___,0x00120558,0x0012058c,0x34
noop_wrapper___,0x00120590,0x001205c4,0x34
noop_wrapper___,0x001205c8,0x001205dc,0x14
noop_wrapper_o_1,0x001205e0,0x001205f4,0x14
noop_wrapper_p_1,0x001205f8,0x0012060c,0x14
sub_120610,0x00120610,0x00120628,0x18
noop_wrapper___,0x00120628,0x00120640,0x18
get_field_val_q_0,0x00120640,0x00120658,0x18
noop_wrapper___,0x00120658,0x00120670,0x18
noop_wrapper___,0x00120670,0x00120684,0x14
noop_wrapper_q_1,0x00120688,0x0012069c,0x14
dat_callback_dispatch_f_clone_02,0x001206a0,0x001206b4,0x14
noop_wrapper___,0x001206b8,0x001206cc,0x14
noop_wrapper___,0x001206d0,0x001206e4,0x14
noop,0x001206e8,0x001206f0,0x8
noop_wrapper___,0x001206f0,0x00120704,0x14
wrap_sub_120708,0x00120708,0x00120740,0x38
noop_wrapper___,0x00120740,0x00120754,0x14
noop_wrapper_r_2,0x00120758,0x0012076c,0x14
noop_wrapper___,0x00120770,0x00120784,0x14
noop_wrapper___,0x00120788,0x0012079c,0x14
noop_wrapper___,0x001207a0,0x001207b4,0x14
noop_wrapper___,0x001207b8,0x001207cc,0x14
noop_wrapper___,0x001207d0,0x001207e4,0x14
sub_1207E8,0x001207e8,0x0012081c,0x34
noop_wrapper___,0x00120820,0x00120834,0x14
noop_wrapper_s_1,0x00120838,0x0012084c,0x14
noop_wrapper___,0x00120850,0x00120864,0x14
noop_wrapper___,0x00120868,0x0012087c,0x14
noop_wrapper___,0x00120880,0x00120894,0x14
noop_wrapper___,0x00120898,0x001208ac,0x14
noop_wrapper___,0x001208b0,0x001208c4,0x14
noop_wrapper___,0x001208c8,0x001208dc,0x14
state_guarded_get,0x001208e0,0x001208f4,0x14
state_guarded_get_b,0x001208f8,0x0012090c,0x14
state_guarded_get_c,0x00120910,0x00120924,0x14
state_guarded_get_d,0x00120928,0x0012093c,0x14
return_const_16,0x00120940,0x00120954,0x14
noop_wrapper___,0x00120958,0x0012096c,0x14
noop_b_2,0x00120970,0x00120978,0x8
noop_c_2,0x00120978,0x00120980,0x8
noop_wrapper___,0x00120980,0x00120994,0x14
noop_wrapper___,0x00120998,0x001209ac,0x14
noop_b,0x001209b0,0x001209b8,0x8
noop_d_1,0x001209b8,0x001209c0,0x8
return_zero_f,0x001209c0,0x001209e0,0x20
global_inc_get_b,0x001209e0,0x001209f8,0x18
global_dec_get,0x001209f8,0x00120a10,0x18
noop_wrapper___,0x00120a10,0x00120a24,0x14
noop_wrapper___,0x00120a28,0x00120a3c,0x14
wrap_mem_set_c,0x00120a40,0x00120a94,0x54
noop_wrapper_t_1,0x00120a98,0x00120ae0,0x48
obj_set_fields_d_3,0x00120ae0,0x00120b1c,0x3c
sub_120B20,0x00120b20,0x00120c8c,0x16c
sub_120C90,0x00120c90,0x00120cf0,0x60
get_field_val_h,0x00120cf0,0x00120cf8,0x8
wrap_obj_set_field_pair_p_clone_03,0x00120cf8,0x00120d38,0x40
obj_set_fields_c_1,0x00120d48,0x00120d88,0x40
wrap_sub_115368,0x00120d88,0x00120db4,0x2c
noop_wrapper___,0x00120db8,0x00120de4,0x2c
noop_wrapper___,0x00120de8,0x00120e14,0x2c
sub_120E18,0x00120e18,0x00121120,0x308
sub_121120,0x00121120,0x00121240,0x120
sub_121240,0x00121240,0x001215cc,0x38c
sub_1215D0,0x001215d0,0x001217b4,0x1e4
sub_1217B8,0x001217b8,0x00121844,0x8c
sub_121848,0x00121848,0x001218f8,0xb0
sub_1218F8,0x001218f8,0x0012199c,0xa4
sub_1219A0,0x001219a0,0x00121aec,0x14c
sub_121AF0,0x00121af0,0x00121c2c,0x13c
sub_121C30,0x00121c30,0x00121c90,0x60
get_field_val_i,0x00121c90,0x00121c98,0x8
get_field_val_j,0x00121c98,0x00121ca0,0x8
noop_wrapper___,0x00121ca0,0x00121cb8,0x18
obj_set_field_byte_b,0x00121cb8,0x00121cc0,0x8
get_field_val_r_0,0x00121cc0,0x00121cc8,0x8
get_field_val_s_0,0x00121cd0,0x00121cd8,0x8
noop_wrapper___,0x00121cd8,0x00121cf0,0x18
noop_wrapper___,0x00121cf0,0x00121d04,0x14
sub_121D08,0x00121d08,0x00121d20,0x18
noop_wrapper___,0x00121d20,0x00121d50,0x30
noop_wrapper_u_1,0x00121d50,0x00121d68,0x18
sub_121D68,0x00121d68,0x00121dc8,0x60
obj_set_field_pair_f,0x00121dd8,0x00121de4,0xc
obj_set_field_byte_c,0x00121de8,0x00121df0,0x8
get_field_val_t_0,0x00121df0,0x00121df8,0x8
obj_set_field_byte_d,0x00121df8,0x00121e00,0x8
get_field_val_u_0,0x00121e00,0x00121e08,0x8
obj_set_field_byte_e,0x00121e08,0x00121e10,0x8
get_field_val_v_0,0x00121e10,0x00121e18,0x8
noop_wrapper___,0x00121e18,0x00121e30,0x18
noop_sub_1e30,0x00121e30,0x00121e48,0x18
noop_wrapper___,0x00121e48,0x00121e60,0x18
noop_wrapper___,0x00121e60,0x00121e78,0x18
get_field_val_w_0,0x00121e78,0x00121e90,0x18
wrap_get_field_val_j_0,0x00121e90,0x00121ea8,0x18
noop_wrapper___,0x00121ea8,0x00121ec0,0x18
wrap_get_field_val_k_0,0x00121ec0,0x00121ed8,0x18
get_field_val_x_0,0x00121ed8,0x00121ef0,0x18
wrap_get_field_val_l_0,0x00121ef0,0x00121f08,0x18
get_field_val_y_0,0x00121f08,0x00121f20,0x18
vtable_dispatch_l_clone_02,0x00121f20,0x00121f4c,0x2c
get_field_val_z_0,0x00121f50,0x00121f68,0x18
get_field_val_z_1,0x00121f68,0x00121f80,0x18
noop_wrapper___,0x00121f80,0x00121f98,0x18
sub_121F98,0x00121f98,0x00121ff0,0x58
sub_121FF0,0x00121ff0,0x00122054,0x64
noop_wrapper___,0x00122058,0x001220b0,0x58
get_field_val_z_2,0x001220b0,0x001220b8,0x8
wrap_get_field_val_i_2,0x001220b8,0x001220d0,0x18
get_field_ptr,0x001220d0,0x001220d8,0x8
noop_wrapper___,0x001220d8,0x001220f0,0x18
noop_wrapper___,0x001220f0,0x00122108,0x18
get_field_val_k,0x00122110,0x00122118,0x8
return_zero_c_0,0x00122118,0x00122120,0x8
dat_callback_dispatch_b,0x00122138,0x0012216c,0x34
return_zero_g,0x00122170,0x0012218c,0x1c
return_zero_h,0x00122190,0x001221ac,0x1c
sub_1221B0,0x001221b0,0x00122364,0x1b4
noop_wrapper___,0x00122368,0x001223d4,0x6c
return_const_256,0x001223f8,0x00122400,0x8
get_data_ptr_b_0,0x00122400,0x0012240c,0xc
sub_122410,0x00122410,0x00122440,0x30
sub_122440,0x00122440,0x00122598,0x158
noop_wrapper___,0x00122598,0x001225fc,0x64
byteswap_write,0x00122600,0x001227bc,0x1bc
wrap_mem_set_d,0x001227c0,0x001227e4,0x24
sub_1227E8,0x001227e8,0x00122848,0x60
wrap_mem_set_e,0x00122848,0x0012287c,0x34
obj_set_field_pair_g,0x00122880,0x0012288c,0xc
obj_set_field_pair_h,0x00122890,0x0012289c,0xc
noop_wrapper_b_4,0x001228a0,0x001228b4,0x14
sub_1228B8,0x001228b8,0x00122930,0x78
obj_sub_2930,0x00122930,0x001229cc,0x9c
wrap_mem_set_f,0x001229d0,0x00122a04,0x34
obj_set_field_pair_i,0x00122a08,0x00122a14,0xc
wrap_obj_set_field_pair_i,0x00122a18,0x00122a70,0x58
obj_set_field_pair_j,0x00122a70,0x00122a7c,0xc
vtable_sub_efc0_clone_01,0x00122a80,0x00122b64,0xe4
str_copy_n_02,0x00122b68,0x00122bfc,0x94
sub_122C00,0x00122c00,0x00122c1c,0x1c
noop_wrapper_v_1,0x00122c38,0x00122c44,0xc
sub_122C48,0x00122c48,0x00122db4,0x16c
sub_122DB8,0x00122db8,0x00123018,0x260
sub_123018,0x00123018,0x0012329c,0x284
CAppOptionModeMain_Begin_clone_01,0x001232a0,0x00123460,0x1c0
sub_123460,0x00123460,0x00123590,0x130
sub_123590,0x00123590,0x00123640,0xb0
sub_123640,0x00123640,0x0012373c,0xfc
sub_123740,0x00123740,0x00123e94,0x754
wrap_mem_set_g,0x00123e98,0x00123eec,0x54
wrap_return_zero_h,0x00123ef0,0x00123f48,0x58
sub_123F48,0x00123f48,0x00124118,0x1d0
sub_124118,0x00124118,0x00124180,0x68
get_field_val_z_3,0x00124180,0x00124188,0x8
sub_124188,0x00124188,0x001242ac,0x124
noop_wrapper_w_1,0x001242b0,0x001242bc,0xc
obj_set_field_byte_f,0x001242c0,0x001242c8,0x8
obj_set_field_byte_g,0x001242d0,0x001242d8,0x8
obj_set_fields_f,0x001242e0,0x00124344,0x64
obj_set_field_pair_k,0x00124350,0x0012435c,0xc
sub_1243F0,0x001243f0,0x00124458,0x68
obj_set_fields_g,0x00124458,0x001244d4,0x7c
obj_set_fields_h,0x001244d8,0x00124528,0x50
noop_seq_obj_set_field_byte_g,0x00124578,0x001245d4,0x5c
obj_set_fields_c_01,0x001245d8,0x0012463c,0x64
get_field_val_z_4,0x00124640,0x00124648,0x8
get_field_val_z_5,0x00124648,0x00124650,0x8
get_field_val_z_6,0x00124658,0x00124660,0x8
sub_124688,0x00124688,0x001247f4,0x16c
sub_1247F8,0x001247f8,0x0012488c,0x94
sub_124890,0x00124890,0x001248d0,0x40
sub_1248D0,0x001248d0,0x00124930,0x60
noop_wrapper_x_2,0x00124960,0x001249a8,0x48
noop_e_0,0x001249a8,0x001249b0,0x8
noop_wrapper_y_1,0x001249b0,0x001249fc,0x4c
sub_124A00,0x00124a00,0x00124b08,0x108
sub_124B08,0x00124b08,0x00124bdc,0xd4
sub_124BE0,0x00124be0,0x00124cb0,0xd0
noop_wrapper___,0x00124cb0,0x00124cf8,0x48
noop_wrapper___,0x00124cf8,0x00124d3c,0x44
noop_wrapper___,0x00124d40,0x00124d6c,0x2c
sub_124D70,0x00124d70,0x00124dc8,0x58
noop_wrapper___,0x00124dc8,0x00124e34,0x6c
obj_set_fields_i,0x00124e38,0x00124eac,0x74
noop_wrapper___,0x00124eb0,0x00124f1c,0x6c
sub_124F20,0x00124f20,0x00124f58,0x38
noop_wrapper___,0x00124f58,0x00124f84,0x2c
obj_set_fields_j,0x00124f88,0x00124fc8,0x40
noop_wrapper___,0x00124fc8,0x00124ff4,0x2c
sub_124FF8,0x00124ff8,0x00125044,0x4c
get_field_val_z_7,0x00125048,0x00125050,0x8
noop_wrapper_c,0x00125050,0x00125088,0x38
get_field_val_l,0x00125088,0x00125090,0x8
noop_wrapper_d,0x00125090,0x001250d8,0x48
obj_set_field_pair_l,0x001250d8,0x001250f4,0x1c
noop_wrapper___,0x001250f8,0x00125130,0x38
obj_set_field_pair_c_0_clone_03,0x00125130,0x00125148,0x18
noop_sub_5148,0x00125148,0x00125180,0x38
noop_wrapper___,0x00125180,0x001251b8,0x38
noop_wrapper___,0x001251b8,0x001251f8,0x40
noop_wrapper___,0x001251f8,0x00125240,0x48
noop_wrapper___,0x00125240,0x00125284,0x44
noop_wrapper___,0x00125288,0x001252b4,0x2c
obj_set_fields_5,0x001252b8,0x00125320,0x68
noop_wrapper___,0x00125320,0x0012534c,0x2c
sub_125350,0x00125350,0x001253a0,0x50
noop_wrapper___,0x001253a0,0x001253ec,0x4c
obj_set_field_pair_m,0x001253f0,0x001253fc,0xc
noop_wrapper___,0x00125400,0x0012543c,0x3c
noop_wrapper_z_1,0x00125440,0x00125458,0x18
global_inc_get_c,0x00125458,0x00125470,0x18
sub_125470,0x00125470,0x00125894,0x424
sub_125898,0x00125898,0x00125b2c,0x294
noop_wrapper___,0x00125b30,0x00125b54,0x24
sub_125B58,0x00125b58,0x00125bd4,0x7c
noop_wrapper___,0x00125bd8,0x00125bfc,0x24
noop_wrapper___,0x00125c00,0x00125c14,0x14
wrap_noop_wrapper_c_b,0x00125c18,0x00125c60,0x48
noop_wrapper___,0x00125c60,0x00125c8c,0x2c
noop_wrapper___,0x00125c90,0x00125ce8,0x58
noop_wrapper_z_2,0x00125ce8,0x00125d00,0x18
noop_wrapper___,0x00125d00,0x00125d38,0x38
get_field_val_m,0x00125d38,0x00125d40,0x8
noop_wrapper___,0x00125d40,0x00125d98,0x58
obj_set_field_pair_n,0x00125d98,0x00125da8,0x10
noop_wrapper___,0x00125da8,0x00125df0,0x48
obj_set_field_byte_h,0x00125df0,0x00125dfc,0xc
noop_f_0,0x00125e00,0x00125e08,0x8
noop_wrapper___,0x00125e08,0x00125e40,0x38
get_field_val_n,0x00125e40,0x00125e48,0x8
noop_wrapper___,0x00125e48,0x00125e80,0x38
get_field_val_o,0x00125e80,0x00125e88,0x8
noop_wrapper___,0x00125e88,0x00125ec0,0x38
noop_wrapper___,0x00125ec0,0x00125ed4,0x14
noop_wrapper___,0x00125ed8,0x00125f10,0x38
noop_wrapper___,0x00125f10,0x00125f24,0x14
noop_wrapper___,0x00125f28,0x00125f64,0x3c
obj_set_field_byte_i,0x00125f68,0x00125f70,0x8
noop_wrapper___,0x00125f70,0x00125fa8,0x38
get_field_val_p,0x00125fa8,0x00125fb0,0x8
noop_wrapper___,0x00125fb0,0x00125fdc,0x2c
noop_wrapper___,0x00125ff0,0x00126038,0x48
sub_126038,0x00126038,0x00126090,0x58
noop_wrapper___,0x00126090,0x001260d8,0x48
noop_wrapper___,0x001260d8,0x00126104,0x2c
noop_wrapper___,0x00126108,0x00126144,0x3c
sub_126148,0x00126148,0x001261c8,0x80
noop_wrapper___,0x001261c8,0x00126204,0x3c
obj_set_field_pair_o,0x00126208,0x00126218,0x10
noop_wrapper___,0x00126218,0x00126254,0x3c
noop_wrapper___,0x00126258,0x00126274,0x1c
wrap_noop_a_d,0x00126278,0x001262a4,0x2c
noop_wrapper_z_3,0x001262a8,0x001262b4,0xc
noop_wrapper___,0x001262b8,0x001262f0,0x38
get_global_var_e_0,0x001262f0,0x001262fc,0xc
noop_wrapper___,0x00126300,0x00126338,0x38
get_field_val_z_8,0x00126338,0x00126344,0xc
noop_wrapper___,0x00126348,0x00126380,0x38
get_field_val_q,0x00126380,0x00126388,0x8
noop_wrapper___,0x00126388,0x001263b4,0x2c
sub_1263B8,0x001263b8,0x00126440,0x88
noop_wrapper_c,0x00126440,0x00126454,0x14
noop_wrapper_d,0x00126458,0x0012646c,0x14
noop_wrapper___,0x00126470,0x00126484,0x14
noop_wrapper_c,0x00126488,0x0012649c,0x14
noop_wrapper_d,0x001264a0,0x001264b4,0x14
wrap_exception_handler_e,0x001264b8,0x001264d0,0x18
sub_1264D0,0x001264d0,0x001265d0,0x100
sub_1265D0,0x001265d0,0x0012662c,0x5c
sub_126630,0x00126630,0x00126694,0x64
sub_126698,0x00126698,0x001266fc,0x64
wrap_noop_wrapper___267,0x00126700,0x00126714,0x14
sub_126718,0x00126718,0x0012672c,0x14
get_global_var_f_0,0x00126730,0x00126744,0x14
wrap_noop_wrapper___268,0x00126748,0x0012675c,0x14
wrap_str_format_into_buf_b_01,0x00126760,0x001267ac,0x4c
wrap_str_format_into_buf_0,0x001267b0,0x001267fc,0x4c
wrap_str_format_into_buf_01,0x00126800,0x0012684c,0x4c
get_global_var_g_0,0x00126860,0x0012686c,0xc
noop_wrapper___,0x00126870,0x00126884,0x14
get_global_var_h_0,0x00126888,0x0012689c,0x14
get_global_var_i_0,0x001268a0,0x001268b4,0x14
get_global_var_j_0,0x001268b8,0x001268cc,0x14
get_global_var_k_0,0x001268d0,0x001268e4,0x14
wrap_exception_handler_f,0x001268e8,0x00126900,0x18
sub_126900,0x00126900,0x00126a18,0x118
sub_126A18,0x00126a18,0x00126a64,0x4c
noop_wrapper___,0x00126a68,0x00126a7c,0x14
sub_126A80,0x00126a80,0x00126acc,0x4c
get_global_var_l_0,0x00126ad0,0x00126adc,0xc
noop_wrapper___,0x00126af0,0x00126b1c,0x2c
noop_wrapper___,0x00126b20,0x00126b34,0x14
wrap_noop_a_e,0x00126b38,0x00126b70,0x38
noop_wrapper___,0x00126b70,0x00126b84,0x14
noop_seq_state_guarded_get_z_1,0x00126b88,0x00126c84,0xfc
noop_wrapper___,0x00126c88,0x00126ce0,0x58
noop_sub_6ce0,0x00126ce0,0x00126ff8,0x318
noop_wrapper___,0x00126ff8,0x00127040,0x48
noop_wrapper___,0x00127040,0x00127094,0x54
dat_callback_dispatch_c,0x00127098,0x001270c0,0x28
dat_callback_dispatch_d,0x001270c0,0x001270e8,0x28
dat_callback_dispatch_e,0x001270e8,0x00127110,0x28
noop_wrapper___,0x00127110,0x0012713c,0x2c
noop_sub_7140,0x00127140,0x00127314,0x1d4
noop_wrapper___,0x00127318,0x0012733c,0x24
noop_sub_7340,0x00127340,0x001273a0,0x60
noop_wrapper___,0x001273a0,0x001273c4,0x24
noop_wrapper___,0x001273c8,0x001273dc,0x14
noop_sub_73e0,0x001273e0,0x001274e8,0x108
noop_seq_noop_wrapper___131,0x001274e8,0x001275b4,0xcc
noop_wrapper___,0x001275b8,0x001275f4,0x3c
sub_1275F8,0x001275f8,0x0012767c,0x84
noop_wrapper___,0x00127680,0x001276ac,0x2c
noop_sub_76b0,0x001276b0,0x00127750,0xa0
noop_wrapper___,0x00127750,0x0012777c,0x2c
noop_sub_7780,0x00127780,0x00127840,0xc0
noop_wrapper___,0x00127840,0x00127878,0x38
wrap_exception_handler_c_0_clone_01,0x00127878,0x001278a8,0x30
noop_wrapper___,0x001278a8,0x001278d4,0x2c
sub_1278D8,0x001278d8,0x00127910,0x38
noop_wrapper___,0x00127910,0x0012795c,0x4c
sub_127960,0x00127960,0x00127a28,0xc8
noop_wrapper___,0x00127a28,0x00127a74,0x4c
noop_sub_7a78,0x00127a78,0x00127ba4,0x12c
global_inc_get_d,0x00127ba8,0x00127bc0,0x18
noop_wrapper___,0x00127bc0,0x00127c0c,0x4c
noop_sub_7c10,0x00127c10,0x00127f04,0x2f4
noop_wrapper___,0x00127f08,0x00127f40,0x38
noop_wrapper___,0x00127f40,0x00127f90,0x50
noop_wrapper___,0x00127f90,0x00127fc8,0x38
sub_127FC8,0x00127fc8,0x00128014,0x4c
noop_wrapper___,0x00128018,0x00128050,0x38
sub_128050,0x00128050,0x0012809c,0x4c
noop_wrapper___,0x001280a0,0x001280d8,0x38
sub_1280D8,0x001280d8,0x00128124,0x4c
noop_wrapper___,0x00128128,0x00128160,0x38
sub_128160,0x00128160,0x001281ac,0x4c
noop_wrapper___,0x001281b0,0x001281e8,0x38
sub_1281E8,0x001281e8,0x00128234,0x4c
noop_wrapper___,0x00128238,0x00128284,0x4c
sub_128288,0x00128288,0x0012839c,0x114
noop_wrapper___,0x001283a0,0x001283e8,0x48
wrap_exception_handler_g,0x001283e8,0x00128424,0x3c
noop_wrapper___,0x00128428,0x00128464,0x3c
obj_set_fields_e_3,0x00128468,0x001284ec,0x84
noop_wrapper___,0x001284f0,0x00128528,0x38
sub_128528,0x00128528,0x00128558,0x30
noop_wrapper___,0x00128558,0x00128594,0x3c
sub_128598,0x00128598,0x00128608,0x70
noop_wrapper___,0x00128608,0x00128640,0x38
sub_128640,0x00128640,0x00128670,0x30
noop_wrapper___,0x00128670,0x001286a8,0x38
noop_wrapper___,0x001286a8,0x001286c4,0x1c
noop_wrapper___,0x001286c8,0x00128710,0x48
noop_wrapper___,0x00128710,0x0012872c,0x1c
noop_wrapper___,0x00128730,0x00128768,0x38
noop_wrapper___,0x00128768,0x00128780,0x18
noop_wrapper___,0x00128780,0x001287b8,0x38
noop_wrapper___,0x001287b8,0x00128800,0x48
noop_wrapper___,0x00128800,0x0012883c,0x3c
wrap_noop_a_f,0x00128840,0x00128878,0x38
obj_set_field_byte_j,0x00128878,0x00128880,0x8
get_field_val_z_9,0x00128880,0x00128888,0x8
noop_wrapper___,0x00128888,0x001288b4,0x2c
noop_wrapper_z_4,0x001288b8,0x001288cc,0x14
noop_wrapper___,0x001288d0,0x0012890c,0x3c
sub_128910,0x00128910,0x00128948,0x38
noop_wrapper___,0x00128948,0x001289a4,0x5c
sub_1289A8,0x001289a8,0x00128a58,0xb0
noop_wrapper___,0x00128a58,0x00128a84,0x2c
sub_128A88,0x00128a88,0x00128b04,0x7c
noop_wrapper___,0x00128b08,0x00128b44,0x3c
sub_128B48,0x00128b48,0x00128ba0,0x58
get_field_val_z_10,0x00128ba0,0x00128ba8,0x8
noop_wrapper___,0x00128ba8,0x00128be0,0x38
sub_128BE0,0x00128be0,0x00128c40,0x60
noop_wrapper___,0x00128c40,0x00128c88,0x48
noop_sub_8c88,0x00128c88,0x00128cf0,0x68
noop_wrapper___,0x00128cf0,0x00128d30,0x40
sub_128D30,0x00128d30,0x00128e14,0xe4
noop_wrapper___,0x00128e18,0x00128e50,0x38
sub_128E50,0x00128e50,0x00128ebc,0x6c
noop_wrapper___,0x00128ec0,0x00128efc,0x3c
obj_set_field_byte_k,0x00128f00,0x00128f08,0x8
noop_wrapper___,0x00128f08,0x00128f40,0x38
wrap_exception_handler_h,0x00128f40,0x00128f78,0x38
noop_wrapper___,0x00128f78,0x00128f9c,0x24
sub_128FA0,0x00128fa0,0x0012908c,0xec
wrap_noop_a_g,0x00129090,0x001290b4,0x24
noop_wrapper_z_5,0x001290b8,0x001290cc,0x14
noop_wrapper___,0x001290d0,0x00129108,0x38
sub_129108,0x00129108,0x00129138,0x30
noop_wrapper___,0x00129138,0x00129164,0x2c
obj_set_fields_k,0x00129168,0x001291a4,0x3c
noop_wrapper___,0x001291a8,0x001291e0,0x38
wrap_exception_handler_i,0x001291e0,0x00129210,0x30
noop_wrapper___,0x00129210,0x0012924c,0x3c
sub_129250,0x00129250,0x0012937c,0x12c
noop_wrapper___,0x00129380,0x001293b8,0x38
wrap_exception_handler_j,0x001293b8,0x001293e8,0x30
noop_wrapper___,0x001293e8,0x00129424,0x3c
sub_129428,0x00129428,0x00129458,0x30
noop_wrapper___,0x00129458,0x00129490,0x38
wrap_exception_handler_c_0_clone_02,0x00129490,0x001294c0,0x30
noop_wrapper___,0x001294c0,0x001294fc,0x3c
sub_129500,0x00129500,0x0012962c,0x12c
noop_wrapper___,0x00129630,0x00129668,0x38
wrap_exception_handler_c_0_clone_03,0x00129668,0x00129698,0x30
noop_wrapper___,0x00129698,0x001296c4,0x2c
noop_wrapper___,0x001296c8,0x001296dc,0x14
wrap_noop_a_h,0x001296e0,0x00129718,0x38
noop_wrapper___,0x00129718,0x0012972c,0x14
noop_c,0x00129730,0x00129738,0x8
noop_d,0x00129738,0x00129740,0x8
noop_wrapper___,0x00129740,0x00129778,0x38
get_field_val_r,0x00129778,0x00129780,0x8
noop_wrapper___,0x00129780,0x001297ac,0x2c
noop_wrapper___,0x001297b0,0x001297c8,0x18
noop_g_0,0x001297c8,0x001297d0,0x8
return_zero_d_0,0x001297d0,0x001297d8,0x8
noop_h_0,0x001297d8,0x001297e0,0x8
noop_i_0,0x001297e0,0x001297e8,0x8
noop_j_0,0x001297e8,0x001297f0,0x8
noop_k_0,0x001297f0,0x001297f8,0x8
noop_wrapper___,0x001297f8,0x0012980c,0x14
noop_wrapper___,0x00129810,0x00129858,0x48
sub_129858,0x00129858,0x0012993c,0xe4
noop_wrapper___,0x00129940,0x00129978,0x38
get_field_val_s,0x00129978,0x00129980,0x8
noop_wrapper___,0x00129980,0x001299bc,0x3c
obj_set_field_byte_l,0x001299c0,0x001299c8,0x8
noop_wrapper___,0x001299c8,0x00129a10,0x48
noop_wrapper___,0x00129a10,0x00129a28,0x18
noop_wrapper___,0x00129a28,0x00129a64,0x3c
noop_sub_9a68,0x00129a68,0x00129a9c,0x34
noop_wrapper___,0x00129aa0,0x00129ad8,0x38
get_field_val_t,0x00129ad8,0x00129ae0,0x8
noop_wrapper___,0x00129ae0,0x00129b2c,0x4c
noop_wrapper___,0x00129b30,0x00129b48,0x18
noop_wrapper___,0x00129b48,0x00129b80,0x38
noop_wrapper___,0x00129b80,0x00129bb8,0x38
noop_wrapper___,0x00129bb8,0x00129bf0,0x38
noop_wrapper___,0x00129bf0,0x00129c28,0x38
noop_wrapper___,0x00129c28,0x00129c74,0x4c
noop_wrapper___,0x00129c78,0x00129ca8,0x30
sub_129CA8,0x00129ca8,0x00129d40,0x98
sub_129D40,0x00129d40,0x00129d80,0x40
noop_wrapper___,0x00129d80,0x00129dd8,0x58
sub_129DD8,0x00129dd8,0x00129f7c,0x1a4
sub_129F80,0x00129f80,0x0012a038,0xb8
noop_wrapper___,0x0012a038,0x0012a074,0x3c
noop_wrapper___,0x0012a078,0x0012a0a8,0x30
noop_wrapper___,0x0012a0a8,0x0012a0d4,0x2c
noop_wrapper___,0x0012a0d8,0x0012a0ec,0x14
noop_wrapper___,0x0012a0f0,0x0012a128,0x38
get_field_val_u,0x0012a128,0x0012a130,0x8
noop_wrapper___,0x0012a130,0x0012a16c,0x3c
noop_wrapper___,0x0012a170,0x0012a188,0x18
noop_wrapper___,0x0012a188,0x0012a1c4,0x3c
noop_wrapper_z_6,0x0012a1c8,0x0012a1e0,0x18
noop_wrapper___,0x0012a1e0,0x0012a218,0x38
noop_wrapper___,0x0012a218,0x0012a230,0x18
noop_wrapper___,0x0012a230,0x0012a27c,0x4c
sub_12A280,0x0012a280,0x0012a378,0xf8
noop_wrapper___,0x0012a378,0x0012a3d4,0x5c
obj_set_fields_f_5,0x0012a3d8,0x0012a48c,0xb4
wrap_noop_a_i,0x0012a490,0x0012a4cc,0x3c
wrap_obj_set_fields_f_5,0x0012a4d0,0x0012a4f0,0x20
noop_wrapper___,0x0012a4f0,0x0012a52c,0x3c
noop_wrapper___,0x0012a530,0x0012a670,0x140
noop_wrapper___,0x0012a670,0x0012a6bc,0x4c
sub_12A6C0,0x0012a6c0,0x0012a830,0x170
noop_wrapper___,0x0012a830,0x0012a86c,0x3c
sub_12A870,0x0012a870,0x0012a8ec,0x7c
sub_12A8F0,0x0012a8f0,0x0012a9a8,0xb8
sub_12A9A8,0x0012a9a8,0x0012ab40,0x198
sub_12AB40,0x0012ab40,0x0012ac08,0xc8
wrap_noop_wrapper___100,0x0012ac08,0x0012ac70,0x68
sub_12AC70,0x0012ac70,0x0012af54,0x2e4
sub_12AF58,0x0012af58,0x0012b364,0x40c
sub_12B380,0x0012b380,0x0012b4fc,0x17c
sub_12B500,0x0012b500,0x0012b5fc,0xfc
sub_12B600,0x0012b600,0x0012b804,0x204
noop_e,0x0012b808,0x0012b810,0x8
sub_12B810,0x0012b810,0x0012b8fc,0xec
state_byte_transition_b_0,0x0012b900,0x0012bb4c,0x24c
CAppMain_Ctor_clone_01,0x0012bb50,0x0012bbd0,0x80
sub_12BBD0,0x0012bbd0,0x0012bc68,0x98
noop_wrapper___,0x0012bc68,0x0012bc94,0x2c
state_byte_transition_b,0x0012bc98,0x0012bd5c,0xc4
wrap_noop_a_j,0x0012bd60,0x0012bd98,0x38
sub_12BD98,0x0012bd98,0x0012be04,0x6c
wrap_mem_set_h,0x0012be08,0x0012be2c,0x24
noop_wrapper_z_7,0x0012be30,0x0012be54,0x24
sub_12BE58,0x0012be58,0x0012bf24,0xcc
noop_wrapper___,0x0012bf28,0x0012bf4c,0x24
obj_set_fields_l,0x0012bf50,0x0012bf74,0x24
sub_12BF78,0x0012bf78,0x0012bf9c,0x24
obj_set_fields_m,0x0012bfa0,0x0012bfb0,0x10
wrap_mem_set_i,0x0012bfd0,0x0012c004,0x34
get_field_val,0x0012c010,0x0012c018,0x8
obj_set_fields_n,0x0012c018,0x0012c048,0x30
obj_set_fields_o,0x0012c048,0x0012c078,0x30
obj_set_fields_p,0x0012c078,0x0012c0a8,0x30
wrap_mem_set_j,0x0012c0c8,0x0012c0ec,0x24
obj_set_field_pair_p,0x0012c0f0,0x0012c108,0x18
get_field_val_v,0x0012c108,0x0012c110,0x8
sub_12C110,0x0012c110,0x0012c120,0x10
wrap_obj_update_curve_interp_d_clone_01,0x0012c120,0x0012c214,0xf4
sub_12C218,0x0012c218,0x0012c278,0x60
wrap_mem_set_k,0x0012c278,0x0012c2f8,0x80
sub_12C310,0x0012c310,0x0012c360,0x50
sub_12C360,0x0012c360,0x0012c3f8,0x98
sub_12C3F8,0x0012c3f8,0x0012c46c,0x74
sub_12C470,0x0012c470,0x0012c4c0,0x50
dat_callback_dispatch_f,0x0012c4c0,0x0012c4ec,0x2c
debug_log,0x0012c4f0,0x0012c514,0x24
sub_12C518,0x0012c518,0x0012c5dc,0xc4
sub_12C5E0,0x0012c5e0,0x0012c6e4,0x104
sub_12C6E8,0x0012c6e8,0x0012c778,0x90
sub_12C778,0x0012c778,0x0012c84c,0xd4
sub_12C850,0x0012c850,0x0012c8e8,0x98
sub_12C8E8,0x0012c8e8,0x0012c948,0x60
sub_12C948,0x0012c948,0x0012ca1c,0xd4
sub_12CA20,0x0012ca20,0x0012cae4,0xc4
sub_12CAE8,0x0012cae8,0x0012cb64,0x7c
get_data_ptr_2,0x0012cb68,0x0012cb74,0xc
sub_12CB78,0x0012cb78,0x0012cc20,0xa8
sub_12CC20,0x0012cc20,0x0012cd48,0x128
sub_12CD48,0x0012cd48,0x0012cdac,0x64
noop_wrapper_z_8,0x0012cdb0,0x0012cdbc,0xc
str_copy_n,0x0012cdc0,0x0012cf04,0x144
blend_state_is_idle_clone_02,0x0012cf08,0x0012cf6c,0x64
sub_12CF70,0x0012cf70,0x0012cfe4,0x74
sub_12CFE8,0x0012cfe8,0x0012d050,0x68
sub_12D050,0x0012d050,0x0012d0b8,0x68
sub_12D0B8,0x0012d0b8,0x0012d120,0x68
sub_12D120,0x0012d120,0x0012d184,0x64
sub_12D188,0x0012d188,0x0012d1e0,0x58
sub_12D1E0,0x0012d1e0,0x0012d23c,0x5c
sub_12D240,0x0012d240,0x0012d2a4,0x64
noop_sub_d2a8,0x0012d2a8,0x0012d364,0xbc
sub_12D368,0x0012d368,0x0012d434,0xcc
sub_12D438,0x0012d438,0x0012d494,0x5c
sub_12D498,0x0012d498,0x0012d4f0,0x58
sub_12D4F0,0x0012d4f0,0x0012d630,0x140
sub_12D630,0x0012d630,0x0012d694,0x64
sub_12D698,0x0012d698,0x0012d6f0,0x58
sub_12D6F0,0x0012d6f0,0x0012d754,0x64
sub_12D758,0x0012d758,0x0012d814,0xbc
rpc_dispatch_or_async_clone_01,0x0012d818,0x0012d8bc,0xa4
sub_12D8C0,0x0012d8c0,0x0012d9d0,0x110
sub_12D9D0,0x0012d9d0,0x0012daa4,0xd4
sub_12DAA8,0x0012daa8,0x0012db00,0x58
sub_12DB00,0x0012db00,0x0012dbbc,0xbc
sub_12DBC0,0x0012dbc0,0x0012dc7c,0xbc
sub_12DC80,0x0012dc80,0x0012dd3c,0xbc
sub_12DD40,0x0012dd40,0x0012ddc4,0x84
sub_12DDC8,0x0012ddc8,0x0012ddf0,0x28
sub_12DDF0,0x0012ddf0,0x0012de54,0x64
sub_12DE58,0x0012de58,0x0012debc,0x64
mem_fill_l_01,0x0012dec0,0x0012df7c,0xbc
return_zero_e_0,0x0012df80,0x0012df88,0x8
mem_fill_k_0,0x0012df88,0x0012e090,0x108
mem_fill_l_02,0x0012e090,0x0012e14c,0xbc
mem_fill_l_0,0x0012e150,0x0012e21c,0xcc
sub_12E220,0x0012e220,0x0012e2e0,0xc0
sub_12E2E0,0x0012e2e0,0x0012e330,0x50
sub_12E330,0x0012e330,0x0012e3c8,0x98
wrap_str_table_lookup,0x0012e3c8,0x0012e3e8,0x20
sub_12E3E8,0x0012e3e8,0x0012e480,0x98
sub_12E480,0x0012e480,0x0012e534,0xb4
sub_12E538,0x0012e538,0x0012e5f8,0xc0
sub_12E5F8,0x0012e5f8,0x0012e654,0x5c
wrap_mem_set_l,0x0012e658,0x0012e688,0x30
sub_12E688,0x0012e688,0x0012e70c,0x84
sub_12E710,0x0012e710,0x0012e7b0,0xa0
sub_12E7B0,0x0012e7b0,0x0012e89c,0xec
obj_set_fields_g_4,0x0012e8a0,0x0012e950,0xb0
get_field_val_w,0x0012e950,0x0012e958,0x8
sub_12E958,0x0012e958,0x0012e984,0x2c
wrap_irq_handler_push,0x0012e988,0x0012e9b0,0x28
sub_12E9B0,0x0012e9b0,0x0012ea7c,0xcc
sub_12EAC0,0x0012eac0,0x0012eb14,0x54
sub_12EB28,0x0012eb28,0x0012ec34,0x10c
noop_wrapper___,0x0012ec38,0x0012ec54,0x1c
sub_12EC58,0x0012ec58,0x0012ecc0,0x68
sub_12ECC0,0x0012ecc0,0x0012eddc,0x11c
sub_12EE00,0x0012ee00,0x0012ee0c,0xc
get_global_var_m_0,0x0012ee10,0x0012ee1c,0xc
sub_12EE20,0x0012ee20,0x0012f008,0x1e8
sub_12F008,0x0012f008,0x0012f1d4,0x1cc
get_global_var_n_0,0x0012f1d8,0x0012f1e4,0xc
sub_12F1E8,0x0012f1e8,0x0012f2f0,0x108
get_global_var_o_0,0x0012f2f0,0x0012f2fc,0xc
get_global_var_p_0,0x0012f300,0x0012f30c,0xc
noop_sub_f310,0x0012f310,0x0012f378,0x68
noop_wrapper___,0x0012f378,0x0012f3b0,0x38
noop_wrapper___,0x0012f3b0,0x0012f3e8,0x38
noop_wrapper___,0x0012f3e8,0x0012f420,0x38
noop_wrapper___,0x0012f420,0x0012f458,0x38
wrap_irq_handler_push_b,0x0012f468,0x0012f4a4,0x3c
sub_12F4A8,0x0012f4a8,0x0012f544,0x9c
sub_12F548,0x0012f548,0x0012f594,0x4c
sub_12F598,0x0012f598,0x0012f664,0xcc
get_global_var_q_0,0x0012f668,0x0012f678,0x10
get_global_var_r_0,0x0012f678,0x0012f688,0x10
irq_handler_push,0x0012f688,0x0012f6a8,0x20
get_global_var_s_0,0x0012f6a8,0x0012f6b8,0x10
dat_callback_dispatch_f_clone_03,0x0012f6b8,0x0012f6f4,0x3c
get_global_var_t_0,0x0012f6f8,0x0012f704,0xc
get_global_var_u_0,0x0012f760,0x0012f76c,0xc
noop_sub_f770,0x0012f770,0x0012f7a4,0x34
noop_sub_f7a8,0x0012f7a8,0x0012f7dc,0x34
sub_12F7E0,0x0012f7e0,0x0012f864,0x84
noop_sub_f868,0x0012f868,0x0012f920,0xb8
sub_12F920,0x0012f920,0x0012f994,0x74
sub_12F998,0x0012f998,0x0012f9fc,0x64
noop_sub_fa00,0x0012fa00,0x0012fa54,0x54
sub_12FA58,0x0012fa58,0x0012facc,0x74
sub_12FAD0,0x0012fad0,0x0012fe34,0x364
get_field_val_x,0x0012fe38,0x0012fe40,0x8
sub_12FE40,0x0012fe40,0x0012fefc,0xbc
sub_12FF00,0x0012ff00,0x0012ff68,0x68
sub_12FF80,0x0012ff80,0x0013006c,0xec
noop_wrapper___,0x00130070,0x00130098,0x28
obj_set_field_pair_q,0x00130098,0x001300a8,0x10
sub_1300A8,0x001300a8,0x00130158,0xb0
sub_130158,0x00130158,0x00130208,0xb0
sub_130208,0x00130208,0x00130274,0x6c
sub_130288,0x00130288,0x001302f4,0x6c
set_global_var_e,0x001302f8,0x00130344,0x4c
sub_130360,0x00130360,0x001303d0,0x70
DMAC_RegisterBuffer,0x00130418,0x001305b0,0x198
sub_1305B0,0x001305b0,0x00130614,0x64
obj_set_field_pair_r,0x00130618,0x00130624,0xc
obj_set_field_pair_s,0x00130628,0x00130634,0xc
sub_130638,0x00130638,0x001307a8,0x170
VU0_WaitSync,0x001307a8,0x00130898,0xf0
sub_130898,0x00130898,0x00130910,0x78
VU0_RunMicro,0x00130910,0x00130a18,0x108
sub_130A18,0x00130a18,0x00130a78,0x60
noop_wrapper___,0x00130a78,0x00130aa8,0x30
dat_callback_dispatch_g,0x00130aa8,0x00130ad8,0x30
wrap_irq_handler_push_0,0x00130ad8,0x00130b30,0x58
sub_130B80,0x00130b80,0x00130c44,0xc4
sub_130C48,0x00130c48,0x00130cc0,0x78
noop_wrapper_z_9,0x00130cc0,0x00130cd4,0x14
sub_130CD8,0x00130cd8,0x00130d50,0x78
sub_130D50,0x00130d50,0x00130dd8,0x88
move_tick_dispatch_g,0x00130dd8,0x00130e98,0xc0
obj_set_fields_h_0_clone_01,0x00130e98,0x00130ecc,0x34
wrap_mem_set_m,0x00130ed0,0x00130eec,0x1c
sub_130EF0,0x00130ef0,0x00131068,0x178
sub_131068,0x00131068,0x001310c0,0x58
str_sub_ec00_clone_01,0x001310c0,0x00131154,0x94
wrap_exception_handler_0_clone_01,0x00131158,0x00131190,0x38
sub_131190,0x00131190,0x00131334,0x1a4
sub_131338,0x00131338,0x0013141c,0xe4
wrap_exception_handler_c_0_clone_04,0x00131420,0x00131458,0x38
return_const_2048,0x00131458,0x00131460,0x8
sub_131460,0x00131460,0x001314ac,0x4c
get_global_var_v_0,0x001314c0,0x001314cc,0xc
sub_131500,0x00131500,0x00131598,0x98
noop_wrapper_z_10,0x00131598,0x001315a8,0x10
noop_wrapper_z_11,0x001315a8,0x001315c8,0x20
return_zero_f_0,0x001315c8,0x001315d0,0x8
noop_wrapper___,0x001315d0,0x001315e4,0x14
sub_1315E8,0x001315e8,0x001316ac,0xc4
str_copy_n_03,0x001316b0,0x00131754,0xa4
sub_131758,0x00131758,0x0013178c,0x34
sub_131790,0x00131790,0x001317e4,0x54
sub_1317E8,0x001317e8,0x0013187c,0x94
sub_131880,0x00131880,0x00131a14,0x194
sub_131A18,0x00131a18,0x00131ba0,0x188
sub_131BA0,0x00131ba0,0x00131d30,0x190
sub_131D30,0x00131d30,0x00131df8,0xc8
wrap_mem_set_n,0x00131df8,0x00131e1c,0x24
sub_131E20,0x00131e20,0x00131e5c,0x3c
sub_131E60,0x00131e60,0x00131f20,0xc0
sub_131F20,0x00131f20,0x00131ffc,0xdc
sub_132000,0x00132000,0x0013217c,0x17c
sub_132180,0x00132180,0x001322c8,0x148
noop_wrapper___,0x001322c8,0x001322ec,0x24
sub_1322F0,0x001322f0,0x00132310,0x20
CAppMain_Ctor_clone_02,0x00132310,0x001323d8,0xc8
get_data_ptr_b_1,0x001323d8,0x001323e4,0xc
noop_wrapper___,0x001323e8,0x001323fc,0x14
noop_wrapper___,0x00132400,0x00132414,0x14
noop_wrapper_z_12,0x00132418,0x0013242c,0x14
noop_wrapper___,0x00132430,0x00132444,0x14
noop_wrapper_z_13,0x00132448,0x0013245c,0x14
sub_132460,0x00132460,0x00132498,0x38
sub_132498,0x00132498,0x001324c4,0x2c
dat_callback_dispatch_h,0x001324c8,0x001324f8,0x30
sub_1324F8,0x001324f8,0x00132548,0x50
sub_132548,0x00132548,0x001325ac,0x64
sub_1325B0,0x001325b0,0x00132610,0x60
sub_132610,0x00132610,0x001326d4,0xc4
sub_1326D8,0x001326d8,0x00132750,0x78
noop_wrapper_z_14,0x00132750,0x00132764,0x14
sub_132768,0x00132768,0x00132808,0xa0
noop_wrapper___,0x00132808,0x0013282c,0x24
noop_sub_2830,0x00132830,0x001329e8,0x1b8
sub_1329E8,0x001329e8,0x00132a70,0x88
obj_set_fields_h_0_clone_02,0x00132a70,0x00132aa4,0x34
wrap_mem_set_o,0x00132aa8,0x00132ac4,0x1c
sub_132AC8,0x00132ac8,0x00132c40,0x178
sub_132C40,0x00132c40,0x00132cdc,0x9c
str_sub_ec00_clone_02,0x00132ce0,0x00132d74,0x94
wrap_dat_callback_dispatch_h,0x00132d78,0x00132db0,0x38
sub_132DB0,0x00132db0,0x00132f40,0x190
sub_132F40,0x00132f40,0x00133034,0xf4
wrap_exception_handler_c_0_clone_05,0x00133038,0x00133070,0x38
return_const_2048_b,0x00133070,0x00133078,0x8
sub_133078,0x00133078,0x001330c4,0x4c
noop_wrapper___,0x001330c8,0x001330dc,0x14
noop_wrapper_c_6,0x001330e0,0x001330fc,0x1c
noop_wrapper_d_6,0x00133100,0x0013312c,0x2c
noop_wrapper___,0x00133130,0x00133150,0x20
noop_wrapper___,0x00133150,0x00133180,0x30
sub_133180,0x00133180,0x00133244,0xc4
sub_133248,0x00133248,0x001332b8,0x70
sub_1332B8,0x001332b8,0x00133310,0x58
sub_133310,0x00133310,0x00133424,0x114
dat_callback_dispatch_f_clone_04,0x00133428,0x00133440,0x18
sub_133440,0x00133440,0x00133494,0x54
sub_133498,0x00133498,0x0013352c,0x94
sub_133530,0x00133530,0x001336cc,0x19c
sub_1336D0,0x001336d0,0x00133830,0x160
sub_133830,0x00133830,0x001339e8,0x1b8
sub_1339E8,0x001339e8,0x00133b18,0x130
sub_133B18,0x00133b18,0x00133be0,0xc8
wrap_mem_set_p,0x00133be0,0x00133c04,0x24
noop_sub_3c08,0x00133c08,0x00133c54,0x4c
sub_133C58,0x00133c58,0x00133db0,0x158
noop_wrapper___,0x00133db0,0x00133dd4,0x24
sub_133DD8,0x00133dd8,0x00133e08,0x30
sub_133E08,0x00133e08,0x00133e88,0x80
get_data_ptr_c,0x00133e88,0x00133e94,0xc
sub_133E98,0x00133e98,0x00133efc,0x64
get_data_ptr_c_0,0x00133f00,0x00133f0c,0xc
get_global_var_w_0,0x00133f10,0x00133f1c,0xc
noop_wrapper_z_15,0x00133f20,0x00133f2c,0xc
get_global_var_x_0,0x00133f30,0x00133f3c,0xc
sub_133F40,0x00133f40,0x00133fa0,0x60
noop_wrapper___,0x00133fa0,0x00133fd8,0x38
sub_133FD8,0x00133fd8,0x001340e0,0x108
noop_wrapper___,0x001340e0,0x0013410c,0x2c
sub_134110,0x00134110,0x00134160,0x50
noop_wrapper___,0x00134160,0x0013419c,0x3c
obj_set_field_byte_m,0x001341a0,0x001341a8,0x8
noop_wrapper___,0x001341a8,0x001341f0,0x48
noop_wrapper___,0x001341f0,0x00134214,0x24
wrap_noop_0,0x00134218,0x00134290,0x78
sub_134290,0x00134290,0x00134428,0x198
noop_wrapper___,0x00134428,0x00134454,0x2c
obj_set_fields_r,0x00134458,0x00134498,0x40
noop_wrapper___,0x00134498,0x001344c4,0x2c
sub_1344C8,0x001344c8,0x00134530,0x68
noop_wrapper___,0x00134530,0x0013455c,0x2c
sub_134560,0x00134560,0x001345e4,0x84
noop_wrapper___,0x001345e8,0x00134624,0x3c
sub_134628,0x00134628,0x00134664,0x3c
noop_wrapper___,0x00134668,0x0013468c,0x24
sub_134690,0x00134690,0x001346f0,0x60
noop_wrapper___,0x001346f0,0x00134728,0x38
wrap_exception_handler_c_0_clone_06,0x00134728,0x00134758,0x30
noop_wrapper___,0x00134758,0x00134790,0x38
wrap_exception_handler_0_clone_02,0x00134790,0x001347c0,0x30
noop_wrapper___,0x001347c0,0x00134808,0x48
sub_134808,0x00134808,0x00134898,0x90
noop_wrapper___,0x00134898,0x001348e0,0x48
sub_1348E0,0x001348e0,0x00134974,0x94
noop_wrapper___,0x00134978,0x001349c0,0x48
sub_1349C0,0x001349c0,0x00134a54,0x94
noop_wrapper___,0x00134a58,0x00134aa0,0x48
sub_134AA0,0x00134aa0,0x00134b34,0x94
noop_wrapper___,0x00134b38,0x00134b74,0x3c
obj_set_fields_v_1,0x00134b78,0x00134bdc,0x64
noop_wrapper___,0x00134be0,0x00134c18,0x38
wrap_debug_log_varargs,0x00134c18,0x00134c48,0x30
dat_callback_dispatch_i,0x00134c88,0x00134cbc,0x34
noop_wrapper___,0x00134cc0,0x00134cfc,0x3c
wrap_debug_log_varargs_0,0x00134d00,0x00134d30,0x30
noop,0x00134d30,0x00134d38,0x8
noop_b,0x00134d38,0x00134d40,0x8
noop_wrapper___,0x00134d40,0x00134d54,0x14
noop_wrapper___,0x00134d58,0x00134d6c,0x14
sub_134D70,0x00134d70,0x00134d98,0x28
debug_log_varargs,0x00134d98,0x00134e24,0x8c
noop_f,0x00134e28,0x00134e30,0x8
noop_g,0x00134e30,0x00134e38,0x8
sub_134E38,0x00134e38,0x00134eb8,0x80
sub_134EB8,0x00134eb8,0x00134f74,0xbc
sub_134F78,0x00134f78,0x001350a0,0x128
state_byte_transition_c_0,0x001350a0,0x00135164,0xc4
sub_135168,0x00135168,0x0013526c,0x104
sub_135270,0x00135270,0x00135340,0xd0
noop_wrapper___,0x00135340,0x00135354,0x14
noop_wrapper___,0x00135358,0x0013536c,0x14
get_data_ptr_d,0x00135370,0x00135388,0x18
dat_callback_dispatch,0x00135388,0x001353b8,0x30
noop_wrapper___,0x001353b8,0x001353cc,0x14
sub_1353D0,0x001353d0,0x00135450,0x80
sub_135450,0x00135450,0x00135514,0xc4
noop_h,0x00135518,0x00135520,0x8
sub_135520,0x00135520,0x00135574,0x54
noop_wrapper_z_16,0x00135578,0x0013558c,0x14
noop_wrapper___,0x00135590,0x001355b0,0x20
sub_1355B0,0x001355b0,0x00135608,0x58
wrap_mem_set_q,0x00135608,0x00135624,0x1c
CMemory_Free_clone_01,0x00135628,0x00135694,0x6c
sub_135698,0x00135698,0x00135734,0x9c
sub_135738,0x00135738,0x0013577c,0x44
sub_135780,0x00135780,0x0013583c,0xbc
wrap_exception_handler_0_clone_03,0x00135840,0x00135878,0x38
sub_135878,0x00135878,0x00135a00,0x188
sub_135A00,0x00135a00,0x00135a4c,0x4c
wrap_dat_callback_dispatch,0x00135a50,0x00135a88,0x38
wrap_dat_callback_dispatch_b,0x00135a88,0x00135ac0,0x38
sub_135AC0,0x00135ac0,0x00135b3c,0x7c
wrap_dat_callback_dispatch_c,0x00135b40,0x00135b78,0x38
sub_135B78,0x00135b78,0x00135bfc,0x84
sub_135C00,0x00135c00,0x00135ca4,0xa4
noop_wrapper_e,0x00135ca8,0x00135cbc,0x14
noop_wrapper_f,0x00135cc0,0x00135cd4,0x14
noop_wrapper___,0x00135cd8,0x00135d14,0x3c
noop_wrapper_z_17,0x00135d18,0x00135d2c,0x14
dat_callback_dispatch_j,0x00135d30,0x00135d60,0x30
noop_wrapper___,0x00135d60,0x00135d8c,0x2c
wrap_mem_compare_n_b,0x00135d90,0x00135dcc,0x3c
noop_wrapper___,0x00135dd0,0x00135dfc,0x2c
global_dec_get_b,0x00135e00,0x00135e18,0x18
noop_wrapper___,0x00135e18,0x00135e60,0x48
sub_135E60,0x00135e60,0x00135f60,0x100
noop_wrapper___,0x00135f60,0x00135f8c,0x2c
wrap_mem_set_r,0x00135f90,0x00135fac,0x1c
noop_wrapper___,0x00135fb0,0x00135fdc,0x2c
sub_135FE0,0x00135fe0,0x00136020,0x40
noop_wrapper___,0x00136020,0x00136080,0x60
sub_136080,0x00136080,0x001361f0,0x170
noop_wrapper___,0x001361f0,0x0013624c,0x5c
sub_136250,0x00136250,0x001363ec,0x19c
noop_wrapper___,0x001363f0,0x0013643c,0x4c
sub_136440,0x00136440,0x001364f0,0xb0
noop_wrapper___,0x001364f0,0x0013652c,0x3c
sub_136530,0x00136530,0x001365b8,0x88
sub_1365B8,0x001365b8,0x001366ec,0x134
dat_callback_dispatch_k,0x001366f0,0x00136718,0x28
sub_136718,0x00136718,0x001367c0,0xa8
sub_1367C0,0x001367c0,0x00136830,0x70
noop_wrapper___,0x00136830,0x00136848,0x18
noop_wrapper___,0x00136848,0x00136868,0x20
noop_wrapper___,0x00136868,0x00136880,0x18
noop_wrapper___,0x00136880,0x00136898,0x18
wrap_exception_handler_c,0x00136898,0x001368b0,0x18
sub_1368B0,0x001368b0,0x0013696c,0xbc
sub_136970,0x00136970,0x00136c68,0x2f8
sub_136C68,0x00136c68,0x00136d48,0xe0
sub_136D48,0x00136d48,0x00136dbc,0x74
str_sub_6dc0,0x00136dc0,0x00136dc8,0x8
sub_136DC8,0x00136dc8,0x00136e24,0x5c
mem_fill_m_0,0x00136e28,0x00137150,0x328
sub_137150,0x00137150,0x0013741c,0x2cc
state_guarded_get_e,0x00137420,0x00137474,0x54
mem_fill_z_13_0,0x00137478,0x00137528,0xb0
state_guarded_get_f,0x00137528,0x0013758c,0x64
state_guarded_get_g,0x00137668,0x001376f0,0x88
state_guarded_get_h,0x001376f0,0x00137770,0x80
state_guarded_get_i,0x00137770,0x00137800,0x90
state_guarded_get_j,0x00137800,0x00137884,0x84
state_guarded_get_k,0x001378b0,0x0013796c,0xbc
str_copy_n_f,0x00137970,0x00137d40,0x3d0
sub_137D40,0x00137d40,0x00137e28,0xe8
state_guarded_get_l,0x00137e28,0x00137e70,0x48
wrap_mem_fill_z_14_0,0x00137e70,0x00137ecc,0x5c
mem_fill_z_14_0,0x00137ed0,0x00137f68,0x98
state_guarded_get_m,0x00137f68,0x00137f94,0x2c
state_guarded_get_n,0x00137f98,0x00138014,0x7c
state_guarded_get_o,0x00138050,0x0013807c,0x2c
state_guarded_get_p,0x00138080,0x001380c8,0x48
state_guarded_get_q,0x001380c8,0x00138110,0x48
vtable_dispatch_b,0x00138148,0x001381ac,0x64
vtable_dispatch_c,0x001381b0,0x0013820c,0x5c
sub_138210,0x00138210,0x001383cc,0x1bc
state_guarded_get_r,0x001383d0,0x00138474,0xa4
state_guarded_get_s,0x00138478,0x001384c0,0x48
fighter_clear_anim_flags_clone_01,0x001384f0,0x00138568,0x78
state_guarded_get_t,0x00138628,0x00138678,0x50
state_guarded_get_u,0x00138678,0x001386bc,0x44
state_guarded_get_v,0x001387b0,0x001387f4,0x44
state_guarded_get_w,0x001387f8,0x00138840,0x48
noop_l_0,0x00138840,0x00138848,0x8
state_guarded_get_x,0x00138848,0x0013888c,0x44
state_guarded_get_y,0x00138890,0x001388d8,0x48
state_guarded_get_z,0x001388d8,0x0013891c,0x44
state_guarded_get_z_0,0x00138920,0x0013895c,0x3c
state_guarded_get_z_1,0x00138960,0x0013899c,0x3c
global_inc_get_f,0x001389c0,0x001389d8,0x18
global_dec_get_c,0x001389d8,0x001389f0,0x18
sub_1389F0,0x001389f0,0x00138a24,0x34
noop_wrapper_g,0x00138a58,0x00138a6c,0x14
noop_wrapper_h,0x00138a70,0x00138a84,0x14
wrap_wrap_mem_compare_n_c,0x00138a88,0x00138a9c,0x14
wrap_wrap_wrap_mem_compare_n_c,0x00138aa0,0x00138abc,0x1c
obj_sub_8ac0,0x00138ac0,0x00138b04,0x44
wrap_noop_wrapper_g_b,0x00138b08,0x00138b34,0x2c
sub_138B38,0x00138b38,0x00138b84,0x4c
sub_138B88,0x00138b88,0x00138bb4,0x2c
noop_wrapper_z_18,0x00138bb8,0x00138c04,0x4c
noop_wrapper___,0x00138c08,0x00138c50,0x48
sub_138C50,0x00138c50,0x00138d18,0xc8
noop_wrapper___,0x00138d18,0x00138d44,0x2c
sub_138D48,0x00138d48,0x00138dcc,0x84
noop_wrapper___,0x00138dd0,0x00138e08,0x38
sub_138E08,0x00138e08,0x00138e5c,0x54
noop_wrapper___,0x00138e60,0x00138eac,0x4c
obj_set_fields_s,0x00138eb0,0x00138f10,0x60
noop_wrapper___,0x00138f10,0x00138f3c,0x2c
obj_set_fields_w_1,0x00138f40,0x00138fa4,0x64
sub_138FA8,0x00138fa8,0x00138ff0,0x48
noop_wrapper___,0x00138ff0,0x0013904c,0x5c
sub_139050,0x00139050,0x0013912c,0xdc
noop_wrapper___,0x00139130,0x0013917c,0x4c
sub_139180,0x00139180,0x0013921c,0x9c
noop_wrapper___,0x00139220,0x0013926c,0x4c
sub_139270,0x00139270,0x0013936c,0xfc
noop_wrapper___,0x00139370,0x001393d8,0x68
sub_1393D8,0x001393d8,0x001394a8,0xd0
get_field_val_z_11,0x001394a8,0x001394b0,0x8
get_field_val_y,0x001394b0,0x001394b8,0x8
noop_wrapper___,0x001394b8,0x001394d4,0x1c
obj_sub_8ac0_clone_01,0x001394d8,0x0013951c,0x44
wrap_noop_wrapper_g_c,0x00139520,0x0013954c,0x2c
sub_139550,0x00139550,0x0013959c,0x4c
sub_1395A0,0x001395a0,0x001395cc,0x2c
noop_wrapper_z_19,0x001395d0,0x0013961c,0x4c
noop_wrapper_k,0x00139620,0x00139678,0x58
sub_139678,0x00139678,0x00139744,0xcc
noop_wrapper___,0x00139748,0x00139774,0x2c
sub_139778,0x00139778,0x001397fc,0x84
get_field_val_z_12,0x00139800,0x00139808,0x8
obj_set_field_pair_1,0x00139808,0x00139814,0xc
noop_wrapper___,0x00139818,0x00139844,0x2c
obj_set_fields_h_3,0x00139848,0x001398c4,0x7c
sub_1398C8,0x001398c8,0x00139914,0x4c
noop_wrapper___,0x00139918,0x00139974,0x5c
sub_139978,0x00139978,0x00139b14,0x19c
noop_wrapper___,0x00139b18,0x00139b64,0x4c
sub_139B68,0x00139b68,0x00139ce4,0x17c
noop_wrapper___,0x00139ce8,0x00139d34,0x4c
sub_139D38,0x00139d38,0x00139f14,0x1dc
noop_wrapper___,0x00139f18,0x00139f80,0x68
sub_139F80,0x00139f80,0x0013a078,0xf8
get_field_val_z,0x0013a078,0x0013a080,0x8
get_field_val__,0x0013a080,0x0013a088,0x8
get_field_val__,0x0013a088,0x0013a090,0x8
get_field_val_z_13,0x0013a0a8,0x0013a0c0,0x18
noop_wrapper___,0x0013a0c0,0x0013a0dc,0x1c
obj_sub_a0e0,0x0013a0e0,0x0013a124,0x44
wrap_noop_wrapper_g_d,0x0013a128,0x0013a154,0x2c
sub_13A158,0x0013a158,0x0013a1a4,0x4c
sub_13A1A8,0x0013a1a8,0x0013a1d4,0x2c
noop_wrapper_z_20,0x0013a1d8,0x0013a224,0x4c
noop_wrapper___,0x0013a228,0x0013a280,0x58
sub_13A280,0x0013a280,0x0013a364,0xe4
noop_wrapper___,0x0013a368,0x0013a394,0x2c
sub_13A398,0x0013a398,0x0013a41c,0x84
noop_wrapper___,0x0013a420,0x0013a458,0x38
sub_13A458,0x0013a458,0x0013a4ac,0x54
noop_wrapper___,0x0013a4b0,0x0013a4fc,0x4c
obj_set_fields_t,0x0013a500,0x0013a560,0x60
noop_wrapper___,0x0013a560,0x0013a58c,0x2c
sub_13A590,0x0013a590,0x0013a668,0xd8
noop_wrapper___,0x0013a668,0x0013a6b0,0x48
sub_13A6B0,0x0013a6b0,0x0013a764,0xb4
noop_wrapper___,0x0013a768,0x0013a7c4,0x5c
sub_13A7C8,0x0013a7c8,0x0013a918,0x150
noop_wrapper___,0x0013a918,0x0013a964,0x4c
sub_13A968,0x0013a968,0x0013aa90,0x128
noop_wrapper___,0x0013aa90,0x0013aadc,0x4c
sub_13AAE0,0x0013aae0,0x0013ac00,0x120
noop_wrapper___,0x0013ac00,0x0013ac68,0x68
sub_13AC68,0x0013ac68,0x0013ad30,0xc8
noop_wrapper___,0x0013ad30,0x0013ad78,0x48
sub_13AD78,0x0013ad78,0x0013ae04,0x8c
noop_wrapper___,0x0013ae08,0x0013ae40,0x38
sub_13AE40,0x0013ae40,0x0013aec0,0x80
buf_split_at,0x0013aec0,0x0013af1c,0x5c
sub_13AFB8,0x0013afb8,0x0013b064,0xac
sub_13B068,0x0013b068,0x0013b0c4,0x5c
noop_wrapper___,0x0013b0c8,0x0013b0fc,0x34
sub_13B100,0x0013b100,0x0013b1d0,0xd0
sub_13B1D0,0x0013b1d0,0x0013b224,0x54
sub_13B228,0x0013b228,0x0013b278,0x50
sub_13B278,0x0013b278,0x0013b2cc,0x54
set_global_var_f,0x0013b2d0,0x0013b300,0x30
sub_13B300,0x0013b300,0x0013b370,0x70
set_global_var_g,0x0013b370,0x0013b3a0,0x30
sub_13B3A0,0x0013b3a0,0x0013b40c,0x6c
sub_13B410,0x0013b410,0x0013b45c,0x4c
sub_13B460,0x0013b460,0x0013b4ac,0x4c
noop_sub_b4b0,0x0013b4b0,0x0013b500,0x50
sub_13B500,0x0013b500,0x0013b568,0x68
sub_13B568,0x0013b568,0x0013b5b8,0x50
noop_wrapper_z_21,0x0013b5b8,0x0013b5f4,0x3c
sub_13B5F8,0x0013b5f8,0x0013b694,0x9c
sub_13B698,0x0013b698,0x0013b7a8,0x110
noop_wrapper___,0x0013b7a8,0x0013b7bc,0x14
sub_13B7C0,0x0013b7c0,0x0013b958,0x198
sub_13B958,0x0013b958,0x0013b9d0,0x78
mem_fill_n_0,0x0013b9d0,0x0013bac8,0xf8
sub_13BAC8,0x0013bac8,0x0013bb0c,0x44
noop_sub_bb20,0x0013bb20,0x0013bb80,0x60
noop_sub_bb80,0x0013bb80,0x0013bc0c,0x8c
noop_wrapper_i,0x0013bc10,0x0013bc28,0x18
noop_wrapper_j,0x0013bc28,0x0013bc40,0x18
noop_wrapper___,0x0013bc40,0x0013bc58,0x18
noop_wrapper___,0x0013bc58,0x0013bc70,0x18
noop_wrapper___,0x0013bc70,0x0013bc88,0x18
noop_wrapper___,0x0013bc88,0x0013bca0,0x18
noop_wrapper___,0x0013bca0,0x0013bcb8,0x18
noop_wrapper___,0x0013bcb8,0x0013bcd0,0x18
noop_wrapper___,0x0013bcd0,0x0013bce8,0x18
noop_wrapper___,0x0013bce8,0x0013bd00,0x18
noop_wrapper___,0x0013bd00,0x0013bd18,0x18
noop_wrapper___,0x0013bd18,0x0013bd30,0x18
get_global_var_y_0,0x0013bd30,0x0013bd40,0x10
sub_13BD40,0x0013bd40,0x0013bde8,0xa8
wrap_mem_compare_n_c,0x0013bde8,0x0013be38,0x50
sub_13BE38,0x0013be38,0x0013bea4,0x6c
sub_13BEA8,0x0013bea8,0x0013bfb8,0x110
sub_13BFB8,0x0013bfb8,0x0013c050,0x98
noop_wrapper___,0x0013c050,0x0013c068,0x18
noop_wrapper___,0x0013c068,0x0013c0d0,0x68
mem_fill_o_0,0x0013c0d0,0x0013c190,0xc0
noop_wrapper___,0x0013c190,0x0013c1cc,0x3c
sub_13C1D0,0x0013c1d0,0x0013c264,0x94
noop_wrapper___,0x0013c268,0x0013c280,0x18
noop_wrapper___,0x0013c280,0x0013c2ec,0x6c
mem_fill_p_0,0x0013c2f0,0x0013c3f0,0x100
noop_wrapper___,0x0013c3f0,0x0013c448,0x58
sub_13C448,0x0013c448,0x0013c484,0x3c
noop_wrapper___,0x0013c488,0x0013c4c8,0x40
set_global_var_h,0x0013c4c8,0x0013c4dc,0x14
set_global_var_i,0x0013c4e0,0x0013c4f4,0x14
sub_13C5C0,0x0013c5c0,0x0013c654,0x94
noop_wrapper___,0x0013c658,0x0013c670,0x18
noop_wrapper___,0x0013c670,0x0013c688,0x18
noop_wrapper___,0x0013c688,0x0013c6a0,0x18
noop_wrapper___,0x0013c6a0,0x0013c6b8,0x18
noop_wrapper___,0x0013c6b8,0x0013c6d0,0x18
noop_wrapper___,0x0013c6d0,0x0013c6e8,0x18
noop_wrapper___,0x0013c6e8,0x0013c700,0x18
noop_wrapper___,0x0013c700,0x0013c718,0x18
sub_13C740,0x0013c740,0x0013c7e8,0xa8
noop_wrapper_z_22,0x0013c7e8,0x0013c828,0x40
sub_13C828,0x0013c828,0x0013c880,0x58
noop_sub_c880,0x0013c880,0x0013c8e4,0x64
noop_wrapper___,0x0013c910,0x0013c928,0x18
set_global_var_j,0x0013c928,0x0013c93c,0x14
sub_13C958,0x0013c958,0x0013c988,0x30
sub_13C988,0x0013c988,0x0013c9b8,0x30
get_data_ptr_e,0x0013c9b8,0x0013c9c4,0xc
noop_wrapper___,0x0013c9c8,0x0013c9f0,0x28
noop_i,0x0013c9f0,0x0013c9f8,0x8
sub_13CA08,0x0013ca08,0x0013ca14,0xc
get_global_var_z_0,0x0013ca28,0x0013ca34,0xc
wrap_get_data_ptr_0_0,0x0013ca38,0x0013ca5c,0x24
get_data_ptr,0x0013ca60,0x0013ca6c,0xc
noop_wrapper___,0x0013ca70,0x0013ca98,0x28
noop_wrapper___,0x0013ca98,0x0013cab8,0x20
noop_m_0,0x0013cab8,0x0013cac0,0x8
noop_n_0,0x0013cac0,0x0013cac8,0x8
noop_o_0,0x0013cac8,0x0013cad0,0x8
noop_p_0,0x0013cad0,0x0013cad8,0x8
noop_q_0,0x0013cad8,0x0013cae0,0x8
sub_13E058,0x0013e058,0x0013e09c,0x44
noop_sub_e0a0,0x0013e0a0,0x0013e0ac,0xc
dat_callback_dispatch_l,0x0013e0b0,0x0013e0dc,0x2c
dat_callback_dispatch_m,0x0013e0e0,0x0013e10c,0x2c
dat_callback_dispatch_n,0x0013e110,0x0013e138,0x28
dat_callback_dispatch_o,0x0013e138,0x0013e160,0x28
dat_callback_dispatch_p,0x0013e160,0x0013e18c,0x2c
dat_callback_dispatch_q,0x0013e190,0x0013e1b8,0x28
dat_callback_dispatch_r,0x0013e1b8,0x0013e1e0,0x28
dat_callback_dispatch_s,0x0013e1e0,0x0013e208,0x28
dat_callback_dispatch_t,0x0013e208,0x0013e230,0x28
dat_callback_dispatch_u,0x0013e230,0x0013e258,0x28
dat_callback_dispatch_v,0x0013e258,0x0013e280,0x28
dat_callback_dispatch_w,0x0013e280,0x0013e2a8,0x28
dat_callback_dispatch_x,0x0013e2a8,0x0013e2d0,0x28
dat_callback_dispatch_y,0x0013e2d0,0x0013e2f8,0x28
dat_callback_dispatch_z,0x0013e2f8,0x0013e320,0x28
dat_callback_dispatch__,0x0013e320,0x0013e34c,0x2c
dat_callback_dispatch__,0x0013e350,0x0013e378,0x28
dat_callback_dispatch__,0x0013e378,0x0013e3a0,0x28
dat_callback_dispatch__,0x0013e3a0,0x0013e3c8,0x28
dat_callback_dispatch__,0x0013e3c8,0x0013e3f0,0x28
dat_callback_dispatch___,0x0013e3f0,0x0013e418,0x28
sub_13E418,0x0013e418,0x0013e450,0x38
sub_13E450,0x0013e450,0x0013e58c,0x13c
sub_13E590,0x0013e590,0x0013e5c4,0x34
sub_13E5C8,0x0013e5c8,0x0013e680,0xb8
noop_r_0,0x0013e680,0x0013e688,0x8
wrap_sub_144018,0x0013e688,0x0013e6d8,0x50
mem_fill_q_0,0x0013e6d8,0x0013e7d8,0x100
sub_13E7D8,0x0013e7d8,0x0013e834,0x5c
sub_13E838,0x0013e838,0x0013e8c8,0x90
sub_13E8C8,0x0013e8c8,0x0013e940,0x78
sub_13E940,0x0013e940,0x0013e96c,0x2c
sub_13E970,0x0013e970,0x0013e9f4,0x84
mem_fill_r_0,0x0013e9f8,0x0013ea1c,0x24
noop_wrapper_z_23,0x0013ea20,0x0013ea30,0x10
sub_13EA30,0x0013ea30,0x0013ea58,0x28
sub_13EA58,0x0013ea58,0x0013ead4,0x7c
sub_13EAD8,0x0013ead8,0x0013ec44,0x16c
sub_13EC48,0x0013ec48,0x0013ee54,0x20c
noop_j,0x0013ee58,0x0013ee60,0x8
sub_13EE60,0x0013ee60,0x0013ef0c,0xac
obj_set_fields_u,0x0013ef10,0x0013ef60,0x50
sub_13EF60,0x0013ef60,0x0013efcc,0x6c
noop_k,0x0013efd0,0x0013efd8,0x8
sub_13EFD8,0x0013efd8,0x0013f7b0,0x7d8
sub_13F7B0,0x0013f7b0,0x0013f8d0,0x120
sub_13F8D0,0x0013f8d0,0x0013fae8,0x218
sub_13FAE8,0x0013fae8,0x0013fc5c,0x174
sub_13FC60,0x0013fc60,0x0013fca0,0x40
sub_13FCA0,0x0013fca0,0x00142c80,0x2fe0
sub_142C80,0x00142c80,0x001431e8,0x568
sub_1431E8,0x001431e8,0x001438c0,0x6d8
sub_1438C0,0x001438c0,0x00143a74,0x1b4
get_data_ptr_f,0x00143a78,0x00143a84,0xc
sub_143A88,0x00143a88,0x00143b38,0xb0
sub_143B38,0x00143b38,0x00143c0c,0xd4
sub_143C10,0x00143c10,0x00143cb0,0xa0
sub_143CB0,0x00143cb0,0x00143d60,0xb0
noop_s_0,0x00143d60,0x00143d68,0x8
noop_wrapper___,0x00143d68,0x00143d9c,0x34
sub_143DA0,0x00143da0,0x00143df0,0x50
sub_143DF0,0x00143df0,0x00143eb4,0xc4
wrap_sub_144018_b,0x00143eb8,0x00143f08,0x50
noop_t_0,0x00143f08,0x00143f10,0x8
sub_143F10,0x00143f10,0x00143fc0,0xb0
obj_set_fields___140_clone_01,0x00143fc0,0x00144014,0x54
sub_144018,0x00144018,0x0014403c,0x24
wrap_mem_copy,0x00144040,0x00144054,0x14
wrap_mem_copy_01,0x00144058,0x0014406c,0x14
wrap_mem_copy_02,0x00144070,0x00144084,0x14
wrap_mem_copy_03,0x00144088,0x0014409c,0x14
wrap_wrap_mem_copy_0,0x001440a0,0x001440b4,0x14
wrap_sub_144058,0x001440b8,0x001440cc,0x14
wrap_sub_144070,0x001440d0,0x001440e4,0x14
wrap_sub_144088,0x001440e8,0x001440fc,0x14
mem_fill_s_0,0x001442d0,0x001443dc,0x10c
sub_1444B0,0x001444b0,0x00144578,0xc8
noop_l,0x00144578,0x00144580,0x8
noop_m,0x00144580,0x00144588,0x8
sub_144588,0x00144588,0x001445e0,0x58
noop_wrapper___,0x001445e0,0x0014462c,0x4c
noop_wrapper___,0x00144630,0x0014467c,0x4c
noop_wrapper___,0x00144680,0x001446cc,0x4c
sub_1446D0,0x001446d0,0x00144778,0xa8
mem_fill_z_23_0,0x00144778,0x00144894,0x11c
sub_144898,0x00144898,0x001449a0,0x108
Bitstream_ReadFields,0x001449a0,0x00144e04,0x464
Bitstream_ReadPacket,0x00144e08,0x00145674,0x86c
Bitstream_ReadFields_clone_01,0x00145678,0x001462e0,0xc68
sub_1462E0,0x001462e0,0x00146350,0x70
sub_146350,0x00146350,0x001463ac,0x5c
str_sub_ec00_clone_03,0x001463b0,0x00146418,0x68
noop_n,0x00146418,0x00146420,0x8
noop_u_0,0x00146420,0x00146428,0x8
sub_146428,0x00146428,0x0014648c,0x64
mem_fill_t_0,0x00146490,0x00146540,0xb0
mem_fill_u,0x00146540,0x001465d4,0x94
mem_fill_v,0x001465d8,0x00146654,0x7c
get_data_ptr_g,0x00146658,0x00146664,0xc
sub_146668,0x00146668,0x001466e0,0x78
sub_1466E0,0x001466e0,0x0014676c,0x8c
obj_alloc_and_init_clone_01,0x00146770,0x001467e8,0x78
noop_wrapper___,0x001467e8,0x00146810,0x28
noop_wrapper___,0x00146810,0x0014685c,0x4c
noop_sub_6860,0x00146860,0x00146894,0x34
sub_146898,0x00146898,0x0014692c,0x94
noop_wrapper_z_24,0x00146930,0x0014693c,0xc
sub_146940,0x00146940,0x001469e0,0xa0
noop_sub_69e0,0x001469e0,0x00146a04,0x24
noop_wrapper___,0x00146a08,0x00146a3c,0x34
sub_146A40,0x00146a40,0x00146a98,0x58
sub_146A98,0x00146a98,0x00146b38,0xa0
noop_wrapper_z_25,0x00146b38,0x00146b50,0x18
sub_146B50,0x00146b50,0x00146b78,0x28
obj_set_fields_v,0x00146b78,0x00146ba4,0x2c
sub_146BA8,0x00146ba8,0x00146bf8,0x50
anim_tag_get_flags,0x00146bf8,0x00146c8c,0x94
sub_146C90,0x00146c90,0x00146d90,0x100
str_copy_n,0x00146d90,0x00146e98,0x108
str_copy_n_g,0x00146e98,0x00146fa8,0x110
sub_146FA8,0x00146fa8,0x0014744c,0x4a4
sub_147450,0x00147450,0x0014798c,0x53c
noop_wrapper___,0x00147990,0x001479c8,0x38
sub_1479C8,0x001479c8,0x00147a50,0x88
sub_147A50,0x00147a50,0x00147b18,0xc8
noop_wrapper_d,0x00147b18,0x00147b64,0x4c
sub_147B68,0x00147b68,0x00147b9c,0x34
sub_147BA0,0x00147ba0,0x00147c50,0xb0
CAppOptionModeMain_Begin_clone_02,0x00147c50,0x00147cfc,0xac
noop_v_0,0x00147d00,0x00147d08,0x8
return_const__1,0x00147d08,0x00147d10,0x8
sub_147D10,0x00147d10,0x00147dc8,0xb8
sub_147DC8,0x00147dc8,0x00147e28,0x60
mem_fill_w,0x00147e28,0x00147f2c,0x104
sub_147F30,0x00147f30,0x00147f8c,0x5c
sub_147F90,0x00147f90,0x00148054,0xc4
sub_148058,0x00148058,0x001480d0,0x78
noop_o,0x001480d0,0x001480d8,0x8
obj_set_fields_w,0x001480d8,0x001480fc,0x24
obj_set_fields_x,0x00148100,0x00148114,0x14
sub_148118,0x00148118,0x00148140,0x28
sub_148140,0x00148140,0x0014834c,0x20c
sub_148350,0x00148350,0x001483bc,0x6c
sub_1483C0,0x001483c0,0x00148460,0xa0
sub_148460,0x00148460,0x00148504,0xa4
mem_fill_x,0x00148508,0x00148bc8,0x6c0
sub_148BC8,0x00148bc8,0x00148e44,0x27c
sub_148E48,0x00148e48,0x00149430,0x5e8
sub_149430,0x00149430,0x001494ec,0xbc
sub_1494F0,0x001494f0,0x001495e0,0xf0
sub_1495E0,0x001495e0,0x001497a8,0x1c8
sub_1497A8,0x001497a8,0x001498c4,0x11c
sub_1498C8,0x001498c8,0x0014996c,0xa4
sub_149970,0x00149970,0x00149ac8,0x158
obj_set_fields_f_03,0x00149ac8,0x00149b94,0xcc
sub_149B98,0x00149b98,0x00149bf0,0x58
return_zero_g_0,0x00149bf0,0x00149bf8,0x8
return_zero_h_0,0x00149bf8,0x00149c00,0x8
get_data_ptr_h,0x00149c00,0x00149c0c,0xc
sub_149C10,0x00149c10,0x00149ca8,0x98
sub_149CA8,0x00149ca8,0x00149d80,0xd8
sub_149D80,0x00149d80,0x00149df4,0x74
noop_p,0x00149df8,0x00149e00,0x8
pass_identity,0x00149e00,0x00149e08,0x8
noop_wrapper___,0x00149e60,0x00149eac,0x4c
sub_149EB0,0x00149eb0,0x00149f38,0x88
sub_149F38,0x00149f38,0x00149f7c,0x44
obj_set_fields_y,0x00149f80,0x00149fa4,0x24
noop_q,0x00149fa8,0x00149fb0,0x8
sub_149FB0,0x00149fb0,0x0014a06c,0xbc
sub_14A070,0x0014a070,0x0014a120,0xb0
wrap_noop_s,0x0014a120,0x0014a148,0x28
sub_14A148,0x0014a148,0x0014a1a0,0x58
sub_14A1A0,0x0014a1a0,0x0014a1f0,0x50
sub_14A1F0,0x0014a1f0,0x0014a2b8,0xc8
obj_set_fields___179_1,0x0014a2b8,0x0014a2d0,0x18
sub_14A2D0,0x0014a2d0,0x0014a338,0x68
noop_r,0x0014a338,0x0014a340,0x8
noop_s,0x0014a340,0x0014a348,0x8
noop_w_0,0x0014a348,0x0014a350,0x8
sub_14A350,0x0014a350,0x0014a414,0xc4
obj_set_fields___140_clone_02,0x0014a418,0x0014a464,0x4c
sub_14A468,0x0014a468,0x0014a4f8,0x90
sub_14A4F8,0x0014a4f8,0x0014a51c,0x24
noop_wrapper___,0x0014a520,0x0014a534,0x14
wrap_dat_callback_dispatch_n,0x0014a538,0x0014a564,0x2c
noop_wrapper___,0x0014a568,0x0014a57c,0x14
noop_wrapper___,0x0014a580,0x0014a594,0x14
noop_wrapper___,0x0014a598,0x0014a5b0,0x18
noop_wrapper___,0x0014a5b0,0x0014a5d4,0x24
sub_14A5D8,0x0014a5d8,0x0014a6a0,0xc8
mem_fill_y,0x0014a6a0,0x0014a7e0,0x140
noop_wrapper___,0x0014a7e0,0x0014a828,0x48
noop_wrapper___,0x0014a828,0x0014a83c,0x14
noop_sub_a840,0x0014a840,0x0014a88c,0x4c
sub_14A8B0,0x0014a8b0,0x0014a960,0xb0
sub_14A960,0x0014a960,0x0014aa08,0xa8
return_zero_i_0,0x0014aa08,0x0014aa10,0x8
dat_callback_dispatch___,0x0014aa28,0x0014aa5c,0x34
return_zero_i,0x0014aa60,0x0014aa7c,0x1c
return_zero_j,0x0014aa80,0x0014aa9c,0x1c
sub_14AAA0,0x0014aaa0,0x0014ac54,0x1b4
noop_wrapper___,0x0014ac58,0x0014acc4,0x6c
return_zero_k,0x0014acc8,0x0014ace8,0x20
obj_set_field_pair_c_0_clone_04,0x0014ace8,0x0014ad08,0x20
noop_wrapper_z_26,0x0014ad08,0x0014ad10,0x8
sub_14AD10,0x0014ad10,0x0014ae10,0x100
sub_14AE10,0x0014ae10,0x0014aed4,0xc4
sub_14AED8,0x0014aed8,0x0014af5c,0x84
sub_14AF60,0x0014af60,0x0014afbc,0x5c
noop_wrapper_e_4,0x0014afc0,0x0014b000,0x40
sub_14B000,0x0014b000,0x0014b0e4,0xe4
sub_14B0E8,0x0014b0e8,0x0014b134,0x4c
sub_14B138,0x0014b138,0x0014b238,0x100
sub_14B238,0x0014b238,0x0014b288,0x50
noop_wrapper_z_27,0x0014b288,0x0014b2b4,0x2c
return_const_256_b,0x0014b2b8,0x0014b2c0,0x8
sub_14B2C0,0x0014b2c0,0x0014b378,0xb8
sub_14B378,0x0014b378,0x0014b3d0,0x58
sub_14B3D0,0x0014b3d0,0x0014b42c,0x5c
sub_14B480,0x0014b480,0x0014b550,0xd0
sub_14B550,0x0014b550,0x0014b65c,0x10c
sub_14B660,0x0014b660,0x0014b7c4,0x164
mem_fill_z,0x0014b7c8,0x0014bf1c,0x754
sub_14BF20,0x0014bf20,0x0014bf58,0x38
obj_set_fields_z,0x0014bf58,0x0014bf70,0x18
sub_14BF70,0x0014bf70,0x0014c058,0xe8
sub_14C058,0x0014c058,0x0014c0d0,0x78
wrap_wrap_get_data_ptr,0x0014c0d0,0x0014c114,0x44
sub_14C118,0x0014c118,0x0014c264,0x14c
sub_14C268,0x0014c268,0x0014c300,0x98
noop_wrapper___,0x0014c300,0x0014c324,0x24
sub_14C328,0x0014c328,0x0014c6cc,0x3a4
sub_14C6D0,0x0014c6d0,0x0014c720,0x50
obj_set_fields_i_3,0x0014c720,0x0014c774,0x54
state_sub_c240_clone_02,0x0014c778,0x0014c7fc,0x84
sub_14C800,0x0014c800,0x0014c8c4,0xc4
sub_14C8C8,0x0014c8c8,0x0014ca08,0x140
sub_14CA18,0x0014ca18,0x0014cce4,0x2cc
obj_set_fields_v_2,0x0014cce8,0x0014cd34,0x4c
sub_14CD38,0x0014cd38,0x0014cdb0,0x78
obj_set_fields__,0x0014cdb0,0x0014cdf8,0x48
sub_14CDF8,0x0014cdf8,0x0014cea0,0xa8
sub_14CEA0,0x0014cea0,0x0014ced4,0x34
wrap_get_data_ptr,0x0014ced8,0x0014cf0c,0x34
sub_14CF10,0x0014cf10,0x0014cf5c,0x4c
noop_t,0x0014cf60,0x0014cf68,0x8
wrap_get_data_ptr_b,0x0014cf68,0x0014cf9c,0x34
sub_14CFA0,0x0014cfa0,0x0014cffc,0x5c
noop_wrapper_z_28,0x0014d000,0x0014d010,0x10
get_field_val__,0x0014d020,0x0014d028,0x8
sub_14D028,0x0014d028,0x0014d0ac,0x84
sub_14D0B0,0x0014d0b0,0x0014d0ec,0x3c
sub_14D0F0,0x0014d0f0,0x0014d108,0x18
sub_14D108,0x0014d108,0x0014d160,0x58
wrap_ptr_deref_safe,0x0014d160,0x0014d1b8,0x58
sub_14D1B8,0x0014d1b8,0x0014d2c0,0x108
sub_14D2C0,0x0014d2c0,0x0014d428,0x168
obj_set_field_pair_p_clone_05,0x0014d428,0x0014d46c,0x44
obj_set_fields___80_clone_02,0x0014d470,0x0014d4c0,0x50
sub_14D4C0,0x0014d4c0,0x0014d6a0,0x1e0
sub_14D6A0,0x0014d6a0,0x0014d738,0x98
noop_wrapper___,0x0014d738,0x0014d764,0x2c
state_sub_c240_clone_03,0x0014d768,0x0014d7a4,0x3c
sub_14D7A8,0x0014d7a8,0x0014d810,0x68
sub_14D810,0x0014d810,0x0014d8c8,0xb8
obj_set_fields_j_2,0x0014d8c8,0x0014d90c,0x44
sub_14D910,0x0014d910,0x0014d98c,0x7c
sub_14D990,0x0014d990,0x0014d9c4,0x34
mem_fill_z_0,0x0014d9c8,0x0014da90,0xc8
state_sub_c240_clone_04,0x0014da90,0x0014dacc,0x3c
sub_14DAD0,0x0014dad0,0x0014db38,0x68
sub_14DB38,0x0014db38,0x0014db68,0x30
sub_14DB68,0x0014db68,0x0014dbdc,0x74
sub_14DBE0,0x0014dbe0,0x0014dc94,0xb4
sub_14DC98,0x0014dc98,0x0014dd08,0x70
sub_14DD08,0x0014dd08,0x0014ddbc,0xb4
wrap_ptr_deref_safe_clone_01,0x0014dde8,0x0014de34,0x4c
noop_wrapper___,0x0014de38,0x0014de4c,0x14
noop_wrapper___,0x0014de50,0x0014de80,0x30
sub_14DE80,0x0014de80,0x0014dfa8,0x128
noop_wrapper___,0x0014dfa8,0x0014dfe4,0x3c
sub_14DFE8,0x0014dfe8,0x0014e058,0x70
noop_wrapper___,0x0014e058,0x0014e088,0x30
noop_wrapper___,0x0014e088,0x0014e0b8,0x30
sub_14E0B8,0x0014e0b8,0x0014e11c,0x64
wrap_iop_bind_or_call_0,0x0014e120,0x0014e16c,0x4c
sub_14E170,0x0014e170,0x0014e2b4,0x144
sub_14E2B8,0x0014e2b8,0x0014e32c,0x74
get_field_val_z_14,0x0014e388,0x0014e390,0x8
sub_14E390,0x0014e390,0x0014e400,0x70
sub_14E400,0x0014e400,0x0014e488,0x88
noop_wrapper___,0x0014e488,0x0014e4c0,0x38
get_data_ptr_i,0x0014e4c0,0x0014e4cc,0xc
get_data_ptr,0x0014e4d0,0x0014e4dc,0xc
wrap_msg_dispatch,0x0014e4e0,0x0014e4f8,0x18
sub_14E4F8,0x0014e4f8,0x0014e6ac,0x1b4
wrap_sub_154738,0x0014e6b0,0x0014e710,0x60
sub_14E710,0x0014e710,0x0014e7b8,0xa8
wrap_get_data_ptr_c,0x0014e7b8,0x0014e7e0,0x28
wrap_get_data_ptr_d,0x0014e7e0,0x0014e800,0x20
wrap_get_data_ptr_e,0x0014e800,0x0014e828,0x28
wrap_get_data_ptr_f,0x0014e828,0x0014e848,0x20
wrap_wrap_iop_bind_or_call_b,0x0014e848,0x0014e880,0x38
noop_wrapper___,0x0014e880,0x0014e8b0,0x30
sub_14E8B0,0x0014e8b0,0x0014e9ec,0x13c
wrap_get_data_ptr,0x0014e9f0,0x0014ea1c,0x2c
wrap_get_data_ptr_g,0x0014ea20,0x0014ea40,0x20
sub_14EA40,0x0014ea40,0x0014eae4,0xa4
return_zero_l,0x0014eae8,0x0014eb08,0x20
sub_14EB08,0x0014eb08,0x0014eda0,0x298
get_global_var_z_1,0x0014eda0,0x0014edac,0xc
wrap_get_data_ptr_h,0x0014edb0,0x0014edd8,0x28
wrap_get_data_ptr_i,0x0014edd8,0x0014edf8,0x20
wrap_sub_150008,0x0014edf8,0x0014ee44,0x4c
wrap_wrap_ptr_deref_safe_clone_02,0x0014ee48,0x0014ee7c,0x34
sub_14EE80,0x0014ee80,0x0014eebc,0x3c
sub_14EEC0,0x0014eec0,0x0014eefc,0x3c
noop_wrapper___,0x0014ef00,0x0014ef5c,0x5c
wrap_wrap_sif_is_bound_i,0x0014ef60,0x0014ef8c,0x2c
sub_14EF90,0x0014ef90,0x0014efe8,0x58
noop_wrapper___,0x0014efe8,0x0014f000,0x18
sub_14F000,0x0014f000,0x0014f130,0x130
obj_set_field_pair_t,0x0014f130,0x0014f13c,0xc
sub_14F140,0x0014f140,0x0014f274,0x134
sub_14F278,0x0014f278,0x0014f374,0xfc
obj_set_fields_k_2,0x0014f378,0x0014f428,0xb0
sub_14F428,0x0014f428,0x0014f500,0xd8
sub_14F500,0x0014f500,0x0014f57c,0x7c
sub_14F580,0x0014f580,0x0014f6b0,0x130
sub_14F6B0,0x0014f6b0,0x0014f738,0x88
noop_seq_str_sub_88f0,0x0014f738,0x0014f790,0x58
sub_14F790,0x0014f790,0x0014f7e8,0x58
wrap_msg_dispatch_0,0x0014f7e8,0x0014f860,0x78
noop_wrapper___,0x0014f860,0x0014f8d0,0x70
obj_set_fields__,0x0014f8d0,0x0014f948,0x78
wrap_str_format_into_buf_b_0,0x0014f948,0x0014f994,0x4c
sub_14F998,0x0014f998,0x0014fa58,0xc0
noop_wrapper___,0x0014fa58,0x0014fa70,0x18
noop_wrapper___,0x0014fa70,0x0014fa88,0x18
noop_wrapper___,0x0014fa88,0x0014faa0,0x18
noop_wrapper___,0x0014faa0,0x0014fab8,0x18
noop_wrapper___,0x0014fab8,0x0014facc,0x14
noop_wrapper___,0x0014fad0,0x0014fae4,0x14
sub_14FAE8,0x0014fae8,0x0014fb78,0x90
sub_14FB78,0x0014fb78,0x0014fbfc,0x84
get_global_var_z_2,0x0014fc28,0x0014fc34,0xc
noop_wrapper___,0x0014fc48,0x0014fc88,0x40
noop_wrapper_z_29,0x0014fcb0,0x0014fcd0,0x20
noop_wrapper___,0x0014fcd0,0x0014fd0c,0x3c
return_zero_m,0x0014fd10,0x0014fd44,0x34
sub_14FD48,0x0014fd48,0x0014fdac,0x64
noop_wrapper___,0x0014fdb0,0x0014fdec,0x3c
return_zero_n,0x0014fdf0,0x0014fe20,0x30
sub_14FE20,0x0014fe20,0x0014fe84,0x64
get_global_var_z_3,0x0014fe98,0x0014fea4,0xc
sub_14FEA8,0x0014fea8,0x0014feec,0x44
wrap_noop_wrapper_z_73,0x0014fef0,0x0014ff28,0x38
noop_wrapper___,0x0014ff28,0x0014ff3c,0x14
noop_wrapper___,0x0014ff40,0x0014ff54,0x14
noop_wrapper___,0x0014ff58,0x0014ff6c,0x14
noop_u,0x0014ff70,0x0014ff78,0x8
noop_v,0x0014ff80,0x0014ff88,0x8
sub_14FF88,0x0014ff88,0x0014ffe8,0x60
wrap_iop_bind_or_call,0x0014ffe8,0x00150008,0x20
wrap_ptr_deref_safe_clone_02,0x00150008,0x00150054,0x4c
wrap_ptr_deref_safe_b,0x00150058,0x001500a8,0x50
sub_1500A8,0x001500a8,0x0015010c,0x64
sub_150110,0x00150110,0x00150184,0x74
noop_wrapper___,0x00150188,0x0015022c,0xa4
sub_150230,0x00150230,0x001502b4,0x84
sub_1502B8,0x001502b8,0x001502ec,0x34
sub_1502F0,0x001502f0,0x00150344,0x54
sub_150348,0x00150348,0x001503cc,0x84
sub_1503D0,0x001503d0,0x00150404,0x34
sub_150408,0x00150408,0x0015045c,0x54
noop_wrapper___,0x00150460,0x00150498,0x38
obj_set_field_pair_p_clone_06,0x00150498,0x001504c4,0x2c
wrap_iop_bind_or_call_b,0x001504c8,0x001504ec,0x24
noop_wrapper___,0x001504f0,0x00150514,0x24
get_field_val__,0x00150518,0x00150520,0x8
get_field_val_z_15,0x00150520,0x00150528,0x8
wrap_wrap_sub_155900,0x00150528,0x00150564,0x3c
wrap_sub_150568,0x00150568,0x00150580,0x18
noop_wrapper___,0x00150580,0x00150598,0x18
return_zero_o,0x00150598,0x001505b0,0x18
wrap_iop_bind_or_call_c,0x001505b0,0x001505d0,0x20
ptr_deref_safe,0x001505d0,0x001505e4,0x14
get_field_val_z_16,0x001505e8,0x001505f0,0x8
get_field_val_z_17,0x001505f8,0x00150600,0x8
wrap_ptr_deref_safe_0,0x00150600,0x00150674,0x74
noop_wrapper___,0x00150678,0x001506e8,0x70
sub_1506E8,0x001506e8,0x00150780,0x98
sub_150780,0x00150780,0x001507d8,0x58
sub_1507D8,0x001507d8,0x00150934,0x15c
sub_150938,0x00150938,0x001509e0,0xa8
sub_1509E0,0x001509e0,0x00150a58,0x78
sub_150A58,0x00150a58,0x00150aac,0x54
noop_wrapper___,0x00150ab0,0x00150adc,0x2c
sub_150AE0,0x00150ae0,0x00150bac,0xcc
noop_wrapper___,0x00150bb0,0x00150bdc,0x2c
sub_150BE0,0x00150be0,0x00150c0c,0x2c
sub_150C10,0x00150c10,0x00150c88,0x78
sub_150C88,0x00150c88,0x00150d28,0xa0
wrap_ptr_deref_safe_b_0,0x00150d28,0x00150d98,0x70
sub_150D98,0x00150d98,0x00150e14,0x7c
sub_150E18,0x00150e18,0x00150e60,0x48
wrap_iop_bind_or_call_d,0x00150e60,0x00150e9c,0x3c
obj_set_field_pair_p_clone_07,0x00150ea0,0x00150ed4,0x34
obj_set_field_pair_p_clone_08,0x00150ed8,0x00150f0c,0x34
sub_150F10,0x00150f10,0x00150f64,0x54
wrap_ptr_deref_safe_c,0x00150f68,0x00150fe8,0x80
wrap_ptr_deref_safe_clone_03,0x00150fe8,0x00151034,0x4c
sub_151038,0x00151038,0x00151124,0xec
sub_151128,0x00151128,0x0015121c,0xf4
sub_151220,0x00151220,0x00151274,0x54
sub_151278,0x00151278,0x001512a8,0x30
sub_1512A8,0x001512a8,0x0015130c,0x64
wrap_ptr_deref_safe_d,0x00151310,0x0015137c,0x6c
sub_151380,0x00151380,0x00151424,0xa4
wrap_iop_bind_or_call_clone_01,0x00151428,0x00151448,0x20
wrap_iop_bind_or_call_e,0x00151448,0x00151468,0x20
wrap_iop_bind_or_call_f,0x00151468,0x00151488,0x20
wrap_iop_bind_or_call_g,0x00151488,0x001514a8,0x20
wrap_iop_bind_or_call_h,0x001514a8,0x001514c8,0x20
wrap_iop_bind_or_call_b_0,0x001514c8,0x00151510,0x48
wrap_iop_bind_or_call_b_0_clone_01,0x00151510,0x00151554,0x44
wrap_iop_bind_or_call_b_0_clone_02,0x00151558,0x001515a0,0x48
wrap_iop_bind_or_call_c_0,0x001515a0,0x001515e4,0x44
sub_1515E8,0x001515e8,0x00151600,0x18
wrap_iop_bind_or_call_1,0x00151600,0x00151640,0x40
noop_wrapper___,0x00151640,0x00151668,0x28
sub_151668,0x00151668,0x001516c8,0x60
noop_wrapper_z_30,0x001516c8,0x001516f0,0x28
wrap_msg_dispatch_b,0x001516f0,0x00151708,0x18
noop_wrapper___,0x00151708,0x0015171c,0x14
return_const_6175,0x00151720,0x00151728,0x8
noop_wrapper___,0x00151728,0x0015173c,0x14
noop_wrapper___,0x00151740,0x00151754,0x14
get_field_val_b,0x00151758,0x00151760,0x8
noop_wrapper___,0x00151768,0x001518a4,0x13c
noop_wrapper___,0x001518a8,0x001518f4,0x4c
sub_1518F8,0x001518f8,0x00151948,0x50
sub_151948,0x00151948,0x00151994,0x4c
state_sub_c240_clone_05,0x00151998,0x001519f4,0x5c
sub_1519F8,0x001519f8,0x00151ac4,0xcc
noop_wrapper_z_31,0x00151ac8,0x00151ad4,0xc
mem_fill_c,0x00151ad8,0x00151ae8,0x10
obj_set_fields__,0x00151ae8,0x00151b30,0x48
mem_fill_z_1,0x00151b30,0x00151ba4,0x74
sub_151BA8,0x00151ba8,0x00151c14,0x6c
sub_151C18,0x00151c18,0x00151c84,0x6c
sub_151C88,0x00151c88,0x00151cd4,0x4c
noop_wrapper___,0x00151cd8,0x00151cf0,0x18
noop_wrapper___,0x00151cf0,0x00151d08,0x18
sub_151D08,0x00151d08,0x00151db8,0xb0
sub_151DB8,0x00151db8,0x00151e68,0xb0
sub_151E68,0x00151e68,0x00151f6c,0x104
wrap_get_field_val_b,0x00151f70,0x00151f9c,0x2c
sub_151FA0,0x00151fa0,0x00151ff4,0x54
noop_wrapper___,0x00151ff8,0x00152160,0x168
sub_152160,0x00152160,0x001521cc,0x6c
wrap_ptr_deref_safe_e,0x001521d0,0x0015222c,0x5c
sub_152230,0x00152230,0x0015229c,0x6c
wrap_ptr_deref_safe_f,0x001522a0,0x001522fc,0x5c
noop_wrapper_z_32,0x00152300,0x00152310,0x10
sub_152310,0x00152310,0x00152334,0x24
sub_152338,0x00152338,0x00152398,0x60
vtable_dispatch_d,0x00152398,0x001523c8,0x30
sub_1523C8,0x001523c8,0x00152428,0x60
obj_set_fields__,0x00152428,0x00152444,0x1c
vtable_dispatch_e,0x00152448,0x00152478,0x30
noop_wrapper___,0x00152478,0x001524d0,0x58
sub_1524D0,0x001524d0,0x00152514,0x44
mem_fill_z_2,0x00152518,0x00152664,0x14c
sub_152668,0x00152668,0x001526c4,0x5c
sub_1526C8,0x001526c8,0x00152770,0xa8
sub_152770,0x00152770,0x001527d0,0x60
noop_wrapper___,0x001527d0,0x001527e8,0x18
noop_wrapper___,0x001527e8,0x00152800,0x18
noop_wrapper___,0x00152818,0x00152864,0x4c
wrap_get_field_val_b_0_0,0x00152868,0x001528e0,0x78
wrap_get_field_val_b_0,0x001528e0,0x00152930,0x50
sub_152930,0x00152930,0x001529a0,0x70
sub_1529A0,0x001529a0,0x001529ec,0x4c
wrap_get_field_val_b_0_b,0x001529f0,0x00152a3c,0x4c
sub_152A40,0x00152a40,0x00152ae0,0xa0
sub_152AE0,0x00152ae0,0x00152b80,0xa0
noop_wrapper_z_33,0x00152b80,0x00152b98,0x18
get_field_val_z_18,0x00152b98,0x00152bb0,0x18
noop_wrapper_z_34,0x00152bb0,0x00152bc8,0x18
get_field_val_z_19,0x00152bc8,0x00152be0,0x18
noop_wrapper___,0x00152be0,0x00152bf4,0x14
noop_wrapper_z_35,0x00152bf8,0x00152c0c,0x14
wrap_ptr_deref_safe_g,0x00152c10,0x00152c7c,0x6c
sub_152C80,0x00152c80,0x00152cdc,0x5c
wrap_get_field_val_b_0_c,0x00152ce0,0x00152d0c,0x2c
sub_152D10,0x00152d10,0x00152d7c,0x6c
sub_152D80,0x00152d80,0x00152ddc,0x5c
noop_wrapper_z_36,0x00152de0,0x00152df4,0x14
sub_152DF8,0x00152df8,0x00152edc,0xe4
noop_wrapper_z_37,0x00152ee0,0x00152ef8,0x18
noop_wrapper___,0x00152ef8,0x00152f10,0x18
noop_wrapper___,0x00152f10,0x00152f28,0x18
noop_wrapper___,0x00152f28,0x00152f40,0x18
noop_wrapper_z_38,0x00152f40,0x00152f58,0x18
sub_152F58,0x00152f58,0x00153018,0xc0
sub_153018,0x00153018,0x001530b4,0x9c
sub_1530B8,0x001530b8,0x00153118,0x60
sub_153118,0x00153118,0x001531ec,0xd4
sub_1531F0,0x001531f0,0x00153258,0x68
wrap_ptr_deref_safe_h,0x00153258,0x001532a8,0x50
noop_wrapper___,0x001532a8,0x001532c0,0x18
sub_1532C0,0x001532c0,0x00153384,0xc4
sub_153388,0x00153388,0x00153448,0xc0
sub_153448,0x00153448,0x001534d0,0x88
sub_1534D0,0x001534d0,0x001535b8,0xe8
sub_1535B8,0x001535b8,0x00153664,0xac
noop_wrapper___,0x00153668,0x00153680,0x18
noop_wrapper___,0x00153680,0x00153698,0x18
noop_wrapper___,0x00153698,0x001536b0,0x18
noop_wrapper___,0x001536b0,0x001536c8,0x18
noop_wrapper___,0x001536c8,0x001536e0,0x18
noop_wrapper___,0x001536e0,0x00153704,0x24
obj_set_field_pair_p_clone_09,0x00153708,0x00153734,0x2c
noop_wrapper___,0x00153738,0x00153764,0x2c
sub_153768,0x00153768,0x00153828,0xc0
wrap_str_format_into_buf_b_02,0x00153828,0x00153874,0x4c
sub_153880,0x00153880,0x0015393c,0xbc
get_field_val_z_20,0x00153940,0x00153948,0x8
sub_153948,0x00153948,0x00153a00,0xb8
sub_153A00,0x00153a00,0x00153abc,0xbc
sub_153AC0,0x00153ac0,0x00153b40,0x80
noop_wrapper___,0x00153b40,0x00153b64,0x24
noop_wrapper___,0x00153b68,0x00153b8c,0x24
noop_wrapper___,0x00153b90,0x00153bb4,0x24
noop_sub_3bb8,0x00153bb8,0x00153be8,0x30
noop_wrapper_z_39,0x00153be8,0x00153c1c,0x34
sub_153C20,0x00153c20,0x00153cc4,0xa4
noop_wrapper___,0x00153cc8,0x00153d18,0x50
sub_153D18,0x00153d18,0x00153d88,0x70
sub_153D88,0x00153d88,0x00153df4,0x6c
sub_153DF8,0x00153df8,0x00153e5c,0x64
sub_153E60,0x00153e60,0x00153eb4,0x54
sub_153EB8,0x00153eb8,0x00153f00,0x48
sub_153F00,0x00153f00,0x00153f54,0x54
sub_153F58,0x00153f58,0x00153fb0,0x58
sub_153FB0,0x00153fb0,0x00154010,0x60
sub_154010,0x00154010,0x00154078,0x68
sub_154078,0x00154078,0x001540d4,0x5c
sub_1540D8,0x001540d8,0x00154134,0x5c
sub_154138,0x00154138,0x00154198,0x60
sub_154198,0x00154198,0x001541f4,0x5c
sub_1541F8,0x001541f8,0x00154344,0x14c
sub_154348,0x00154348,0x001543f4,0xac
sub_1543F8,0x001543f8,0x001544a4,0xac
noop_wrapper_z_40,0x001544a8,0x001544bc,0x14
noop_wrapper_z_41,0x001544c0,0x001544d4,0x14
noop_wrapper_e,0x001544f0,0x00154534,0x44
sub_154538,0x00154538,0x00154574,0x3c
noop_wrapper___,0x00154578,0x0015458c,0x14
wrap_sub_154590,0x00154590,0x001545c8,0x38
noop_wrapper___,0x001545c8,0x001545e8,0x20
wrap_sub_154591,0x001545e8,0x00154620,0x38
noop_wrapper___,0x00154620,0x00154668,0x48
noop_wrapper___,0x00154668,0x00154688,0x20
noop_wrapper___,0x00154688,0x001546c0,0x38
noop_wrapper___,0x001546c0,0x001546e0,0x20
noop_wrapper___,0x001546e0,0x00154718,0x38
noop_wrapper___,0x00154718,0x00154738,0x20
wrap_set_global_var_j,0x00154738,0x00154768,0x30
wrap_set_global_var_j_b,0x00154768,0x00154790,0x28
noop_wrapper___,0x00154790,0x001547a4,0x14
wrap_noop_wrapper___415,0x001547a8,0x001547bc,0x14
wrap_noop_wrapper___346,0x001547c0,0x001547e0,0x20
noop_wrapper___,0x001547e0,0x001547f4,0x14
wrap_noop_wrapper___347,0x001547f8,0x00154818,0x20
noop_wrapper___,0x00154818,0x0015482c,0x14
wrap_noop_wrapper___348,0x00154830,0x00154850,0x20
noop_wrapper___,0x00154850,0x00154864,0x14
wrap_noop_wrapper___349,0x00154868,0x00154888,0x20
noop_wrapper___,0x00154888,0x0015489c,0x14
noop_wrapper___,0x001548a0,0x001548b4,0x14
msg_dispatch,0x001548b8,0x0015494c,0x94
noop_wrapper___,0x00154950,0x00154968,0x18
noop_wrapper___,0x00154968,0x0015497c,0x14
wrap_wrap_mem_compare_n_c_b,0x00154980,0x00154994,0x14
wrap_noop_wrapper___535,0x00154998,0x001549bc,0x24
sub_1549C0,0x001549c0,0x00154a5c,0x9c
obj_set_fields___,0x00154a60,0x00154ae0,0x80
noop_wrapper___,0x00154ae0,0x00154cf8,0x218
sub_154CF8,0x00154cf8,0x00154db4,0xbc
sub_154DB8,0x00154db8,0x00154e60,0xa8
sub_154E60,0x00154e60,0x00154ed4,0x74
sub_154ED8,0x00154ed8,0x00154f40,0x68
noop_wrapper___,0x00154f40,0x00154f54,0x14
sub_154F58,0x00154f58,0x00154fa4,0x4c
noop_wrapper___,0x00154fa8,0x00154fec,0x44
wrap_get_data_ptr_j,0x00154ff0,0x00155010,0x20
return_zero_p,0x00155010,0x00155030,0x20
return_sub_5030,0x00155030,0x001550d4,0xa4
noop_wrapper___,0x001550d8,0x001550ec,0x14
obj_set_fields_d_1,0x001550f0,0x00155148,0x58
wrap_get_data_ptr_k,0x00155148,0x00155178,0x30
wrap_get_data_ptr_l,0x00155178,0x001551a8,0x30
obj_set_field_pair_u,0x001551a8,0x001551e0,0x38
wrap_get_data_ptr_m,0x001551e0,0x00155210,0x30
noop_sub_5210,0x00155210,0x00155320,0x110
sub_155320,0x00155320,0x00155494,0x174
return_zero_q,0x00155498,0x001554b8,0x20
noop_wrapper___,0x001554b8,0x001554d0,0x18
wrap_get_data_ptr_n,0x001554d0,0x001554f8,0x28
wrap_get_data_ptr_o,0x001554f8,0x00155518,0x20
obj_set_field_byte_n,0x00155518,0x00155520,0x8
get_field_val__,0x00155520,0x00155528,0x8
noop_wrapper_z_42,0x00155528,0x00155530,0x8
get_field_val_z_21,0x00155530,0x00155538,0x8
wrap_ptr_deref_safe_i,0x00155538,0x0015559c,0x64
wrap_get_data_ptr_p,0x001555a0,0x001555dc,0x3c
get_field_val_z_22,0x001555e0,0x001555e8,0x8
wrap_get_data_ptr_q,0x001555e8,0x00155608,0x20
noop_wrapper___,0x00155608,0x0015562c,0x24
noop_seq_noop_wrapper___414,0x00155630,0x00155680,0x50
wrap_get_field_val___2_0,0x00155680,0x001556a0,0x20
wrap_get_field_val___2,0x001556a0,0x001556cc,0x2c
wrap_get_data_ptr_r,0x001556d0,0x001556f8,0x28
wrap_get_data_ptr_s,0x001556f8,0x00155718,0x20
sub_155718,0x00155718,0x001557c0,0xa8
return_zero_j_0,0x001557c0,0x001557c8,0x8
return_zero_r,0x001557c8,0x001557d0,0x8
return_zero_k_0,0x001557d0,0x001557d8,0x8
return_zero_s,0x001557d8,0x001557e0,0x8
dat_callback_dispatch_f_clone_05,0x001557e0,0x00155808,0x28
sub_155810,0x00155810,0x001558b0,0xa0
return_zero_t,0x001558b0,0x001558d0,0x20
noop_wrapper___,0x001558d0,0x001558f4,0x24
noop_x_0,0x001558f8,0x00155900,0x8
wrap_sub_155900,0x00155900,0x00155924,0x24
noop_wrapper___,0x00155928,0x0015593c,0x14
wrap_sub_155940,0x00155940,0x00155968,0x28
noop_wrapper___,0x00155968,0x0015597c,0x14
noop_wrapper___,0x00155980,0x00155998,0x18
noop_wrapper___,0x00155998,0x001559ac,0x14
wrap_noop_wrapper___114,0x001559b0,0x00155a08,0x58
wrap_noop_wrapper___114_b,0x00155a08,0x00155a7c,0x74
noop_wrapper___,0x00155a80,0x00155a94,0x14
wrap_noop_wrapper___121,0x00155a98,0x00155ac0,0x28
wrap_noop_wrapper___122,0x00155ac0,0x00155ae8,0x28
noop_wrapper___,0x00155ae8,0x00155afc,0x14
sub_155B00,0x00155b00,0x00155b60,0x60
noop_wrapper___,0x00155ba0,0x00155bbc,0x1c
sub_155BC0,0x00155bc0,0x00155bdc,0x1c
sub_155BE0,0x00155be0,0x00155bfc,0x1c
sub_155C00,0x00155c00,0x00155c1c,0x1c
vtable_dispatch___35_clone_01,0x00155c20,0x00155cd8,0xb8
sub_155CD8,0x00155cd8,0x00155d30,0x58
wrap_sub_106631,0x00155d30,0x00155d6c,0x3c
wrap_global_dec_get,0x00155d70,0x00155d98,0x28
sub_155D98,0x00155d98,0x00155e28,0x90
sub_155E28,0x00155e28,0x00155edc,0xb4
noop_w,0x00155ee0,0x00155ee8,0x8
sub_155EE8,0x00155ee8,0x00155f74,0x8c
vtable_dispatch_f,0x00155f78,0x00155fa4,0x2c
sub_155FA8,0x00155fa8,0x00156030,0x88
sub_156030,0x00156030,0x001560e4,0xb4
sub_1560E8,0x001560e8,0x00156350,0x268
sub_156350,0x00156350,0x001563d8,0x88
noop_wrapper___,0x001563d8,0x001563f4,0x1c
sub_1563F8,0x001563f8,0x001564b8,0xc0
sub_1564B8,0x001564b8,0x001565d4,0x11c
sub_1565D8,0x001565d8,0x001566ec,0x114
sub_1566F0,0x001566f0,0x00156740,0x50
sub_156740,0x00156740,0x001567e4,0xa4
noop_wrapper___,0x001567e8,0x00156810,0x28
sub_156810,0x00156810,0x001569ac,0x19c
noop_wrapper___,0x001569b0,0x001569f8,0x48
noop_wrapper___,0x001569f8,0x00156a18,0x20
sub_156A18,0x00156a18,0x00156ac0,0xa8
noop_wrapper___,0x00156ac0,0x00156ad8,0x18
noop_wrapper___,0x00156ad8,0x00156af0,0x18
noop_wrapper___,0x00156af0,0x00156b0c,0x1c
sub_156B10,0x00156b10,0x00156bc4,0xb4
noop_wrapper___,0x00156bc8,0x00156bec,0x24
sub_156BF0,0x00156bf0,0x00156c54,0x64
sub_156C58,0x00156c58,0x00156dac,0x154
rpc_dispatch_or_async_clone_02,0x00156db0,0x00156f68,0x1b8
sub_156F68,0x00156f68,0x00156fd4,0x6c
get_global_var_z_4,0x00156fd8,0x00156fe4,0xc
wrap_table_set_by_stride,0x00156fe8,0x00157024,0x3c
sub_157028,0x00157028,0x001570e4,0xbc
sub_1570E8,0x001570e8,0x00157190,0xa8
sub_157190,0x00157190,0x00157268,0xd8
return_zero_u,0x00157268,0x00157288,0x20
return_zero_v,0x00157288,0x00157298,0x10
return_zero_l_0,0x00157298,0x001572a0,0x8
return_zero_w,0x001572a0,0x001572c0,0x20
return_zero_x,0x001572c0,0x001572e4,0x24
sub_1572E8,0x001572e8,0x001573d8,0xf0
sub_1573D8,0x001573d8,0x001574ac,0xd4
sub_1574B0,0x001574b0,0x001574fc,0x4c
wrap_sif_bind_rpc,0x00157500,0x0015751c,0x1c
wrap_sif_bind_rpc_clone_01,0x00157520,0x0015753c,0x1c
wrap_sif_bind_rpc_clone_02,0x00157540,0x0015755c,0x1c
wrap_sif_bind_rpc_clone_03,0x00157560,0x0015757c,0x1c
sub_157580,0x00157580,0x0015760c,0x8c
blend_state_is_idle_clone_03,0x00157610,0x00157640,0x30
sub_157640,0x00157640,0x001576d0,0x90
sub_1576D0,0x001576d0,0x00157748,0x78
sub_157748,0x00157748,0x001577c4,0x7c
sub_1577C8,0x001577c8,0x00157834,0x6c
sub_157838,0x00157838,0x0015788c,0x54
return_zero_m_0,0x00157890,0x00157898,0x8
return_zero_n_0,0x00157898,0x001578a0,0x8
wrap_table_lookup_2d,0x001578a0,0x00157910,0x70
sub_157910,0x00157910,0x0015797c,0x6c
sub_157980,0x00157980,0x001579ec,0x6c
sub_1579F0,0x001579f0,0x00157a30,0x40
noop_x,0x00157a30,0x00157a38,0x8
return_zero_o_0,0x00157a38,0x00157a40,0x8
return_zero_y,0x00157a40,0x00157a60,0x20
wrap_table_lookup_2d_b,0x00157a60,0x00157aa8,0x48
wrap_table_lookup_2d_c,0x00157aa8,0x00157af0,0x48
wrap_table_lookup_2d_d,0x00157af0,0x00157b44,0x54
wrap_sif_bind_rpc_b,0x00157b48,0x00157b64,0x1c
wrap_sif_bind_rpc_0,0x00157b68,0x00157b84,0x1c
wrap_sif_bind_rpc_b_0,0x00157b88,0x00157ba4,0x1c
wrap_sif_bind_rpc_c_0,0x00157ba8,0x00157bc4,0x1c
return_zero_p_0,0x00157bc8,0x00157bd0,0x8
noop_wrapper___,0x00157bd0,0x00157be4,0x14
noop_y,0x00157be8,0x00157bf0,0x8
sub_157BF0,0x00157bf0,0x00157d28,0x138
sub_157D28,0x00157d28,0x00157d64,0x3c
sub_157D68,0x00157d68,0x00157e24,0xbc
mem_fill_z_3,0x00157e28,0x00157ebc,0x94
wrap_sub_120709,0x00157ec0,0x00157efc,0x3c
sub_157F00,0x00157f00,0x00157f68,0x68
sub_157F68,0x00157f68,0x00158020,0xb8
sub_158020,0x00158020,0x001580c0,0xa0
sub_158148,0x00158148,0x00158194,0x4c
sub_158198,0x00158198,0x001581b8,0x20
sub_1581E8,0x001581e8,0x00158290,0xa8
sub_158290,0x00158290,0x001582d4,0x44
obj_set_fields_l_3,0x00158348,0x001583e8,0xa0
noop_wrapper_z_43,0x001583e8,0x001583f4,0xc
sub_1583F8,0x001583f8,0x00158440,0x48
sub_158440,0x00158440,0x00158488,0x48
noop_wrapper___,0x001584b0,0x001584c8,0x18
noop_wrapper___,0x001584c8,0x00158584,0xbc
noop_wrapper___,0x00158588,0x001585a0,0x18
noop_wrapper___,0x001585a0,0x00158704,0x164
sub_158708,0x00158708,0x00158794,0x8c
sub_158798,0x00158798,0x0015888c,0xf4
noop_sub_8890,0x00158890,0x001588e8,0x58
sub_1588E8,0x001588e8,0x00158958,0x70
sub_158958,0x00158958,0x001589c0,0x68
get_field_val_z_23,0x001589c0,0x001589e0,0x20
get_field_val_z_24,0x001589e0,0x00158a00,0x20
sub_158A00,0x00158a00,0x00158a9c,0x9c
sub_158AA0,0x00158aa0,0x00158b00,0x60
sub_158B00,0x00158b00,0x00158b34,0x34
return_zero_q_0,0x00159078,0x00159080,0x8
sub_159090,0x00159090,0x001590f0,0x60
sub_159160,0x00159160,0x0015918c,0x2c
obj_set_field_pair_c_0_clone_05,0x00159190,0x001591c4,0x34
noop_sub_91c8,0x001591c8,0x001591f4,0x2c
noop_sub_91f8,0x001591f8,0x0015922c,0x34
noop_wrapper___,0x00159230,0x00159258,0x28
noop_wrapper___,0x00159258,0x00159280,0x28
sub_159280,0x00159280,0x00159338,0xb8
sub_159338,0x00159338,0x001593c8,0x90
vtable_dispatch_g,0x001593c8,0x001593fc,0x34
vtable_dispatch_h,0x00159400,0x00159434,0x34
obj_set_flag_b,0x00159438,0x0015946c,0x34
wrap_sif_is_bound_0,0x00159470,0x001594cc,0x5c
wrap_table_lookup_2d_e,0x001594d0,0x001594f0,0x20
wrap_table_lookup_2d_f,0x001594f0,0x00159538,0x48
wrap_table_lookup_2d_g,0x00159538,0x00159580,0x48
obj_set_fields_m_2,0x00159580,0x00159608,0x88
sub_159608,0x00159608,0x001596c0,0xb8
sub_1596C0,0x001596c0,0x0015978c,0xcc
sub_159790,0x00159790,0x001598e8,0x158
sub_1598E8,0x001598e8,0x00159988,0xa0
sub_159988,0x00159988,0x00159a38,0xb0
sub_159A38,0x00159a38,0x00159a98,0x60
return_zero_z,0x00159a98,0x00159aa0,0x8
mem_fill_z_16_0,0x00159aa0,0x00159b58,0xb8
sub_159B58,0x00159b58,0x00159c40,0xe8
sub_159C40,0x00159c40,0x00159cd8,0x98
sub_159CD8,0x00159cd8,0x00159dc4,0xec
sub_159DC8,0x00159dc8,0x00159e14,0x4c
sub_159E18,0x00159e18,0x00159f1c,0x104
sub_159F20,0x00159f20,0x00159f88,0x68
sub_159F88,0x00159f88,0x0015a004,0x7c
sub_15A008,0x0015a008,0x0015a09c,0x94
sub_15A0A0,0x0015a0a0,0x0015a178,0xd8
sub_15A178,0x0015a178,0x0015a1f0,0x78
obj_check_state_range_clone_01,0x0015a1f0,0x0015a2a4,0xb4
obj_set_fields_n_2,0x0015a2a8,0x0015a34c,0xa4
sub_15A350,0x0015a350,0x0015a420,0xd0
mem_fill_z_4,0x0015a420,0x0015a4a0,0x80
sub_15A4A0,0x0015a4a0,0x0015a604,0x164
noop_wrapper___,0x0015a608,0x0015a628,0x20
noop_wrapper___,0x0015a628,0x0015a63c,0x14
sub_15A640,0x0015a640,0x0015a658,0x18
noop_wrapper_z_44,0x0015a658,0x0015a668,0x10
sub_15A668,0x0015a668,0x0015a720,0xb8
noop_wrapper___,0x0015a720,0x0015a744,0x24
noop_wrapper_z_45,0x0015a748,0x0015a774,0x2c
sub_15A778,0x0015a778,0x0015a7cc,0x54
sub_15A7D0,0x0015a7d0,0x0015a894,0xc4
noop_wrapper___,0x0015a898,0x0015a9a8,0x110
sub_15A9A8,0x0015a9a8,0x0015aa0c,0x64
event_entry_set_clone_01,0x0015aa10,0x0015aa5c,0x4c
sub_15AA60,0x0015aa60,0x0015aac4,0x64
sub_15AAC8,0x0015aac8,0x0015ac20,0x158
sub_15AC20,0x0015ac20,0x0015acac,0x8c
sub_15ACB0,0x0015acb0,0x0015ad64,0xb4
sub_15AD68,0x0015ad68,0x0015ade0,0x78
sub_15ADE0,0x0015ade0,0x0015ae74,0x94
sub_15AE78,0x0015ae78,0x0015b010,0x198
mem_fill_z_04,0x0015b010,0x0015b044,0x34
mem_fill_z_05,0x0015b048,0x0015b080,0x38
obj_set_fields___,0x0015b080,0x0015b0a4,0x24
return_const_2,0x0015b0a8,0x0015b0b0,0x8
sub_15B0B0,0x0015b0b0,0x0015b0e8,0x38
obj_find_free_slot_clone_01,0x0015b0e8,0x0015b10c,0x24
get_data_ptr_j,0x0015b110,0x0015b11c,0xc
noop_wrapper_z_46,0x0015b120,0x0015b12c,0xc
sub_15B130,0x0015b130,0x0015b198,0x68
sub_15B198,0x0015b198,0x0015b258,0xc0
obj_set_field_pair_v,0x0015b258,0x0015b268,0x10
sub_15B268,0x0015b268,0x0015b30c,0xa4
noop_wrapper___,0x0015b310,0x0015b324,0x14
sub_15B328,0x0015b328,0x0015b340,0x18
sif_bind_rpc,0x0015b340,0x0015b3b0,0x70
sub_15B3B0,0x0015b3b0,0x0015b3f0,0x40
sub_15B3F0,0x0015b3f0,0x0015b484,0x94
noop_wrapper_z_47,0x0015b488,0x0015b494,0xc
sub_15B498,0x0015b498,0x0015b560,0xc8
sif_is_bound,0x0015b560,0x0015b584,0x24
noop_wrapper___,0x0015b588,0x0015b59c,0x14
noop_wrapper___,0x0015b5a0,0x0015b5b4,0x14
wrap_noop_wrapper___529,0x0015b5b8,0x0015b5d4,0x1c
noop_wrapper___,0x0015b5d8,0x0015b5ec,0x14
noop_z,0x0015b5f0,0x0015b5f8,0x8
noop__,0x0015b5f8,0x0015b600,0x8
noop_wrapper_k,0x0015b600,0x0015b614,0x14
noop_wrapper_l,0x0015b618,0x0015b62c,0x14
return_zero_r_0,0x0015b630,0x0015b638,0x8
return_zero_s_0,0x0015b638,0x0015b640,0x8
return_zero__,0x0015b640,0x0015b664,0x24
return_zero_t_0,0x0015b668,0x0015b670,0x8
return_zero_u_0,0x0015b670,0x0015b678,0x8
return_zero_v_0,0x0015b678,0x0015b680,0x8
return_zero_w_0,0x0015b680,0x0015b688,0x8
return_zero_x_0,0x0015b688,0x0015b690,0x8
return_zero_y_0,0x0015b690,0x0015b698,0x8
noop_wrapper___,0x0015b698,0x0015b6b4,0x1c
sub_15B6B8,0x0015b6b8,0x0015b6dc,0x24
wrap_sif_bind_rpc_d_0,0x0015b6e0,0x0015b6fc,0x1c
wrap_sif_bind_rpc_e_0,0x0015b700,0x0015b71c,0x1c
return_zero_z_0,0x0015b720,0x0015b728,0x8
sub_15B728,0x0015b728,0x0015b7d8,0xb0
sub_15B808,0x0015b808,0x0015b878,0x70
return_zero__,0x0015b878,0x0015b880,0x8
return_zero__,0x0015b880,0x0015b8a0,0x20
sub_15B8A0,0x0015b8a0,0x0015b92c,0x8c
wrap_table_lookup_2d_1,0x0015b930,0x0015b98c,0x5c
sub_15B990,0x0015b990,0x0015ba68,0xd8
sub_15BA68,0x0015ba68,0x0015bb28,0xc0
noop_wrapper___,0x0015bb28,0x0015bb74,0x4c
sub_15BB90,0x0015bb90,0x0015be70,0x2e0
sub_15BE70,0x0015be70,0x0015bee8,0x78
sub_15BEE8,0x0015bee8,0x0015bfc4,0xdc
sub_15BFC8,0x0015bfc8,0x0015c008,0x40
sub_15C008,0x0015c008,0x0015c068,0x60
noop_wrapper_z_48,0x0015c068,0x0015c090,0x28
sub_15C090,0x0015c090,0x0015c208,0x178
noop_wrapper___,0x0015c208,0x0015c278,0x70
sub_15C278,0x0015c278,0x0015c3e8,0x170
sub_15C3E8,0x0015c3e8,0x0015c5c0,0x1d8
sub_15C5C0,0x0015c5c0,0x0015c644,0x84
sub_15C648,0x0015c648,0x0015c6e4,0x9c
sub_15C6E8,0x0015c6e8,0x0015c7c0,0xd8
sub_15C7C0,0x0015c7c0,0x0015c868,0xa8
wrap_wrap_mem_copy,0x0015c868,0x0015c8d4,0x6c
return_const_1_b,0x0015c8d8,0x0015c8e0,0x8
sub_15C8E0,0x0015c8e0,0x0015ca70,0x190
sub_15CA70,0x0015ca70,0x0015caf8,0x88
sub_15CAF8,0x0015caf8,0x0015cb88,0x90
noop_wrapper_f_3,0x0015cb88,0x0015cb9c,0x14
sub_15CBA0,0x0015cba0,0x0015cce4,0x144
dat_callback_dispatch_f_clone_06,0x0015cce8,0x0015cd38,0x50
sub_15CD38,0x0015cd38,0x0015cda0,0x68
sub_15CDA0,0x0015cda0,0x0015cdf4,0x54
sub_15CDF8,0x0015cdf8,0x0015ce80,0x88
sub_15CE80,0x0015ce80,0x0015cf10,0x90
sub_15CF10,0x0015cf10,0x0015cfac,0x9c
sub_15CFB0,0x0015cfb0,0x0015d010,0x60
sub_15D010,0x0015d010,0x0015d104,0xf4
mem_fill_z_5,0x0015d108,0x0015d1b8,0xb0
sub_15D1B8,0x0015d1b8,0x0015d250,0x98
CAppMenuMain_Tick_clone_01,0x0015d250,0x0015d300,0xb0
noop__,0x0015d300,0x0015d308,0x8
sub_15D308,0x0015d308,0x0015d3c0,0xb8
noop_wrapper___,0x0015d3c0,0x0015d408,0x48
sub_15D408,0x0015d408,0x0015d4cc,0xc4
sub_15D4D0,0x0015d4d0,0x0015d558,0x88
wrap_sif_bind_rpc_c,0x0015d558,0x0015d56c,0x14
wrap_sif_bind_rpc_1,0x0015d570,0x0015d5c0,0x50
noop_wrapper___,0x0015d5c0,0x0015d5d4,0x14
return_zero_z_1,0x0015d5d8,0x0015d5e0,0x8
return_zero_z_2,0x0015d5e0,0x0015d5e8,0x8
return_zero_z_3,0x0015d5e8,0x0015d5f0,0x8
return_zero_z_4,0x0015d5f0,0x0015d5f8,0x8
wrap_sif_bind_rpc_d,0x0015d5f8,0x0015d614,0x1c
wrap_sif_bind_rpc_f_0,0x0015d618,0x0015d634,0x1c
wrap_sif_bind_rpc_g_0,0x0015d638,0x0015d654,0x1c
wrap_sif_bind_rpc_h_0,0x0015d658,0x0015d674,0x1c
sub_15D678,0x0015d678,0x0015d71c,0xa4
noop__,0x0015d720,0x0015d728,0x8
sub_15D728,0x0015d728,0x0015d7c8,0xa0
event_entry_set_clone_02,0x0015d7c8,0x0015d814,0x4c
get_field_val_z_25,0x0015d818,0x0015d824,0xc
sub_15D828,0x0015d828,0x0015d8d4,0xac
sub_15D8D8,0x0015d8d8,0x0015d9c8,0xf0
sub_15DA68,0x0015da68,0x0015daf8,0x90
sub_15DAF8,0x0015daf8,0x0015dbb0,0xb8
sub_15DBB0,0x0015dbb0,0x0015dc38,0x88
sub_15DC38,0x0015dc38,0x0015dcac,0x74
sub_15DCB0,0x0015dcb0,0x0015dd1c,0x6c
wrap_sif_is_bound_b,0x0015dd20,0x0015ddc4,0xa4
sub_15DDC8,0x0015ddc8,0x0015df20,0x158
sub_15DF20,0x0015df20,0x0015dffc,0xdc
return_zero__,0x0015e000,0x0015e008,0x8
return_zero__,0x0015e008,0x0015e028,0x20
sub_15E028,0x0015e028,0x0015e0d4,0xac
sub_15E0D8,0x0015e0d8,0x0015e148,0x70
sub_15E148,0x0015e148,0x0015e1e4,0x9c
noop_wrapper___,0x0015e1e8,0x0015e200,0x18
sub_15E200,0x0015e200,0x0015e2ac,0xac
sub_15E2B0,0x0015e2b0,0x0015e30c,0x5c
sub_15E310,0x0015e310,0x0015e378,0x68
sub_15E378,0x0015e378,0x0015e45c,0xe4
sub_15E488,0x0015e488,0x0015e50c,0x84
sub_15E510,0x0015e510,0x0015e57c,0x6c
noop_wrapper___,0x0015e580,0x0015e59c,0x1c
sub_15E5A0,0x0015e5a0,0x0015e62c,0x8c
sub_15E630,0x0015e630,0x0015e870,0x240
sub_15E870,0x0015e870,0x0015ea2c,0x1bc
sub_15EA30,0x0015ea30,0x0015ea94,0x64
sub_15EA98,0x0015ea98,0x0015eb20,0x88
sub_15EB20,0x0015eb20,0x0015ec74,0x154
sub_15EC78,0x0015ec78,0x0015eddc,0x164
sub_15EDE0,0x0015ede0,0x0015f0a8,0x2c8
sub_15F0A8,0x0015f0a8,0x0015f0f4,0x4c
sub_15F0F8,0x0015f0f8,0x0015f1ac,0xb4
noop_wrapper___,0x0015f1b0,0x0015f1fc,0x4c
sub_15F200,0x0015f200,0x0015f2d0,0xd0
sub_15F2D0,0x0015f2d0,0x0015f32c,0x5c
sub_15F330,0x0015f330,0x0015f3d4,0xa4
sub_15F3D8,0x0015f3d8,0x0015f494,0xbc
noop_wrapper___,0x0015f498,0x0015f4dc,0x44
sub_15F4E0,0x0015f4e0,0x0015f524,0x44
noop_wrapper___,0x0015f528,0x0015f540,0x18
sub_15F540,0x0015f540,0x0015f5d4,0x94
sub_15F5D8,0x0015f5d8,0x0015f930,0x358
sub_15F930,0x0015f930,0x0015f9d8,0xa8
obj_set_fields___04,0x0015f9d8,0x0015fa00,0x28
sub_15FA00,0x0015fa00,0x0015fb7c,0x17c
noop_wrapper___,0x0015fb80,0x0015fbbc,0x3c
sub_15FBC0,0x0015fbc0,0x0015fe44,0x284
sub_15FE48,0x0015fe48,0x0015ff14,0xcc
sub_15FF18,0x0015ff18,0x0015fff4,0xdc
mem_fill_z_6,0x0015fff8,0x001600b8,0xc0
sub_1600B8,0x001600b8,0x001603c4,0x30c
sub_1603C8,0x001603c8,0x001604c0,0xf8
sub_1604C0,0x001604c0,0x001605a0,0xe0
sub_1605A0,0x001605a0,0x001606e4,0x144
obj_set_fields_o_2,0x001606e8,0x00160738,0x50
sub_160738,0x00160738,0x00160864,0x12c
sub_160868,0x00160868,0x00160984,0x11c
mem_fill_d,0x00160988,0x001609bc,0x34
sub_1609C0,0x001609c0,0x00160b78,0x1b8
sub_160B78,0x00160b78,0x00160c6c,0xf4
sub_160C70,0x00160c70,0x00160ccc,0x5c
sub_160CD0,0x00160cd0,0x00160dd8,0x108
sub_160DD8,0x00160dd8,0x00160e28,0x50
sub_160E28,0x00160e28,0x00160e78,0x50
sub_160E78,0x00160e78,0x00160f58,0xe0
sub_160F58,0x00160f58,0x001610d0,0x178
obj_set_fields___180_1,0x001610d0,0x001610e8,0x18
sub_1610E8,0x001610e8,0x001611d8,0xf0
obj_set_fields___,0x001611d8,0x00161250,0x78
sub_161250,0x00161250,0x001614fc,0x2ac
sub_161500,0x00161500,0x00161808,0x308
sub_161808,0x00161808,0x0016188c,0x84
sub_161890,0x00161890,0x001619a8,0x118
sub_1619A8,0x001619a8,0x00161b38,0x190
sub_161B38,0x00161b38,0x00161be0,0xa8
sub_161BE0,0x00161be0,0x00161d54,0x174
wrap_mem_copy,0x00161d58,0x00161d9c,0x44
sub_161DA0,0x00161da0,0x00161efc,0x15c
noop_wrapper___,0x00161f00,0x00161f20,0x20
sub_161F20,0x00161f20,0x00161f78,0x58
sub_161F78,0x00161f78,0x001620d4,0x15c
sub_1620D8,0x001620d8,0x001622d0,0x1f8
sub_1622D0,0x001622d0,0x00162394,0xc4
sub_162398,0x00162398,0x00162448,0xb0
noop_wrapper___,0x00162448,0x00162464,0x1c
sub_162468,0x00162468,0x001624bc,0x54
wrap_sif_bind_rpc_b_1,0x001624c0,0x00162500,0x40
sub_162500,0x00162500,0x0016268c,0x18c
noop_wrapper___,0x00162690,0x001626a4,0x14
sub_1626A8,0x001626a8,0x001626d8,0x30
return_zero_z_5,0x001626d8,0x001626e0,0x8
return_zero_z_6,0x001626e0,0x001626e8,0x8
return_zero_z_7,0x001626e8,0x001626f0,0x8
wrap_sif_bind_rpc_e,0x001626f0,0x0016270c,0x1c
wrap_sif_bind_rpc_clone_04,0x00162710,0x0016272c,0x1c
sub_162730,0x00162730,0x001627f0,0xc0
sub_1627F0,0x001627f0,0x001629f8,0x208
noop_wrapper___,0x001629f8,0x00162a58,0x60
sub_162A58,0x00162a58,0x00162b7c,0x124
noop_wrapper_z_49,0x00162b80,0x00162b88,0x8
sub_162B88,0x00162b88,0x00162bf8,0x70
sub_162BF8,0x00162bf8,0x00162cf0,0xf8
blend_state_is_idle_clone_04,0x00162cf0,0x00162d20,0x30
sub_162D20,0x00162d20,0x00162dbc,0x9c
sub_162DC0,0x00162dc0,0x00162e64,0xa4
sub_162E68,0x00162e68,0x00162eb0,0x48
sub_162EB0,0x00162eb0,0x00162ef0,0x40
sub_162EF0,0x00162ef0,0x00162f38,0x48
noop_wrapper_z_50,0x00162f38,0x00162f48,0x10
get_field_val_z_26,0x00162f48,0x00162f54,0xc
noop_wrapper_z_51,0x00162f58,0x00162f64,0xc
sub_162F68,0x00162f68,0x00163008,0xa0
sub_163008,0x00163008,0x00163090,0x88
noop_wrapper_z_52,0x00163090,0x001630a0,0x10
obj_set_field_pair_c_0_clone_06,0x001630a0,0x001630b4,0x14
obj_set_field_pair_c_0_clone_07,0x001630b8,0x001630cc,0x14
event_entry_set_clone_03,0x001630d0,0x001630fc,0x2c
event_entry_set_clone_04,0x00163100,0x00163128,0x28
sub_163128,0x00163128,0x001631e4,0xbc
sub_1631E8,0x001631e8,0x00163248,0x60
sub_163248,0x00163248,0x001632d8,0x90
sub_1632D8,0x001632d8,0x001633a0,0xc8
wrap_sif_is_bound_c,0x001633a0,0x001633f4,0x54
sub_1633F8,0x001633f8,0x00163490,0x98
sub_163490,0x00163490,0x001635a0,0x110
obj_set_field_pair_c_0_clone_08,0x001635a0,0x001635bc,0x1c
vtable_dispatch_l_clone_03,0x001635c0,0x001635d8,0x18
sub_1635D8,0x001635d8,0x00163624,0x4c
wrap_cpu_disable_interrupts,0x00163628,0x0016368c,0x64
wrap_cpu_disable_interrupts_b,0x00163690,0x001636f4,0x64
obj_set_flag_c,0x001636f8,0x0016371c,0x24
obj_set_fields_p_3,0x00163720,0x00163798,0x78
sub_163798,0x00163798,0x001638d4,0x13c
sub_1638D8,0x001638d8,0x001639c4,0xec
sub_1639C8,0x001639c8,0x00163a18,0x50
sub_163A18,0x00163a18,0x00163a98,0x80
sub_163A98,0x00163a98,0x00163c94,0x1fc
sub_163C98,0x00163c98,0x00163d98,0x100
sub_163D98,0x00163d98,0x001640ac,0x314
sub_1640B0,0x001640b0,0x00164108,0x58
sub_164108,0x00164108,0x00164154,0x4c
noop_wrapper_z_53,0x00164158,0x00164164,0xc
deref_table_calc,0x00164168,0x00164178,0x10
noop_wrapper___,0x00164178,0x001641bc,0x44
sub_164228,0x00164228,0x0016443c,0x214
get_field_val_z_27,0x00164440,0x0016444c,0xc
wrap_sif_bind_rpc_f,0x00164450,0x001644b4,0x64
wrap_sub_164850,0x001644b8,0x00164558,0xa0
sub_164558,0x00164558,0x001645fc,0xa4
noop_wrapper___,0x00164600,0x00164624,0x24
noop_wrapper___,0x00164628,0x0016464c,0x24
mem_fill_z_7,0x00164650,0x00164700,0xb0
mem_fill_z_8,0x00164700,0x00164728,0x28
sub_164728,0x00164728,0x00164798,0x70
sub_164798,0x00164798,0x001647f4,0x5c
sub_1647F8,0x001647f8,0x00164850,0x58
sub_164850,0x00164850,0x0016497c,0x12c
sub_164980,0x00164980,0x00164ac8,0x148
get_field_val_z_28,0x00164ac8,0x00164ad4,0xc
sub_164AD8,0x00164ad8,0x00164cec,0x214
noop_wrapper_z_54,0x00164cf0,0x00164d08,0x18
sub_164D08,0x00164d08,0x00164d60,0x58
noop_wrapper_z_55,0x00164d60,0x00164d6c,0xc
return_const_72,0x00164d70,0x00164d78,0x8
wrap_sif_is_bound_d,0x00164d78,0x00164dc4,0x4c
sub_164DC8,0x00164dc8,0x00164e54,0x8c
sub_164E58,0x00164e58,0x00164ee4,0x8c
noop_wrapper___,0x00164ee8,0x00164f78,0x90
wrap_sif_is_bound_e,0x00164f78,0x00164fd0,0x58
sub_164FD0,0x00164fd0,0x00165040,0x70
wrap_sif_is_bound_f,0x00165040,0x001650ac,0x6c
wrap_sif_is_bound_g,0x001650b0,0x0016511c,0x6c
noop_wrapper___,0x00165120,0x00165144,0x24
wrap_sif_bind_rpc_i,0x00165148,0x0016518c,0x44
noop_wrapper___,0x00165190,0x001651a4,0x14
noop_y_0,0x001651a8,0x001651b0,0x8
obj_set_field_pair_c_0_clone_09,0x001651b0,0x001651d4,0x24
sub_1651D8,0x001651d8,0x00165250,0x78
wrap_sif_is_bound_h,0x00165250,0x001652a4,0x54
sub_1652A8,0x001652a8,0x00165300,0x58
sub_165300,0x00165300,0x00165414,0x114
wrap_sub_165418,0x00165418,0x00165440,0x28
noop_wrapper___,0x00165440,0x00165458,0x18
sub_165458,0x00165458,0x00165488,0x30
sub_165488,0x00165488,0x00165548,0xc0
sub_165548,0x00165548,0x001655f8,0xb0
sub_1655F8,0x001655f8,0x00165628,0x30
sub_165628,0x00165628,0x001656d0,0xa8
sub_1656D0,0x001656d0,0x00165758,0x88
sub_165758,0x00165758,0x0016581c,0xc4
sub_165820,0x00165820,0x001658c0,0xa0
state_byte_transition_s_2,0x001658c0,0x00165930,0x70
get_field_val___,0x00165930,0x00165938,0x8
wrap_sub_165938,0x00165938,0x0016599c,0x64
sub_1659A0,0x001659a0,0x00165a4c,0xac
sub_165A50,0x00165a50,0x00165bcc,0x17c
sub_165BD0,0x00165bd0,0x00165cb0,0xe0
sub_165CB0,0x00165cb0,0x00165d4c,0x9c
vtable_dispatch_i_01,0x00165d50,0x00165e08,0xb8
vtable_dispatch_i,0x00165e08,0x00165e88,0x80
sub_165E88,0x00165e88,0x00165f04,0x7c
sub_165F08,0x00165f08,0x00165f74,0x6c
sub_165F78,0x00165f78,0x00166040,0xc8
sub_166040,0x00166040,0x00166098,0x58
sub_166098,0x00166098,0x0016618c,0xf4
sub_166190,0x00166190,0x001661cc,0x3c
sub_1661D0,0x001661d0,0x0016628c,0xbc
sub_166290,0x00166290,0x00166328,0x98
sub_166328,0x00166328,0x0016638c,0x64
sub_166390,0x00166390,0x001663d0,0x40
sub_1663D0,0x001663d0,0x00166600,0x230
sub_166600,0x00166600,0x00166664,0x64
sub_166668,0x00166668,0x001666e0,0x78
noop_wrapper_z_56,0x001666e0,0x001666f0,0x10
sub_1666F0,0x001666f0,0x00166768,0x78
sub_166768,0x00166768,0x001667cc,0x64
sub_1667D0,0x001667d0,0x00166834,0x64
noop_wrapper___,0x00166838,0x00166850,0x18
sub_166850,0x00166850,0x001668f0,0xa0
noop_wrapper___,0x001668f0,0x00166914,0x24
sub_166918,0x00166918,0x00166998,0x80
return_zero___,0x00166998,0x001669a8,0x10
wrap_vtable_dispatch_b,0x001669a8,0x001669d0,0x28
sub_1669D0,0x001669d0,0x00166a28,0x58
sub_166A28,0x00166a28,0x00166a8c,0x64
noop_wrapper_z_57,0x00166a90,0x00166a9c,0xc
get_global_var_z_5,0x00166aa0,0x00166aac,0xc
sub_166AB0,0x00166ab0,0x00166b0c,0x5c
mem_fill_z_9,0x00166b10,0x00166edc,0x3cc
sub_166EE0,0x00166ee0,0x00166f70,0x90
noop_sub_6f70,0x00166f70,0x00166fdc,0x6c
wrap_sif_is_bound_i,0x00166fe0,0x0016705c,0x7c
sub_167060,0x00167060,0x001670f0,0x90
noop_wrapper___,0x001670f0,0x00167110,0x20
obj_set_fields_q_3,0x00167110,0x00167198,0x88
sub_167198,0x00167198,0x0016727c,0xe4
sub_167280,0x00167280,0x0016731c,0x9c
sub_167320,0x00167320,0x00167414,0xf4
sub_167418,0x00167418,0x001674bc,0xa4
wrap_effect_spawn_by_id_clone_01,0x001674c0,0x00167514,0x54
wrap_sif_is_bound_j,0x00167518,0x00167574,0x5c
sub_167578,0x00167578,0x00167590,0x18
sub_167590,0x00167590,0x00167618,0x88
sub_167618,0x00167618,0x00167694,0x7c
sub_167698,0x00167698,0x00167724,0x8c
sub_167728,0x00167728,0x001677bc,0x94
sub_1677C0,0x001677c0,0x00167834,0x74
mem_fill_z_10,0x00167838,0x001678d0,0x98
sub_1678D0,0x001678d0,0x00167998,0xc8
sub_167998,0x00167998,0x001679d8,0x40
sub_1679D8,0x001679d8,0x001679f8,0x20
sub_1679F8,0x001679f8,0x00167a40,0x48
sub_167A40,0x00167a40,0x00167ab0,0x70
sub_167AB0,0x00167ab0,0x00167b64,0xb4
sub_167B68,0x00167b68,0x00167bc0,0x58
sub_167BC0,0x00167bc0,0x00167c1c,0x5c
wrap_sif_is_bound_k,0x00167c20,0x00167c7c,0x5c
sub_167C80,0x00167c80,0x00167cec,0x6c
sub_167CF0,0x00167cf0,0x00167d04,0x14
sub_167D38,0x00167d38,0x00167d7c,0x44
mem_fill_z_11,0x00167d80,0x00167ee4,0x164
sub_167EE8,0x00167ee8,0x00167f68,0x80
sub_167F68,0x00167f68,0x00167fe8,0x80
wrap_fighter_slot_has_entry,0x00167fe8,0x00168008,0x20
sub_168008,0x00168008,0x00168074,0x6c
sub_168078,0x00168078,0x001680e4,0x6c
sub_1680E8,0x001680e8,0x00168188,0xa0
sub_168188,0x00168188,0x001681e0,0x58
sub_1681E0,0x001681e0,0x00168288,0xa8
sub_168288,0x00168288,0x00168320,0x98
sub_168320,0x00168320,0x00168418,0xf8
sub_168418,0x00168418,0x00168488,0x70
sub_168488,0x00168488,0x0016850c,0x84
sub_168510,0x00168510,0x00168580,0x70
sub_168580,0x00168580,0x001685e0,0x60
sub_1685E0,0x001685e0,0x001686d0,0xf0
noop_wrapper_g_3,0x001686d0,0x00168718,0x48
sub_168718,0x00168718,0x0016879c,0x84
noop_wrapper___,0x001687a0,0x001687b4,0x14
wrap_sif_is_bound,0x001687b8,0x001687f8,0x40
iop_bind_or_call,0x001687f8,0x001688ac,0xb4
sub_1688B0,0x001688b0,0x00168938,0x88
table_set_by_stride,0x00168938,0x00168984,0x4c
noop_wrapper___,0x00168988,0x001689d4,0x4c
sub_1689D8,0x001689d8,0x00168a60,0x88
noop_sub_8a60,0x00168a60,0x00168afc,0x9c
table_lookup_2d,0x00168b00,0x00168b10,0x10
mem_fill_z_12,0x00168b10,0x00168be4,0xd4
mem_fill_z_13,0x00168be8,0x00168c88,0xa0
mem_fill_z_14,0x00168c88,0x00168da8,0x120
wrap_sif_is_bound_l,0x00168da8,0x00168e24,0x7c
sub_168E28,0x00168e28,0x00168e58,0x30
sub_168E58,0x00168e58,0x00168eec,0x94
noop_wrapper_z_58,0x00168ef0,0x00168f00,0x10
noop__,0x00168f00,0x00168f08,0x8
sub_168F08,0x00168f08,0x00169124,0x21c
noop_wrapper_g,0x00169128,0x0016916c,0x44
obj_set_fields_e_0,0x00169170,0x00169198,0x28
sub_169198,0x00169198,0x00169234,0x9c
sub_169238,0x00169238,0x00169274,0x3c
sub_169278,0x00169278,0x001692fc,0x84
sub_169300,0x00169300,0x00169350,0x50
sub_169350,0x00169350,0x001693bc,0x6c
obj_set_fields___,0x001693c0,0x001693f4,0x34
obj_set_field_pair_c_0_clone_10,0x001693f8,0x0016941c,0x24
sub_169420,0x00169420,0x00169468,0x48
sub_169468,0x00169468,0x001694fc,0x94
noop_wrapper___,0x00169500,0x0016953c,0x3c
sub_169540,0x00169540,0x001695c0,0x80
sub_1695C0,0x001695c0,0x00169620,0x60
obj_set_fields_01,0x00169620,0x00169698,0x78
obj_set_field_pair_w,0x00169698,0x001696a4,0xc
wrap_sif_is_bound_m,0x001696a8,0x0016971c,0x74
sub_169720,0x00169720,0x001697cc,0xac
wrap_sif_is_bound_n,0x001697d0,0x00169844,0x74
noop_wrapper___,0x00169848,0x0016985c,0x14
noop_wrapper_h_2,0x00169860,0x0016987c,0x1c
wrap_sif_is_bound_o,0x00169880,0x001698f4,0x74
sub_1698F8,0x001698f8,0x0016998c,0x94
noop_wrapper___,0x00169990,0x001699d8,0x48
noop_wrapper___,0x001699d8,0x00169a34,0x5c
return_zero___,0x00169a38,0x00169a58,0x20
sub_169A58,0x00169a58,0x00169b50,0xf8
noop_sub_9b50,0x00169b50,0x00169ba0,0x50
sub_169BA0,0x00169ba0,0x00169bfc,0x5c
sub_169C00,0x00169c00,0x00169c58,0x58
noop_wrapper___,0x00169c58,0x00169c6c,0x14
sub_169C70,0x00169c70,0x00169cf4,0x84
sub_169CF8,0x00169cf8,0x00169de8,0xf0
sub_169DE8,0x00169de8,0x00169e70,0x88
sub_169E70,0x00169e70,0x00169ed8,0x68
obj_set_fields___,0x00169ed8,0x00169f54,0x7c
noop_wrapper_z_59,0x00169f58,0x00169f68,0x10
sub_169F68,0x00169f68,0x0016a008,0xa0
time_struct_to_frames,0x0016a008,0x0016a094,0x8c
wrap_time_struct_to_frames,0x0016a098,0x0016a0d0,0x38
wrap_time_struct_to_frames_b,0x0016a0d0,0x0016a108,0x38
wrap_time_struct_to_frames_c,0x0016a108,0x0016a140,0x38
sub_16A140,0x0016a140,0x0016a1dc,0x9c
sub_16A1E0,0x0016a1e0,0x0016a278,0x98
sub_16A278,0x0016a278,0x0016a320,0xa8
sub_16A320,0x0016a320,0x0016a380,0x60
noop_seq_noop_sub_a840,0x0016a380,0x0016a3e4,0x64
noop_wrapper___,0x0016a3e8,0x0016a438,0x50
sub_16A438,0x0016a438,0x0016a474,0x3c
sub_16A478,0x0016a478,0x0016a4f0,0x78
sub_16A4F0,0x0016a4f0,0x0016a57c,0x8c
sub_16A580,0x0016a580,0x0016a5b4,0x34
sub_16A5B8,0x0016a5b8,0x0016a5ec,0x34
obj_set_fields_,0x0016a5f0,0x0016a674,0x84
sub_16A678,0x0016a678,0x0016a73c,0xc4
sub_16A740,0x0016a740,0x0016a88c,0x14c
sub_16A890,0x0016a890,0x0016a904,0x74
sub_16A908,0x0016a908,0x0016a9f4,0xec
sub_16A9F8,0x0016a9f8,0x0016aa90,0x98
obj_set_field_byte_o,0x0016aa90,0x0016aa98,0x8
get_field_val___,0x0016aa98,0x0016aaa0,0x8
sub_16AAA0,0x0016aaa0,0x0016ab50,0xb0
noop_wrapper_i_2,0x0016ab50,0x0016ab88,0x38
obj_set_fields_f_3,0x0016ab88,0x0016aba4,0x1c
sub_16ABA8,0x0016aba8,0x0016abe4,0x3c
sub_16ABE8,0x0016abe8,0x0016ac80,0x98
noop_wrapper___,0x0016ac80,0x0016ad18,0x98
sub_16AD18,0x0016ad18,0x0016add0,0xb8
sub_16ADD0,0x0016add0,0x0016ae18,0x48
sub_16AE18,0x0016ae18,0x0016af38,0x120
sub_16AF38,0x0016af38,0x0016b024,0xec
sub_16B028,0x0016b028,0x0016b0c4,0x9c
sub_16B0C8,0x0016b0c8,0x0016b164,0x9c
noop_wrapper___,0x0016b168,0x0016b184,0x1c
noop_wrapper___,0x0016b188,0x0016b1a4,0x1c
noop_wrapper___,0x0016b1a8,0x0016b1c4,0x1c
noop_wrapper___,0x0016b1c8,0x0016b1e4,0x1c
noop_wrapper___,0x0016b1e8,0x0016b244,0x5c
noop_wrapper_j_2,0x0016b248,0x0016b27c,0x34
noop_sub_b280,0x0016b280,0x0016b318,0x98
vtable_dispatch,0x0016b318,0x0016b368,0x50
get_field_val_z_29,0x0016b380,0x0016b398,0x18
get_field_val_z_30,0x0016b3b0,0x0016b3c8,0x18
array_slot_nonempty,0x0016b3c8,0x0016b3e4,0x1c
sub_16B3E8,0x0016b3e8,0x0016b4c4,0xdc
obj_set_field_pair_x,0x0016b4c8,0x0016b508,0x40
noop_wrapper_z_60,0x0016b508,0x0016b510,0x8
obj_set_field_pair_y,0x0016b510,0x0016b524,0x14
obj_set_field_pair_z,0x0016b528,0x0016b53c,0x14
obj_set_field_pair__,0x0016b540,0x0016b554,0x14
obj_set_field_pair__,0x0016b558,0x0016b56c,0x14
noop_wrapper_z_61,0x0016b570,0x0016b580,0x10
obj_set_field_byte_p,0x0016b588,0x0016b590,0x8
noop_wrapper___,0x0016b590,0x0016b5e8,0x58
sub_16B5E8,0x0016b5e8,0x0016ba50,0x468
obj_set_fields___,0x0016ba50,0x0016bab0,0x60
sub_16BAB0,0x0016bab0,0x0016bb0c,0x5c
VU0_RunMicro_clone_01,0x0016bb10,0x0016bb5c,0x4c
sub_16BB78,0x0016bb78,0x0016bcd4,0x15c
sub_16BCD8,0x0016bcd8,0x0016beb0,0x1d8
sub_16BEB0,0x0016beb0,0x0016bfd4,0x124
sub_16BFD8,0x0016bfd8,0x0016c0e8,0x110
return_zero_z_8,0x0016c0e8,0x0016c0f0,0x8
return_zero_z_9,0x0016c0f0,0x0016c0f8,0x8
sub_16C0F8,0x0016c0f8,0x0016c13c,0x44
sub_16C140,0x0016c140,0x0016c1bc,0x7c
return_const_1_c,0x0016c1c0,0x0016c1c8,0x8
sub_16C1C8,0x0016c1c8,0x0016c244,0x7c
return_const_1_d,0x0016c248,0x0016c250,0x8
return_zero___,0x0016c250,0x0016c258,0x8
noop_wrapper___,0x0016c258,0x0016c288,0x30
sub_16C288,0x0016c288,0x0016c300,0x78
noop_wrapper___,0x0016c300,0x0016c324,0x24
mem_fill_e,0x0016c328,0x0016c33c,0x14
return_zero_z_10,0x0016c340,0x0016c348,0x8
return_zero_z_11,0x0016c348,0x0016c350,0x8
return_zero_z_12,0x0016c350,0x0016c358,0x8
return_zero_z_13,0x0016c358,0x0016c360,0x8
return_zero_z_14,0x0016c360,0x0016c368,0x8
wrap_sif_bind_rpc_g,0x0016c368,0x0016c384,0x1c
wrap_sif_bind_rpc_j,0x0016c388,0x0016c3a4,0x1c
wrap_sif_bind_rpc_k,0x0016c3a8,0x0016c3c4,0x1c
wrap_sif_bind_rpc_l,0x0016c3c8,0x0016c3e4,0x1c
return_zero_z_15,0x0016c3e8,0x0016c3f0,0x8
return_zero_z_16,0x0016c3f0,0x0016c3f8,0x8
return_zero_z_17,0x0016c3f8,0x0016c400,0x8
sub_16C400,0x0016c400,0x0016c458,0x58
sub_16C458,0x0016c458,0x0016c4d4,0x7c
wrap_table_lookup_2d_0,0x0016c4d8,0x0016c51c,0x44
sub_16C520,0x0016c520,0x0016c59c,0x7c
return_const_1_e,0x0016c5a0,0x0016c5a8,0x8
return_zero___,0x0016c5a8,0x0016c5b0,0x8
return_zero_z_18,0x0016c5b0,0x0016c5b8,0x8
return_zero_z_19,0x0016c5b8,0x0016c5c0,0x8
return_zero_z_20,0x0016c5c0,0x0016c5c8,0x8
return_zero_z_21,0x0016c5c8,0x0016c5d0,0x8
return_zero_z_22,0x0016c5d0,0x0016c5d8,0x8
return_zero_z_23,0x0016c5d8,0x0016c5e0,0x8
wrap_sif_bind_rpc_h,0x0016c5e0,0x0016c5fc,0x1c
wrap_sif_bind_rpc_m,0x0016c600,0x0016c61c,0x1c
wrap_sub_159090,0x0016c620,0x0016c664,0x44
noop_wrapper___,0x0016c668,0x0016c68c,0x24
return_zero_z_24,0x0016c690,0x0016c698,0x8
get_data_ptr_k,0x0016c698,0x0016c6a4,0xc
sub_16C6B8,0x0016c6b8,0x0016c748,0x90
sub_16C748,0x0016c748,0x0016c78c,0x44
sub_16C790,0x0016c790,0x0016c858,0xc8
noop_wrapper___,0x0016c858,0x0016c888,0x30
noop_wrapper_z_62,0x0016c8a8,0x0016c8bc,0x14
mem_fill_f,0x0016c8c0,0x0016c8d4,0x14
sub_16C8D8,0x0016c8d8,0x0016c928,0x50
noop_wrapper_z_63,0x0016c928,0x0016c934,0xc
obj_check_state_range,0x0016c938,0x0016c97c,0x44
sub_16C980,0x0016c980,0x0016c9a8,0x28
sub_16C9A8,0x0016c9a8,0x0016ca98,0xf0
sub_16CA98,0x0016ca98,0x0016cb04,0x6c
sub_16CB08,0x0016cb08,0x0016cbd8,0xd0
sub_16CBD8,0x0016cbd8,0x0016cc20,0x48
sub_16CC20,0x0016cc20,0x0016cc90,0x70
sub_16CC90,0x0016cc90,0x0016cd00,0x70
obj_set_fields_r_2,0x0016cd00,0x0016cd94,0x94
sub_16CD98,0x0016cd98,0x0016ce64,0xcc
sub_16CE68,0x0016ce68,0x0016cf3c,0xd4
sub_16CF40,0x0016cf40,0x0016cf8c,0x4c
sub_16CF90,0x0016cf90,0x0016cfe0,0x50
sub_16CFE0,0x0016cfe0,0x0016d02c,0x4c
sub_16D030,0x0016d030,0x0016d07c,0x4c
sub_16D080,0x0016d080,0x0016d0e0,0x60
sub_16D0E0,0x0016d0e0,0x0016d168,0x88
sub_16D168,0x0016d168,0x0016d1b4,0x4c
sub_16D1B8,0x0016d1b8,0x0016d204,0x4c
sub_16D208,0x0016d208,0x0016d254,0x4c
sub_16D258,0x0016d258,0x0016d2a4,0x4c
sub_16D2A8,0x0016d2a8,0x0016d310,0x68
sub_16D310,0x0016d310,0x0016d35c,0x4c
sub_16D360,0x0016d360,0x0016d3ac,0x4c
sub_16D3B0,0x0016d3b0,0x0016d3fc,0x4c
sub_16D470,0x0016d470,0x0016d4e4,0x74
sub_16D4E8,0x0016d4e8,0x0016d55c,0x74
obj_dispatch_if_in_range,0x0016d560,0x0016d5b4,0x54
sub_16D5B8,0x0016d5b8,0x0016d628,0x70
sub_16D628,0x0016d628,0x0016d6a8,0x80
sub_16D6A8,0x0016d6a8,0x0016d714,0x6c
sub_16D718,0x0016d718,0x0016d784,0x6c
sub_16D788,0x0016d788,0x0016d7f8,0x70
sub_16D7F8,0x0016d7f8,0x0016d86c,0x74
sub_16D870,0x0016d870,0x0016d920,0xb0
sub_16D920,0x0016d920,0x0016d990,0x70
sub_16D990,0x0016d990,0x0016da00,0x70
sub_16DA00,0x0016da00,0x0016da70,0x70
sub_16DA70,0x0016da70,0x0016dae0,0x70
sub_16DAE0,0x0016dae0,0x0016db54,0x74
sub_16DB58,0x0016db58,0x0016dbc4,0x6c
sub_16DBC8,0x0016dbc8,0x0016dc4c,0x84
sub_16DC50,0x0016dc50,0x0016dcd4,0x84
sub_16DCD8,0x0016dcd8,0x0016dd64,0x8c
sub_16DD68,0x0016dd68,0x0016ddd8,0x70
noop_wrapper___,0x0016ddd8,0x0016de18,0x40
noop_wrapper___,0x0016de18,0x0016de58,0x40
noop_sub_de58,0x0016de58,0x0016de9c,0x44
wrap_mem_set_s,0x0016dea0,0x0016def4,0x54
noop__,0x0016def8,0x0016df00,0x8
sub_16DF00,0x0016df00,0x0016df58,0x58
sub_16DF58,0x0016df58,0x0016dfa8,0x50
obj_set_fields___,0x0016dfa8,0x0016dfe4,0x3c
vtable_dispatch_p_clone_01,0x0016dfe8,0x0016e010,0x28
sub_16E010,0x0016e010,0x0016e058,0x48
vtable_dispatch_j,0x0016e058,0x0016e090,0x38
vtable_dispatch_k,0x0016e090,0x0016e0c8,0x38
get_field_val___,0x0016e0c8,0x0016e0d0,0x8
obj_set_fields___,0x0016e110,0x0016e124,0x14
noop_wrapper___,0x0016e148,0x0016e174,0x2c
obj_set_field_pair__,0x0016e178,0x0016e1a0,0x28
sub_16E1F0,0x0016e1f0,0x0016e2c8,0xd8
blend_state_is_idle_clone_05,0x0016e2c8,0x0016e300,0x38
sub_16E300,0x0016e300,0x0016e46c,0x16c
sub_16E470,0x0016e470,0x0016e510,0xa0
noop_wrapper___,0x0016e510,0x0016e530,0x20
sub_16E530,0x0016e530,0x0016e5fc,0xcc
noop_wrapper___,0x0016e600,0x0016e620,0x20
noop_wrapper___,0x0016e620,0x0016e640,0x20
noop_wrapper___,0x0016e640,0x0016e660,0x20
vtable_dispatch_l,0x0016e660,0x0016e688,0x28
wrap_obj_set_field_pair___3,0x0016e688,0x0016e6fc,0x74
wrap_obj_set_field_pair___3_b,0x0016e700,0x0016e774,0x74
obj_set_field_byte_q,0x0016e778,0x0016e780,0x8
sub_16E7C0,0x0016e7c0,0x0016ea18,0x258
sub_16EA18,0x0016ea18,0x0016eacc,0xb4
mem_fill_g,0x0016ead0,0x0016ec0c,0x13c
sub_16EC10,0x0016ec10,0x0016edc0,0x1b0
sub_16EDC0,0x0016edc0,0x0016ee38,0x78
sub_16EE38,0x0016ee38,0x0016eee0,0xa8
return_const_17,0x0016eee0,0x0016eee8,0x8
sub_16EEE8,0x0016eee8,0x0016ef58,0x70
get_data_ptr_l,0x0016ef58,0x0016ef64,0xc
wrap_noop_wrapper_z_65,0x0016ef68,0x0016efac,0x44
HankakuToZenkaku_clone_01,0x0016efb0,0x0016f008,0x58
sub_16F020,0x0016f020,0x0016f134,0x114
sub_16F138,0x0016f138,0x0016f188,0x50
sub_16F188,0x0016f188,0x0016f228,0xa0
noop_wrapper_z_64,0x0016f228,0x0016f234,0xc
sub_16F238,0x0016f238,0x0016f288,0x50
dat_callback_dispatch_b,0x0016f288,0x0016f2c8,0x40
noop_wrapper_z_65,0x0016f2c8,0x0016f2d4,0xc
get_global_var_z_6,0x0016f2d8,0x0016f2e4,0xc
get_global_var_z_7,0x0016f2f8,0x0016f304,0xc
get_field_val_z_31,0x0016f330,0x0016f338,0x8
obj_set_field_pair__,0x0016f338,0x0016f344,0xc
noop_wrapper___,0x0016f368,0x0016f3b4,0x4c
obj_set_field_byte_r,0x0016f3c8,0x0016f3d0,0x8
get_field_val_z_32,0x0016f3d0,0x0016f3d8,0x8
sub_16F3D8,0x0016f3d8,0x0016f470,0x98
sub_16F470,0x0016f470,0x0016f4a0,0x30
noop_wrapper___,0x0016f4c0,0x0016f4d8,0x18
noop_wrapper___,0x0016f4d8,0x0016f4f0,0x18
noop_wrapper___,0x0016f4f0,0x0016f50c,0x1c
noop_wrapper___,0x0016f510,0x0016f528,0x18
noop_wrapper___,0x0016f528,0x0016f540,0x18
wrap_obj_set_field_byte_r,0x0016f540,0x0016f57c,0x3c
sub_16F580,0x0016f580,0x0016f598,0x18
get_field_val___,0x0016f5c0,0x0016f5c8,0x8
obj_set_field_pair___1_clone_01,0x0016f628,0x0016f64c,0x24
obj_set_field_pair___1_clone_02,0x0016f700,0x0016f728,0x28
wrap_noop_wrapper___373,0x0016f728,0x0016f77c,0x54
wrap_noop_wrapper___374,0x0016f780,0x0016f794,0x14
noop_wrapper_z_66,0x0016f798,0x0016f7ac,0x14
noop_wrapper___,0x0016f7b0,0x0016f7c4,0x14
noop_wrapper___,0x0016f7c8,0x0016f7dc,0x14
wrap_mem_set_t_0,0x0016f7e0,0x0016f838,0x58
noop___,0x0016f838,0x0016f840,0x8
sub_16F840,0x0016f840,0x0016f898,0x58
sub_16F898,0x0016f898,0x0016f8e8,0x50
obj_set_fields___,0x0016f8e8,0x0016f900,0x18
vtable_dispatch_p_clone_02,0x0016f900,0x0016f928,0x28
obj_set_fields___,0x0016f928,0x0016fa38,0x110
sub_16FA68,0x0016fa68,0x0016fb7c,0x114
sub_16FB80,0x0016fb80,0x0016fc00,0x80
sub_16FC00,0x0016fc00,0x0016fd54,0x154
sub_16FD58,0x0016fd58,0x0016fda4,0x4c
sub_16FDA8,0x0016fda8,0x00170074,0x2cc
sub_170078,0x00170078,0x001700dc,0x64
noop_wrapper_k_3,0x001700e0,0x00170110,0x30
obj_set_field_pair__,0x00170128,0x00170154,0x2c
get_global_var_z_8,0x00170168,0x00170174,0xc
sub_170178,0x00170178,0x00170600,0x488
sub_170600,0x00170600,0x00170660,0x60
noop_wrapper_z_67,0x00170660,0x0017066c,0xc
get_field_val_z_33,0x00170670,0x0017067c,0xc
sub_170680,0x00170680,0x001706cc,0x4c
get_data_ptr_m,0x001706d0,0x001706dc,0xc
noop_seq_mem_compare_n_c,0x00170700,0x00170790,0x90
sub_170790,0x00170790,0x00170870,0xe0
sub_170870,0x00170870,0x001708b4,0x44
wrap_mem_compare_n_b_0,0x001708b8,0x001708f8,0x40
wrap_mem_compare_n_b_b,0x001708f8,0x00170938,0x40
sub_170938,0x00170938,0x00170998,0x60
sub_170998,0x00170998,0x00170a28,0x90
sub_170A28,0x00170a28,0x00170a90,0x68
mem_fill_z_15,0x00170a90,0x00170cec,0x25c
noop_wrapper___,0x00170cf0,0x00170d04,0x14
sub_170D08,0x00170d08,0x00170dd0,0xc8
dat_callback_dispatch_f_clone_07,0x00170dd0,0x00170ddc,0xc
obj_check_state_range_clone_02,0x00170de0,0x00170f34,0x154
sub_170F38,0x00170f38,0x00170fa8,0x70
sub_170FA8,0x00170fa8,0x001710cc,0x124
sub_1710D0,0x001710d0,0x001710e0,0x10
noop_wrapper___,0x001710e0,0x001710f4,0x14
get_global_var_z_9,0x001710f8,0x00171104,0xc
noop_wrapper___,0x00171180,0x001711a4,0x24
noop_wrapper_z_68,0x00171258,0x00171264,0xc
RenderDispatch,0x001712d0,0x00171314,0x44
noop_wrapper_z_69,0x00171320,0x00171328,0x8
noop_wrapper___,0x00171328,0x00171398,0x70
wrap_noop_wrapper___573,0x00171398,0x001713d8,0x40
sub_1713D8,0x001713d8,0x00171438,0x60
wrap_syscall_stub_z_13,0x00171458,0x00171498,0x40
wrap_syscall_stub_z_13_b,0x00171498,0x001714d4,0x3c
sub_1714D8,0x001714d8,0x00171524,0x4c
sub_171528,0x00171528,0x0017158c,0x64
sub_171590,0x00171590,0x001715f8,0x68
sub_1715F8,0x001715f8,0x00171660,0x68
noop_wrapper_z_70,0x00171660,0x0017168c,0x2c
noop_wrapper_z_71,0x00171690,0x001716b0,0x20
sub_1716B0,0x001716b0,0x00171718,0x68
sub_171718,0x00171718,0x00171780,0x68
sub_171780,0x00171780,0x00171834,0xb4
sub_171838,0x00171838,0x001718dc,0xa4
sub_1718E0,0x001718e0,0x00171910,0x30
obj_set_fields___,0x00171910,0x00171934,0x24
sub_171938,0x00171938,0x001719c4,0x8c
wrap_sub_171938,0x001719c8,0x001719d0,0x8
sub_1719D0,0x001719d0,0x00171a18,0x48
wrap_float_compare_hw,0x00171a20,0x00171a44,0x24
wrap_float_compare_hw_b,0x00171a50,0x00171a70,0x20
wrap_float_compare_hw_c,0x00171a70,0x00171a94,0x24
wrap_float_compare_hw_d,0x00171aa0,0x00171ac4,0x24
noop_wrapper_z_72,0x00171ad0,0x00171ad8,0x8
noop_wrapper___,0x00171ae0,0x00171b04,0x24
singleton_sub_1b10,0x00171b10,0x00171bac,0x9c
array_call_dtor,0x00171bb0,0x00171c24,0x74
array_call_ctor_dtor,0x00171c30,0x00171d54,0x124
sub_171D60,0x00171d60,0x00171ea4,0x144
sub_171EB0,0x00171eb0,0x00171f04,0x54
obj_register,0x00171f10,0x00171f34,0x24
sub_171F40,0x00171f40,0x00171fa0,0x60
sub_171FA0,0x00171fa0,0x00171fd4,0x34
mem_fill_z_16,0x00171fd8,0x00172168,0x190
get_data_ptr_n,0x00172168,0x00172174,0xc
sub_172178,0x00172178,0x001721e0,0x68
GS_PresentFrame,0x001721e0,0x00172274,0x94
sub_172278,0x00172278,0x0017258c,0x314
sub_172590,0x00172590,0x00172774,0x1e4
sub_172778,0x00172778,0x001728f4,0x17c
sub_1728F8,0x001728f8,0x00172998,0xa0
sub_172998,0x00172998,0x00172a08,0x70
sub_172A08,0x00172a08,0x00172a8c,0x84
obj_flag_conditional_set,0x00172a90,0x00172ab8,0x28
sub_172AB8,0x00172ab8,0x00172aec,0x34
noop_wrapper_z_73,0x00172af0,0x00172b18,0x28
sub_172B18,0x00172b18,0x00172bf4,0xdc
sub_172BF8,0x00172bf8,0x00172dd0,0x1d8
pool_sub_2e20,0x00172e20,0x00172e88,0x68
pool_sub_2e20_clone_01,0x00172e88,0x00172efc,0x74
pool_sub_2e20_clone_02,0x00172f00,0x00172f74,0x74
noop_wrapper___,0x00172f78,0x00172fc0,0x48
pool_sub_2e20_clone_03,0x00172fc0,0x0017303c,0x7c
pool_sub_2e20_clone_04,0x00173040,0x001730c0,0x80
wrap_sub_172998,0x001730c0,0x001730f8,0x38
sub_1730F8,0x001730f8,0x0017312c,0x34
sub_173130,0x00173130,0x001731c8,0x98
obj_set_flag_2,0x001731e0,0x0017320c,0x2c
sub_173210,0x00173210,0x00173250,0x40
sub_173250,0x00173250,0x00173294,0x44
sub_1732B0,0x001732b0,0x00173310,0x60
sub_173310,0x00173310,0x00173360,0x50
sub_1733E0,0x001733e0,0x00173428,0x48
noop_wrapper_z_74,0x00173428,0x00173438,0x10
noop_wrapper___,0x00173438,0x0017345c,0x24
sub_173460,0x00173460,0x001735ec,0x18c
sub_1735F0,0x001735f0,0x00173738,0x148
sub_173760,0x00173760,0x001737c8,0x68
noop_wrapper___,0x001737c8,0x00173804,0x3c
sub_173828,0x00173828,0x00173838,0x10
sub_173838,0x00173838,0x00173888,0x50
sub_173888,0x00173888,0x00173a60,0x1d8
vu_matrix_load_j,0x00173b50,0x00173b94,0x44
vu_matrix_load_k,0x00173b98,0x00173bb4,0x1c
vu_matrix_load_l,0x00173be0,0x00173c1c,0x3c
vu_matrix_load_n_0,0x00173c20,0x00173c64,0x44
vu_matrix_load_m,0x00173c68,0x00173cd4,0x6c
vu_matrix_load_n,0x00173d88,0x00173da0,0x18
vu_matrix_load_o,0x00173da0,0x00173dcc,0x2c
sub_173DD0,0x00173dd0,0x00173ddc,0xc
vu_matrix_load_p,0x00173e48,0x00173e70,0x28
vu_matrix_load_q,0x00173e70,0x00173ee4,0x74
vu_matrix_load_r,0x00173ee8,0x00173f8c,0xa4
vu_matrix_load_t,0x00174038,0x001740e0,0xa8
vu_matrix_load_2,0x001740e0,0x00174130,0x50
noop_seq_vu_matrix_load_p,0x00174158,0x00174208,0xb0
obj_set_fields_s_1,0x00174208,0x001742c8,0xc0
sub_1742C8,0x001742c8,0x00174330,0x68
sub_174330,0x00174330,0x00174434,0x104
sub_174808,0x00174808,0x00174864,0x5c
syscall_stub,0x001748f0,0x00174900,0x10
syscall_stub_b,0x00174950,0x00174960,0x10
syscall_stub_c,0x00174960,0x00174970,0x10
syscall_stub_d,0x00174980,0x00174990,0x10
syscall_stub_e,0x00174990,0x001749a0,0x10
syscall_stub_f,0x001749a0,0x001749b0,0x10
syscall_stub_g,0x001749b0,0x001749c0,0x10
syscall_stub_h,0x001749c0,0x001749d0,0x10
syscall_stub_i,0x001749d0,0x001749e0,0x10
syscall_stub_j,0x001749e0,0x001749f0,0x10
syscall_stub_k,0x001749f0,0x00174a00,0x10
syscall_stub_l,0x00174a00,0x00174a10,0x10
syscall_stub_m,0x00174a10,0x00174a20,0x10
syscall_stub_n,0x00174a40,0x00174a50,0x10
syscall_stub_o,0x00174a50,0x00174a60,0x10
syscall_stub_p,0x00174a60,0x00174a70,0x10
syscall_stub_q,0x00174a70,0x00174a80,0x10
syscall_stub_r,0x00174aa0,0x00174ab0,0x10
syscall_stub_s,0x00174ac0,0x00174ad0,0x10
syscall_stub_t,0x00174ae0,0x00174af0,0x10
syscall_stub_u,0x00174b30,0x00174b40,0x10
syscall_stub_v,0x00174b50,0x00174b60,0x10
syscall_stub_w,0x00174b90,0x00174ba0,0x10
syscall_stub_x,0x00174ba0,0x00174bb0,0x10
syscall_stub_y,0x00174bb0,0x00174bc0,0x10
syscall_stub_z,0x00174bc0,0x00174bd0,0x10
syscall_stub_z_0,0x00174bd0,0x00174be0,0x10
syscall_stub_z_1,0x00174be0,0x00174bf0,0x10
syscall_stub_z_2,0x00174c10,0x00174c20,0x10
syscall_stub_z_3,0x00174c20,0x00174c30,0x10
syscall_stub_z_4,0x00174c30,0x00174c40,0x10
syscall_stub_z_5,0x00174c80,0x00174c90,0x10
syscall_stub_z_6,0x00174ca0,0x00174cb0,0x10
syscall_stub_z_7,0x00174cb0,0x00174cc0,0x10
syscall_stub_z_8,0x00174cc0,0x00174cd0,0x10
syscall_stub_z_9,0x00174cd0,0x00174ce0,0x10
syscall_stub_z_10,0x00174ce0,0x00174cf0,0x10
syscall_stub_z_11,0x00174cf0,0x00174d00,0x10
syscall_stub_z_12,0x00174d40,0x00174d50,0x10
syscall_stub_z_13,0x00174d50,0x00174d60,0x10
syscall_stub_z_14,0x00174f20,0x00174f30,0x10
syscall_stub_z_15,0x00174f50,0x00174f60,0x10
syscall_stub_z_16,0x00174f70,0x00174f80,0x10
syscall_stub_z_17,0x00174fb0,0x00174fc0,0x10
syscall_stub_z_18,0x00174fe0,0x00174ff0,0x10
syscall_stub_z_19,0x00175010,0x00175020,0x10
syscall_stub_z_20,0x00175040,0x00175050,0x10
syscall_stub_z_21,0x00175060,0x00175070,0x10
syscall_stub_z_22,0x00175070,0x00175080,0x10
syscall_stub_z_23,0x00175080,0x00175090,0x10
syscall_stub_z_24,0x00175090,0x001750a0,0x10
syscall_stub_z_25,0x001750a0,0x001750b0,0x10
syscall_stub_z_26,0x001750b0,0x001750c0,0x10
syscall_stub_z_27,0x001750d0,0x001750e0,0x10
syscall_stub_z_28,0x00175100,0x00175110,0x10
syscall_stub_z_29,0x00175110,0x00175120,0x10
sub_175120,0x00175120,0x0017512c,0xc
sub_175130,0x00175130,0x001751c0,0x90
WaitVSync,0x001751c0,0x00175264,0xa4
sub_175268,0x00175268,0x001752e4,0x7c
sub_1752E8,0x001752e8,0x0017535c,0x74
noop_wrapper___,0x00175360,0x00175388,0x28
return_const__1_b,0x00175388,0x00175390,0x8
return_const__1_c,0x00175390,0x00175398,0x8
return_const__1_d,0x00175398,0x001753a0,0x8
sub_1753A0,0x001753a0,0x0017544c,0xac
return_const_1_f,0x00175450,0x00175458,0x8
obj_set_field_pair___,0x00175458,0x0017546c,0x14
return_const_1_g,0x00175470,0x00175478,0x8
wrap_sub_175478,0x00175478,0x001754a0,0x28
noop_wrapper___,0x001754a0,0x001754c8,0x28
noop_wrapper___,0x001754c8,0x001754f0,0x28
cache_writeback_range,0x001754f0,0x00175594,0xa4
sub_175598,0x00175598,0x00175614,0x7c
cache_writeback_range_b,0x00175630,0x001756d4,0xa4
sub_1756D8,0x001756d8,0x00175754,0x7c
noop_wrapper___,0x00175758,0x0017576c,0x14
sub_175770,0x00175770,0x00175780,0x10
sub_175780,0x00175780,0x001757e8,0x68
sub_1757E8,0x001757e8,0x00175850,0x68
sub_175850,0x00175850,0x001758b8,0x68
sub_1758B8,0x001758b8,0x00175920,0x68
wrap_syscall_stub_n,0x00175920,0x00175940,0x20
wrap_syscall_stub_o,0x00175940,0x00175960,0x20
wrap_syscall_stub_p,0x00175960,0x00175980,0x20
wrap_syscall_stub_q,0x00175980,0x001759a0,0x20
sub_1759A0,0x001759a0,0x00175a78,0xd8
sub_175A78,0x00175a78,0x00175b64,0xec
sub_175B68,0x00175b68,0x00175bfc,0x94
sub_175C00,0x00175c00,0x00175c7c,0x7c
sub_175C80,0x00175c80,0x00175d18,0x98
sub_175D18,0x00175d18,0x00175de0,0xc8
sub_175DE0,0x00175de0,0x00175f58,0x178
wrap_syscall_stub_z_9,0x00175f58,0x00175f80,0x28
noop_wrapper_z_75,0x00175f80,0x00175fc4,0x44
noop_wrapper_z_76,0x00175fc8,0x00175fec,0x24
noop_wrapper_z_77,0x00175ff0,0x00176020,0x30
noop_wrapper_z_78,0x00176020,0x00176044,0x24
noop_wrapper_z_79,0x00176048,0x00176078,0x30
noop_wrapper_z_80,0x00176078,0x0017609c,0x24
noop_wrapper_z_81,0x001760a0,0x001760d4,0x34
noop_wrapper_z_82,0x001760d8,0x0017610c,0x34
noop_wrapper_z_83,0x00176140,0x00176164,0x24
noop_wrapper_z_84,0x00176168,0x0017618c,0x24
noop_wrapper_z_85,0x00176190,0x001761b4,0x24
sub_1761B8,0x001761b8,0x001761dc,0x24
sub_1761E0,0x001761e0,0x0017621c,0x3c
sub_176220,0x00176220,0x0017625c,0x3c
mem_fill_h,0x00176260,0x001763f4,0x194
sub_1763F8,0x001763f8,0x0017656c,0x174
sub_176570,0x00176570,0x00176640,0xd0
sub_176640,0x00176640,0x001766fc,0xbc
noop_wrapper_z_86,0x00176700,0x00176738,0x38
sub_176738,0x00176738,0x001767e8,0xb0
wrap_noop_wrapper_z_86,0x001767e8,0x0017681c,0x34
sub_176820,0x00176820,0x001768b0,0x90
sub_1768B0,0x001768b0,0x00176a88,0x1d8
sub_176A88,0x00176a88,0x0017779c,0xd14
sub_1777A0,0x001777a0,0x001777f8,0x58
wrap_sub_176738,0x001777f8,0x00177820,0x28
sub_177820,0x00177820,0x00177848,0x28
sub_177848,0x00177848,0x00177894,0x4c
noop_wrapper___,0x00177898,0x001778d0,0x38
sub_1778D0,0x001778d0,0x00177918,0x48
sub_177918,0x00177918,0x00177988,0x70
rpc_call_async,0x00177988,0x00177a08,0x80
mem_sub_7a08,0x00177a08,0x00177a88,0x80
noop_wrapper_l_3,0x00177a88,0x00177aa4,0x1c
table_entry_get_b,0x00177ab8,0x00177ad0,0x18
pass_identity_b,0x00177ad0,0x00177aec,0x1c
get_data_ptr_d_0,0x00177af0,0x00177afc,0xc
sub_177B00,0x00177b00,0x00177d80,0x280
wrap_sub_175850,0x00177d80,0x00177db4,0x34
sub_177DE8,0x00177de8,0x00177e60,0x78
sub_177E60,0x00177e60,0x00177eac,0x4c
sub_177EB0,0x00177eb0,0x00177fe4,0x134
noop_wrapper_m,0x00177fe8,0x00178024,0x3c
noop_wrapper___,0x00178028,0x00178064,0x3c
sub_178068,0x00178068,0x001781b0,0x148
cache_writeback_range,0x001781b0,0x0017825c,0xac
state_sub_c240_clone_06,0x00178260,0x001783fc,0x19c
noop_wrapper___,0x00178400,0x00178424,0x24
sub_178428,0x00178428,0x001784d0,0xa8
obj_set_field_pair___,0x001784d0,0x001784ec,0x1c
sub_1784F0,0x001784f0,0x00178520,0x30
wrap_sub_178520,0x00178520,0x00178560,0x40
sub_178560,0x00178560,0x0017862c,0xcc
sub_178630,0x00178630,0x00178670,0x40
sub_178670,0x00178670,0x00178740,0xd0
mem_fill_z_17,0x00178740,0x001788a4,0x164
sub_1788A8,0x001788a8,0x001788f4,0x4c
noop_wrapper___,0x001788f8,0x00178938,0x40
sub_178938,0x00178938,0x00178a04,0xcc
mem_fill_z_18,0x00178a08,0x00178b54,0x14c
rpc_call,0x00178be8,0x00178de8,0x200
rpc_handle_valid,0x00178de8,0x00178e24,0x3c
sub_178E28,0x00178e28,0x00178ebc,0x94
mem_fill_i,0x00178ec0,0x00178f90,0xd0
sub_178F90,0x00178f90,0x00179024,0x94
sub_179028,0x00179028,0x001790b8,0x90
obj_set_fields___,0x001790b8,0x00179110,0x58
sub_179110,0x00179110,0x001792d4,0x1c4
noop_wrapper___,0x001792d8,0x00179318,0x40
noop_wrapper_m_3,0x00179318,0x00179388,0x70
sub_179388,0x00179388,0x00179404,0x7c
sub_179408,0x00179408,0x00179490,0x88
noop_sub_9490,0x00179490,0x0017957c,0xec
sub_179580,0x00179580,0x001795ec,0x6c
mem_fill_z_19,0x001795f0,0x001799a4,0x3b4
noop_wrapper_z_87,0x001799a8,0x001799fc,0x54
noop_sub_9a00,0x00179a00,0x00179a2c,0x2c
sema_signal,0x00179a30,0x00179a3c,0xc
sub_179A40,0x00179a40,0x00179ae0,0xa0
sub_179AE0,0x00179ae0,0x00179b24,0x44
sub_179B28,0x00179b28,0x00179d30,0x208
wrap_mem_compare_n_c_0,0x00179d30,0x00179dbc,0x8c
wrap_mem_set_t,0x00179dc0,0x00179df4,0x34
sub_179DF8,0x00179df8,0x00179f38,0x140
sub_179F38,0x00179f38,0x0017a028,0xf0
sub_17A028,0x0017a028,0x0017a2b8,0x290
noop_sub_a2b8,0x0017a2b8,0x0017a430,0x178
sub_17A430,0x0017a430,0x0017a66c,0x23c
sub_17A670,0x0017a670,0x0017a8dc,0x26c
sub_17A8E0,0x0017a8e0,0x0017aba0,0x2c0
mem_fill_z_20,0x0017aba0,0x0017af28,0x388
sub_17AF28,0x0017af28,0x0017b110,0x1e8
noop_sub_b110,0x0017b110,0x0017b2c0,0x1b0
noop_wrapper___,0x0017b2c0,0x0017b2dc,0x1c
sub_17B2E0,0x0017b2e0,0x0017b498,0x1b8
noop_wrapper___,0x0017b498,0x0017b4b4,0x1c
sub_17B4B8,0x0017b4b8,0x0017b738,0x280
sub_17B738,0x0017b738,0x0017b864,0x12c
noop_wrapper___,0x0017b868,0x0017b884,0x1c
sub_17B888,0x0017b888,0x0017b950,0xc8
sub_17B950,0x0017b950,0x0017bab4,0x164
mem_fill_z_21_0,0x0017bab8,0x0017bc0c,0x154
sub_17BC10,0x0017bc10,0x0017bdc4,0x1b4
sub_17BDC8,0x0017bdc8,0x0017c014,0x24c
sub_17C018,0x0017c018,0x0017c220,0x208
noop_wrapper___,0x0017c220,0x0017c23c,0x1c
sub_17C240,0x0017c240,0x0017c3ec,0x1ac
sub_17C3F0,0x0017c3f0,0x0017c670,0x280
noop_wrapper___,0x0017c670,0x0017c68c,0x1c
sub_17C690,0x0017c690,0x0017c8cc,0x23c
sub_17CB78,0x0017cb78,0x0017cd70,0x1f8
sub_17CD70,0x0017cd70,0x0017cf50,0x1e0
sub_17CF50,0x0017cf50,0x0017cfd8,0x88
sub_17CFD8,0x0017cfd8,0x0017d048,0x70
sub_17D048,0x0017d048,0x0017d0c8,0x80
sub_17D0C8,0x0017d0c8,0x0017d140,0x78
noop_wrapper___,0x0017d140,0x0017d15c,0x1c
sub_17D160,0x0017d160,0x0017d250,0xf0
wrap_rpc_call,0x0017d250,0x0017d2c0,0x70
wrap_rpc_call_b,0x0017d2c0,0x0017d330,0x70
wrap_rpc_call_c,0x0017d330,0x0017d3a0,0x70
sub_17D3A0,0x0017d3a0,0x0017d41c,0x7c
sub_17D420,0x0017d420,0x0017d49c,0x7c
noop_sub_d4a0,0x0017d4a0,0x0017d5a0,0x100
noop_sub_d5a0,0x0017d5a0,0x0017d62c,0x8c
wrap_mem_set_u,0x0017d630,0x0017d668,0x38
noop_sub_d668,0x0017d668,0x0017d870,0x208
sub_17D870,0x0017d870,0x0017da78,0x208
sub_17DA78,0x0017da78,0x0017db08,0x90
sub_17DB08,0x0017db08,0x0017dba8,0xa0
sub_17DBA8,0x0017dba8,0x0017dc38,0x90
noop_wrapper___,0x0017dc38,0x0017dc54,0x1c
noop_wrapper___,0x0017dc58,0x0017dc74,0x1c
noop_sub_dc78,0x0017dc78,0x0017de9c,0x224
noop_wrapper___,0x0017dea0,0x0017dec0,0x20
noop_wrapper___,0x0017dec0,0x0017dedc,0x1c
sub_17DEE0,0x0017dee0,0x0017dfe4,0x104
noop_wrapper___,0x0017dfe8,0x0017e004,0x1c
sub_17E008,0x0017e008,0x0017e030,0x28
sub_17E030,0x0017e030,0x0017e11c,0xec
sub_17E120,0x0017e120,0x0017e1fc,0xdc
sub_17E200,0x0017e200,0x0017e354,0x154
flags_test_mask,0x0017e358,0x0017e380,0x28
sub_17E380,0x0017e380,0x0017e3d0,0x50
str_copy_n_h,0x0017e3d0,0x0017e4e0,0x110
sub_17E4E0,0x0017e4e0,0x0017e540,0x60
sub_17E540,0x0017e540,0x0017e5c4,0x84
syscall_stub_z_30,0x0017e5c8,0x0017e5d8,0x10
sub_17E5D8,0x0017e5d8,0x0017e610,0x38
syscall_stub_z_31,0x0017e610,0x0017e620,0x10
syscall_stub_z_32,0x0017e620,0x0017e630,0x10
sub_17E630,0x0017e630,0x0017e6f4,0xc4
syscall_stub_z_33,0x0017e718,0x0017e728,0x10
wrap_syscall_stub_z_33,0x0017e728,0x0017e758,0x30
wrap_syscall_stub_z_28,0x0017e7b8,0x0017e7f8,0x40
sub_17E7F8,0x0017e7f8,0x0017e9ec,0x1f4
sub_17EB00,0x0017eb00,0x0017ec34,0x134
sub_17ED3C,0x0017ed3c,0x0017ed5c,0x20
cpu_disable_interrupts,0x0017ed60,0x0017edb0,0x50
cpu_enable_interrupts,0x0017edb0,0x0017edc8,0x18
noop_wrapper_n_2,0x0017edc8,0x0017ee28,0x60
get_global_var_z_10,0x0017ee28,0x0017ee34,0xc
syscall_stub_z_34,0x0017ee38,0x0017ee48,0x10
syscall_stub_z_35,0x0017eec0,0x0017eed0,0x10
noop_wrapper___,0x0017eed0,0x0017ef04,0x34
sub_17EF08,0x0017ef08,0x0017f004,0xfc
syscall_stub_z_36,0x0017f008,0x0017f018,0x10
sub_17F018,0x0017f018,0x0017f06c,0x54
syscall_stub_z_37,0x0017f070,0x0017f080,0x10
syscall_stub_z_38,0x0017f080,0x0017f090,0x10
sub_17F090,0x0017f090,0x0017f0c8,0x38
syscall_stub_z_39,0x0017f0c8,0x0017f0d8,0x10
wrap_syscall_stub_z_13_0,0x0017f0d8,0x0017f140,0x68
sub_17F140,0x0017f140,0x0017f1ec,0xac
syscall_stub_z_40,0x0017f1f0,0x0017f200,0x10
sub_17F200,0x0017f200,0x0017f230,0x30
syscall_stub_z_41,0x0017f230,0x0017f240,0x10
sub_17F240,0x0017f240,0x0017f358,0x118
noop_wrapper_z_88,0x0017f358,0x0017f360,0x8
wrap_noop_wrapper_z_88,0x0017f360,0x0017f3d0,0x70
wrap_noop_wrapper_z_88_b,0x0017f3d0,0x0017f418,0x48
wrap_noop_wrapper_z_88_c,0x0017f418,0x0017f440,0x28
wrap_noop_wrapper_z_88_d,0x0017f440,0x0017f48c,0x4c
syscall_stub_z_42,0x0017f490,0x0017f4a0,0x10
syscall_stub_z_43,0x0017f4a0,0x0017f4b0,0x10
sub_17F4B0,0x0017f4b0,0x0017f4e8,0x38
syscall_stub_z_44,0x0017f4e8,0x0017f4f8,0x10
sub_17F4F8,0x0017f4f8,0x0017f5cc,0xd4
noop_z_0,0x0017f638,0x0017f640,0x8
noop_wrapper___,0x0017f640,0x0017f650,0x10
noop_wrapper_n,0x0017f650,0x0017f660,0x10
noop_wrapper___,0x0017f660,0x0017f670,0x10
sub_17F670,0x0017f670,0x0017f7c4,0x154
sub_17F7C8,0x0017f7c8,0x0017f880,0xb8
sub_17F8B0,0x0017f8b0,0x0017f940,0x90
sub_17F940,0x0017f940,0x0017f9bc,0x7c
sub_17F9C0,0x0017f9c0,0x0017fb50,0x190
sub_17FB50,0x0017fb50,0x0017fbd4,0x84
sub_17FBD8,0x0017fbd8,0x0017fc10,0x38
sub_17FC10,0x0017fc10,0x0017feb4,0x2a4
sub_17FEB8,0x0017feb8,0x0017ff04,0x4c
sub_17FF08,0x0017ff08,0x0017ff84,0x7c
obj_set_fields_t_1,0x0017ff88,0x0017fff8,0x70
sub_17FFF8,0x0017fff8,0x00180040,0x48
sub_180040,0x00180040,0x001800e0,0xa0
sub_1800E0,0x001800e0,0x0018012c,0x4c
sub_180130,0x00180130,0x00180180,0x50
sub_180180,0x00180180,0x001801dc,0x5c
sub_1801E0,0x001801e0,0x0018028c,0xac
sub_180290,0x00180290,0x001802dc,0x4c
sub_1802E0,0x001802e0,0x001803a4,0xc4
sub_1803A8,0x001803a8,0x001803f4,0x4c
sub_1803F8,0x001803f8,0x001804c4,0xcc
sub_1804C8,0x001804c8,0x00180510,0x48
sub_180510,0x00180510,0x0018055c,0x4c
sub_180560,0x00180560,0x001805cc,0x6c
sub_1805D0,0x001805d0,0x0018061c,0x4c
sub_180620,0x00180620,0x00180714,0xf4
sub_180718,0x00180718,0x00180794,0x7c
noop_wrapper___,0x00180840,0x001808b0,0x70
sub_1808B0,0x001808b0,0x00180904,0x54
obj_sub_1f90_clone_01,0x00180940,0x0018098c,0x4c
sub_180990,0x00180990,0x001809ec,0x5c
sub_1809F0,0x001809f0,0x00180b1c,0x12c
sub_180B20,0x00180b20,0x00180c10,0xf0
sub_180C10,0x00180c10,0x00180cb8,0xa8
sub_180CB8,0x00180cb8,0x00180d30,0x78
sub_180D58,0x00180d58,0x00180dd4,0x7c
mem_fill_z_21,0x00180dd8,0x00180e90,0xb8
sub_180EE8,0x00180ee8,0x00180f90,0xa8
str_sub_f6e8_clone_01,0x00180f90,0x001812cc,0x33c
sub_1812D0,0x001812d0,0x001816ec,0x41c
sub_1816F0,0x001816f0,0x00181ca8,0x5b8
sub_181CA8,0x00181ca8,0x001820cc,0x424
sub_1820D0,0x001820d0,0x00182470,0x3a0
sub_182470,0x00182470,0x00182650,0x1e0
sub_182650,0x00182650,0x00182820,0x1d0
sub_182B00,0x00182b00,0x00182eb0,0x3b0
sub_182EB0,0x00182eb0,0x00182f7c,0xcc
sub_182F80,0x00182f80,0x00183254,0x2d4
mem_fill_z_22,0x00183258,0x00183da4,0xb4c
sub_183DA8,0x00183da8,0x00183fe0,0x238
sub_183FE0,0x00183fe0,0x00184130,0x150
mem_fill_z_23,0x00184130,0x00184994,0x864
sub_184998,0x00184998,0x00184a9c,0x104
sub_184AA0,0x00184aa0,0x00184d24,0x284
sub_184D28,0x00184d28,0x001851f0,0x4c8
obj_set_flag_d,0x001851f0,0x00185234,0x44
abs_float,0x00185238,0x0018526c,0x34
sub_185270,0x00185270,0x00185484,0x214
wrap_sub_185488,0x00185488,0x001854d0,0x48
abs_float_0,0x001854d0,0x0018550c,0x3c
str_sub_f6e8_clone_02,0x00185510,0x001856f4,0x1e4
sub_1856F8,0x001856f8,0x0018582c,0x134
sub_185830,0x00185830,0x00185abc,0x28c
singleton_sub_5ac0,0x00185ac0,0x00185b98,0xd8
obj_set_flag_e,0x00185b98,0x00185bd4,0x3c
math_acos_f,0x00185bd8,0x00185cac,0xd4
math_fabs,0x00185cb0,0x00185cd8,0x28
singleton_sub_5ac0_clone_01,0x00185cd8,0x00185db0,0xd8
sub_185DB0,0x00185db0,0x00185e78,0xc8
math_asin_f,0x00185e78,0x00185f60,0xe8
sub_185F60,0x00185f60,0x00185fd8,0x78
noop_wrapper___,0x00185fd8,0x00185fec,0x14
noop_wrapper___,0x00185ff0,0x00186004,0x14
noop_wrapper_o,0x00186008,0x0018601c,0x14
noop_wrapper___,0x00186020,0x00186034,0x14
math_atan2_f,0x00186038,0x0018604c,0x14
sub_186050,0x00186050,0x00186064,0x14
noop_wrapper___,0x00186068,0x0018607c,0x14
noop_wrapper___,0x00186080,0x00186094,0x14
sub_186098,0x00186098,0x00186100,0x68
sub_186100,0x00186100,0x001861a0,0xa0
sub_1861A0,0x001861a0,0x00186270,0xd0
sub_186270,0x00186270,0x0018630c,0x9c
sub_1863C8,0x001863c8,0x001864ac,0xe4
sub_1864B0,0x001864b0,0x00186550,0xa0
sub_186550,0x00186550,0x001865d0,0x80
HankakuToZenkaku_clone_02,0x001865d0,0x00186624,0x54
sub_186628,0x00186628,0x001866a0,0x78
sub_1866A0,0x001866a0,0x0018699c,0x2fc
noop_wrapper___,0x001869a0,0x001869bc,0x1c
sub_1869C0,0x001869c0,0x00186b18,0x158
sub_186B18,0x00186b18,0x00186bb0,0x98
sub_186BB0,0x00186bb0,0x00186c50,0xa0
sub_186C50,0x00186c50,0x00186cbc,0x6c
sub_186CC0,0x00186cc0,0x00186e18,0x158
sub_186EC8,0x00186ec8,0x001871b0,0x2e8
sub_1871B0,0x001871b0,0x001873c8,0x218
sub_1873C8,0x001873c8,0x001875e8,0x220
sub_1875E8,0x001875e8,0x001877c8,0x1e0
sub_1877C8,0x001877c8,0x00187894,0xcc
sub_187898,0x00187898,0x00187930,0x98
sub_187930,0x00187930,0x001879e8,0xb8
sub_1879E8,0x001879e8,0x00187aa0,0xb8
sub_187AA0,0x00187aa0,0x00187b70,0xd0
wrap_rpc_call_async,0x00187b70,0x00187b94,0x24
sub_187B98,0x00187b98,0x00187c54,0xbc
sub_187C58,0x00187c58,0x00187d98,0x140
event_entry_set_clone_05,0x00187d98,0x00187de0,0x48
sub_187DE0,0x00187de0,0x00187ed4,0xf4
sub_187ED8,0x00187ed8,0x00187f68,0x90
sub_187F68,0x00187f68,0x0018807c,0x114
sub_188080,0x00188080,0x00188264,0x1e4
mem_fill_z_24,0x00188320,0x00188478,0x158
sub_1884D0,0x001884d0,0x00188544,0x74
sub_188548,0x00188548,0x001885c0,0x78
sub_1885F8,0x001885f8,0x001886ac,0xb4
sub_1886B0,0x001886b0,0x00188708,0x58
sub_188970,0x00188970,0x00188aa4,0x134
sub_188AA8,0x00188aa8,0x00188b5c,0xb4
sub_188B60,0x00188b60,0x00188c28,0xc8
sub_188C28,0x00188c28,0x00188d00,0xd8
sub_188D00,0x00188d00,0x00188db0,0xb0
sub_188DB0,0x00188db0,0x00188e60,0xb0
sub_188E60,0x00188e60,0x00188ebc,0x5c
noop_wrapper___,0x00188ec0,0x00188f14,0x54
sub_188F70,0x00188f70,0x0018903c,0xcc
wrap_rpc_call_d,0x00189040,0x001890a4,0x64
sub_1890A8,0x001890a8,0x00189110,0x68
wrap_rpc_call_e,0x00189110,0x00189174,0x64
sub_189178,0x00189178,0x001891e0,0x68
sub_1891E0,0x001891e0,0x00189304,0x124
sub_189318,0x00189318,0x00189540,0x228
sub_189540,0x00189540,0x00189598,0x58
noop_wrapper_z_89,0x00189598,0x001895a4,0xc
sub_1895A8,0x001895a8,0x00189664,0xbc
sub_189668,0x00189668,0x00189728,0xc0
sub_189728,0x00189728,0x00189850,0x128
noop_wrapper___,0x00189850,0x00189884,0x34
sub_189888,0x00189888,0x00189944,0xbc
sub_189948,0x00189948,0x00189a28,0xe0
obj_set_fields___08,0x00189a28,0x00189ad8,0xb0
sub_189AD8,0x00189ad8,0x00189bec,0x114
sub_189BF0,0x00189bf0,0x00189d68,0x178
sub_189D68,0x00189d68,0x00189e2c,0xc4
sub_189E30,0x00189e30,0x00189e88,0x58
sub_189E88,0x00189e88,0x0018a004,0x17c
sub_18A008,0x0018a008,0x0018a078,0x70
sub_18A078,0x0018a078,0x0018a1c4,0x14c
wrap_pool_entry_pop_b_clone_01,0x0018a1c8,0x0018a254,0x8c
sub_18A258,0x0018a258,0x0018a398,0x140
sub_18A398,0x0018a398,0x0018a464,0xcc
sub_18A468,0x0018a468,0x0018a584,0x11c
sub_18A588,0x0018a588,0x0018a644,0xbc
sub_18A648,0x0018a648,0x0018a814,0x1cc
sub_18A818,0x0018a818,0x0018a970,0x158
sub_18A970,0x0018a970,0x0018aa3c,0xcc
sub_18AA40,0x0018aa40,0x0018ab4c,0x10c
sub_18AB50,0x0018ab50,0x0018ae78,0x328
noop_wrapper___,0x0018ae78,0x0018ae90,0x18
noop_wrapper___,0x0018ae90,0x0018aeb8,0x28
noop_wrapper___,0x0018aeb8,0x0018aed4,0x1c
str_sub_aed8,0x0018aed8,0x0018af8c,0xb4
noop_wrapper___,0x0018af90,0x0018afe8,0x58
sub_18AFE8,0x0018afe8,0x0018b06c,0x84
str_sub_b070,0x0018b070,0x0018b29c,0x22c
str_copy_n_i,0x0018b2a0,0x0018c504,0x1264
noop_sub_c508,0x0018c508,0x0018c514,0xc
sub_18C518,0x0018c518,0x0018c5c4,0xac
sub_18C5C8,0x0018c5c8,0x0018c6dc,0x114
obj_sub_c6e0,0x0018c6e0,0x0018c73c,0x5c
sub_18C740,0x0018c740,0x0018c7b8,0x78
sub_18C7B8,0x0018c7b8,0x0018c8b0,0xf8
noop_wrapper___,0x0018c8b0,0x0018c8cc,0x1c
wrap_noop_wrapper___614,0x0018c8d0,0x0018c8ec,0x1c
obj_set_fields___,0x0018c8f0,0x0018c97c,0x8c
sub_18C980,0x0018c980,0x0018ca9c,0x11c
mem_fill_z_25,0x0018caa0,0x0018cd94,0x2f4
sub_18CD98,0x0018cd98,0x0018cf04,0x16c
noop_wrapper___,0x0018cf08,0x0018cf64,0x5c
sub_18CF68,0x0018cf68,0x0018d348,0x3e0
sub_18D348,0x0018d348,0x0018d3dc,0x94
sub_18D3E0,0x0018d3e0,0x0018d46c,0x8c
noop_wrapper___,0x0018d480,0x0018d4a4,0x24
noop_wrapper___,0x0018d4a8,0x0018d4c4,0x1c
noop_wrapper___,0x0018d4c8,0x0018d528,0x60
sub_18D528,0x0018d528,0x0018d67c,0x154
wrap_noop_wrapper_z_90,0x0018d680,0x0018d6d4,0x54
noop_sub_d6d8,0x0018d6d8,0x0018d720,0x48
sub_18D720,0x0018d720,0x0018d978,0x258
sub_18D978,0x0018d978,0x0018e0a0,0x728
sub_18E0A0,0x0018e0a0,0x0018e0d4,0x34
mem_compare_n_b,0x0018e0d8,0x0018e1b8,0xe0
mem_compare_n,0x0018e1b8,0x0018e24c,0x94
mem_copy,0x0018e250,0x0018e300,0xb0
sub_18E300,0x0018e300,0x0018e404,0x104
sub_18E408,0x0018e408,0x0018e4c8,0xc0
mem_fill_z_26,0x0018e4c8,0x0018e898,0x3d0
sub_18E898,0x0018e898,0x0018eb2c,0x294
sub_18EB30,0x0018eb30,0x0018ebac,0x7c
noop_wrapper_z_90,0x0018ebb0,0x0018ebfc,0x4c
str_sub_ec00,0x0018ec00,0x0018eca4,0xa4
str_sub_eca8,0x0018eca8,0x0018ecd4,0x2c
str_sub_ecd8,0x0018ecd8,0x0018ede0,0x108
sub_18EDE0,0x0018ede0,0x0018ef10,0x130
str_sub_ef10,0x0018ef10,0x0018ef90,0x80
str_sub_ef90,0x0018ef90,0x0018f04c,0xbc
obj_set_field_pair___,0x0018f050,0x0018f088,0x38
str_sub_f088,0x0018f088,0x0018f294,0x20c
str_sub_f298,0x0018f298,0x0018f394,0xfc
str_sub_f398,0x0018f398,0x0018f4f0,0x158
str_sub_f4f0,0x0018f4f0,0x0018f558,0x68
str_sub_f558,0x0018f558,0x0018f6e8,0x190
str_sub_f6e8,0x0018f6e8,0x0018f7b8,0xd0
sub_18F7B8,0x0018f7b8,0x0018f950,0x198
str_sub_f950,0x0018f950,0x0018fad4,0x184
sub_18FAD8,0x0018fad8,0x0018fba4,0xcc
sub_18FBA8,0x0018fba8,0x0018fc18,0x70
wrap_va_start,0x0018fc18,0x0018fc74,0x5c
Printf,0x0018fc78,0x0018fce8,0x70
sub_18FCE8,0x0018fce8,0x001906d4,0x9ec
noop_wrapper_z_91,0x001906d8,0x001906f0,0x18
wrap_math_mul64,0x001906f0,0x00190754,0x64
noop_wrapper___,0x00190758,0x001907b8,0x60
sub_1907B8,0x001907b8,0x00190d58,0x5a0
sub_190D58,0x00190d58,0x00190d8c,0x34
obj_shift_quat_buf,0x00190d90,0x00190f0c,0x17c
noop_wrapper___,0x00190f10,0x00190f68,0x58
sub_190F68,0x00190f68,0x00190ff0,0x88
str_format_into_buf,0x00190ff0,0x00191080,0x90
return_zero_z_25,0x00191080,0x00191088,0x8
sub_191088,0x00191088,0x00191130,0xa8
sub_191130,0x00191130,0x00191194,0x64
sub_191198,0x00191198,0x00191218,0x80
sub_191218,0x00191218,0x0019127c,0x64
noop_wrapper___,0x00191280,0x0019129c,0x1c
sub_1912A0,0x001912a0,0x00191378,0xd8
obj_sub_1378,0x00191378,0x001914a4,0x12c
sub_1914A8,0x001914a8,0x00191638,0x190
strcmp,0x00191638,0x0019177c,0x144
strcpy,0x00191780,0x00191894,0x114
strlen,0x00191898,0x001919d0,0x138
mem_compare_n_c,0x001919d0,0x00191b7c,0x1ac
mem_compare_n_b,0x00191b80,0x00191d38,0x1b8
mem_compare_n_c,0x00191d38,0x00191ef4,0x1bc
sub_191EF8,0x00191ef8,0x00191f48,0x50
sub_191F48,0x00191f48,0x00191fcc,0x84
str_copy_n_j,0x00191fd0,0x00192ee4,0xf14
noop_wrapper___,0x00192ee8,0x00192f0c,0x24
wrap_curve_sub_8a78,0x00192f10,0x00192f38,0x28
sub_192F38,0x00192f38,0x00193170,0x238
noop_wrapper___,0x00193170,0x0019319c,0x2c
sub_1931A0,0x001931a0,0x001933cc,0x22c
noop_wrapper___,0x001933d0,0x001933fc,0x2c
sub_193400,0x00193400,0x001934e8,0xe8
sub_1934E8,0x001934e8,0x00193670,0x188
obj_set_fields,0x00193670,0x001936b8,0x48
sub_1936B8,0x001936b8,0x0019376c,0xb4
sub_193770,0x00193770,0x00194e58,0x16e8
sub_194E58,0x00194e58,0x00195018,0x1c0
sub_195018,0x00195018,0x001950f4,0xdc
sub_1950F8,0x001950f8,0x00195d84,0xc8c
str_copy_n_04,0x00195d88,0x00195e88,0x100
sub_195E88,0x00195e88,0x00195edc,0x54
sub_195EE0,0x00195ee0,0x00195f34,0x54
noop_wrapper___,0x00195f38,0x00195f98,0x60
str_copy_n_05,0x00195f98,0x001960a4,0x10c
math_mul64,0x001960a8,0x0019611c,0x74
noop_sub_6120,0x00196120,0x001967b4,0x694
sub_1967B8,0x001967b8,0x00196e48,0x690
sub_196E48,0x00196e48,0x001973c4,0x57c
sub_1973C8,0x001973c8,0x00197930,0x568
str_sub_7930,0x00197930,0x001979d8,0xa8
sub_1979D8,0x001979d8,0x00197ac0,0xe8
sub_197AC0,0x00197ac0,0x00197bd8,0x118
wrap_float_compare_hw_0,0x00197bd8,0x00197c50,0x78
sub_197C50,0x00197c50,0x00197d78,0x128
sub_197D78,0x00197d78,0x00197e2c,0xb4
sub_197E30,0x00197e30,0x00197e8c,0x5c
mem_fill_z_27,0x00197e90,0x00197ebc,0x2c
float_unpack,0x00197ec0,0x00197efc,0x3c
str_sub_7f00,0x00197f00,0x00197fd8,0xd8
str_sub_7fd8,0x00197fd8,0x00198094,0xbc
sub_198098,0x00198098,0x001982f4,0x25c
float_add_hw,0x001982f8,0x00198350,0x58
float_div_hw,0x00198350,0x001983b4,0x64
float_mul_hw,0x001983b8,0x0019863c,0x284
str_sub_8640,0x00198640,0x00198780,0x140
sub_198780,0x00198780,0x001988a0,0x120
float_compare_hw,0x001988a0,0x001988ec,0x4c
str_sub_88f0,0x001988f0,0x001989a8,0xb8
str_sub_89a8,0x001989a8,0x00198a44,0x9c
mem_fill_z_28,0x00198a48,0x00198a74,0x2c
curve_sub_8a78,0x00198a78,0x00198acc,0x54
sub_198AD0,0x00198ad0,0x00198b70,0xa0
noop_z_1,0x00198b70,0x00198b78,0x8
noop_z_2,0x00198b80,0x00198b88,0x8
sub_198B90,0x00198b90,0x00198bdc,0x4c
sub_198BE0,0x00198be0,0x00198c2c,0x4c
return_zero_z_26,0x00198c30,0x00198c38,0x8
noop_z_3,0x00198c40,0x00198c48,0x8
sub_198C50,0x00198c50,0x00198cb0,0x60
sub_198CB0,0x00198cb0,0x00198cfc,0x4c
fighter_track_slot_ctor_clone_01,0x00198d00,0x00198d84,0x84
state_byte_transition_k_1,0x00198d90,0x00199010,0x280
obj_set_fields_u_2,0x00199010,0x001990a4,0x94
sub_1990B0,0x001990b0,0x00199104,0x54
table_entry_get,0x00199110,0x00199128,0x18
sub_199130,0x00199130,0x00199180,0x50
sub_199180,0x00199180,0x001991d0,0x50
noop___,0x001991d0,0x001991d8,0x8
sub_1991E0,0x001991e0,0x00199210,0x30
noop_z_4,0x00199210,0x00199218,0x8
return_zero_z_27,0x00199220,0x00199228,0x8
return_zero_z_28,0x00199230,0x00199238,0x8
noop_wrapper_z_92,0x00199240,0x00199254,0x14
get_field_val_z_34,0x00199260,0x00199268,0x8
get_field_val_z_35,0x00199270,0x00199278,0x8
noop_z_5,0x00199280,0x00199288,0x8
noop_z_6,0x00199290,0x00199298,0x8
noop_z_7,0x001992a0,0x001992a8,0x8
obj_ctor_init,0x001992b0,0x0019931c,0x6c
sub_199320,0x00199320,0x0019939c,0x7c
sub_1993A0,0x001993a0,0x001993ec,0x4c
vtable_dispatch___5_clone_01,0x001993f0,0x00199444,0x54
return_zero_z_29,0x00199450,0x00199458,0x8
wrap_sub_199460,0x00199460,0x00199480,0x20
sub_199480,0x00199480,0x001995dc,0x15c
sub_1995E0,0x001995e0,0x001997a0,0x1c0
obj_set_fields_v_3,0x001997a0,0x001997d4,0x34
vtable_dispatch_m,0x001997e0,0x001997f8,0x18
vtable_dispatch_n,0x00199800,0x00199818,0x18
get_field_val___,0x00199820,0x00199828,0x8
get_field_val_,0x00199830,0x00199838,0x8
EngineUpdate,0x00199840,0x00199878,0x38
sub_199880,0x00199880,0x001999a0,0x120
sub_1999A0,0x001999a0,0x00199aa0,0x100
vec4f_write_to_offset40_clone_01,0x00199aa0,0x00199ac4,0x24
noop_z_8,0x00199ad0,0x00199ad8,0x8
noop_z_9,0x00199ae0,0x00199ae8,0x8
noop_z_10,0x00199af0,0x00199af8,0x8
noop_z_11,0x00199b00,0x00199b08,0x8
noop_z_12,0x00199b10,0x00199b18,0x8
noop_z_13,0x00199b20,0x00199b28,0x8
noop_z_14,0x00199b30,0x00199b38,0x8
mem_fill_z_199_0,0x00199b40,0x00199d58,0x218
sub_199D60,0x00199d60,0x00199dac,0x4c
singleton_get_camera,0x00199db0,0x00199ee8,0x138
get_field_val_z_36,0x00199ef0,0x00199ef8,0x8
gp_field_get,0x00199f00,0x00199f08,0x8
noop_wrapper_z_93,0x00199f10,0x00199f24,0x14
get_field_val_z_37,0x00199f30,0x00199f38,0x8
obj_ctor_init_b,0x00199f40,0x00199fb0,0x70
sub_199FB0,0x00199fb0,0x0019a024,0x74
sub_19A030,0x0019a030,0x0019a178,0x148
noop_wrapper_z_94,0x0019a180,0x0019a1b4,0x34
sub_19A1C0,0x0019a1c0,0x0019a20c,0x4c
noop_seq_var_10,0x0019a210,0x0019a270,0x60
obj_ctor_init_c,0x0019a270,0x0019a298,0x28
sub_19A2A0,0x0019a2a0,0x0019a300,0x60
sub_19A300,0x0019a300,0x0019a534,0x234
vtable_dispatch_o,0x0019a540,0x0019a550,0x10
noop_z_15,0x0019a550,0x0019a558,0x8
noop_z_16,0x0019a560,0x0019a568,0x8
gp_field_get_b,0x0019a570,0x0019a578,0x8
noop_wrapper_z_95,0x0019a580,0x0019a58c,0xc
noop_wrapper_z_96,0x0019a590,0x0019a5a0,0x10
get_field_val_z_38,0x0019a5a0,0x0019a5a8,0x8
get_field_val_z_39,0x0019a5b0,0x0019a5b8,0x8
get_field_val_z_40,0x0019a5c0,0x0019a5c8,0x8
return_zero_z_30,0x0019a5d0,0x0019a5d8,0x8
sub_19A5E0,0x0019a5e0,0x0019a5fc,0x1c
pass_identity_2,0x0019a600,0x0019a608,0x8
return_const_1_h,0x0019a610,0x0019a618,0x8
vtable_dispatch_p,0x0019a620,0x0019a648,0x28
obj_ctor_init_d,0x0019a650,0x0019a6e0,0x90
return_const__2147352576,0x0019a6e0,0x0019a6e8,0x8
return_zero_z_31,0x0019a6f0,0x0019a6f8,0x8
noop_z_17,0x0019a700,0x0019a708,0x8
noop_z_18,0x0019a710,0x0019a718,0x8
noop_z_19,0x0019a720,0x0019a728,0x8
return_const_1_i,0x0019a730,0x0019a738,0x8
sub_19A740,0x0019a740,0x0019a784,0x44
noop_c,0x0019a790,0x0019a7b8,0x28
sub_19A7C0,0x0019a7c0,0x0019a8a0,0xe0
obj_ctor_init_e,0x0019a8a0,0x0019a8cc,0x2c
obj_ctor_init_f,0x0019a8d0,0x0019a950,0x80
obj_ctor_init_g,0x0019a950,0x0019a9c0,0x70
sub_19A9C0,0x0019a9c0,0x0019aa20,0x60
gp_field_get_c,0x0019aa20,0x0019aa28,0x8
return_const_2_b,0x0019aa30,0x0019aa38,0x8
vtable_dispatch_q,0x0019aa40,0x0019aa68,0x28
obj_ctor_init_h,0x0019aa70,0x0019aaf0,0x80
sub_19AAF0,0x0019aaf0,0x0019abbc,0xcc
obj_interp_blend_pos_clone_01,0x0019abc0,0x0019adc4,0x204
wrap_stack_depth_track,0x0019add0,0x0019adfc,0x2c
obj_ctor_init_i,0x0019ae00,0x0019ae34,0x34
obj_set_field_pair___,0x0019ae40,0x0019ae54,0x14
noop_wrapper_z_97,0x0019ae60,0x0019ae68,0x8
noop_wrapper_z_98,0x0019ae70,0x0019ae78,0x8
noop_wrapper_z_99,0x0019ae80,0x0019ae90,0x10
CAppFightResultCsAcSingle_Tick_clone_01,0x0019ae90,0x0019aec8,0x38
sub_19AED0,0x0019aed0,0x0019af38,0x68
noop_wrapper_z_100,0x0019af40,0x0019af58,0x18
sub_19AF60,0x0019af60,0x0019afc0,0x60
noop_seq_var_10_b,0x0019afc0,0x0019b004,0x44
sub_19B010,0x0019b010,0x0019b0a4,0x94
sub_19B0B0,0x0019b0b0,0x0019b108,0x58
obj_set_fields___,0x0019b110,0x0019b168,0x58
obj_set_field_pair_b_1,0x0019b170,0x0019b17c,0xc
obj_ctor_init_j,0x0019b180,0x0019b19c,0x1c
sub_19B1A0,0x0019b1a0,0x0019b1ec,0x4c
sub_19B1F0,0x0019b1f0,0x0019b710,0x520
mem_compare_n_0_clone_06,0x0019b710,0x0019b8a0,0x190
gp_field_get_d,0x0019b8a0,0x0019b8a8,0x8
noop_wrapper_z_101,0x0019b8b0,0x0019b8b8,0x8
return_const_3,0x0019b8c0,0x0019b8c8,0x8
vtable_dispatch_r,0x0019b8d0,0x0019b8f8,0x28
obj_ctor_init_k,0x0019b900,0x0019b9b0,0xb0
return_zero_z_32,0x0019b9b0,0x0019b9b8,0x8
vtable_dispatch_o_0_clone_01,0x0019b9c0,0x0019b9d0,0x10
noop_z_20,0x0019b9d0,0x0019b9d8,0x8
CMemory_Init_clone_01,0x0019b9e0,0x0019bb30,0x150
sub_19BB30,0x0019bb30,0x0019bb9c,0x6c
vtable_dispatch___5_clone_02,0x0019bba0,0x0019bbdc,0x3c
wrap_mem_fill_z_29,0x0019bbe0,0x0019bbfc,0x1c
sub_19BC00,0x0019bc00,0x0019bdd4,0x1d4
sub_19BDE0,0x0019bde0,0x0019be78,0x98
sub_19BE80,0x0019be80,0x0019bf38,0xb8
sub_19BF40,0x0019bf40,0x0019bfb8,0x78
state_byte_transition_l_1,0x0019bfc0,0x0019c124,0x164
return_zero_z_33,0x0019c130,0x0019c138,0x8
obj_sub_3041,0x0019c140,0x0019c200,0xc0
get_field_val_z_41,0x0019c200,0x0019c208,0x8
noop_wrapper_z_102,0x0019c210,0x0019c21c,0xc
sub_19C220,0x0019c220,0x0019c3b8,0x198
obj_set_fields_w_2,0x0019c3c0,0x0019c410,0x50
sub_19C410,0x0019c410,0x0019c45c,0x4c
move_input_advance_b_clone_01,0x0019c460,0x0019c5c4,0x164
return_zero_z_34,0x0019c5f0,0x0019c5f8,0x8
noop_z_21,0x0019c600,0x0019c608,0x8
return_zero_z_35,0x0019c610,0x0019c618,0x8
return_zero_z_36,0x0019c620,0x0019c628,0x8
return_const__1_e,0x0019c630,0x0019c638,0x8
return_zero_z_37,0x0019c640,0x0019c648,0x8
noop_z_22,0x0019c650,0x0019c658,0x8
noop_z_23,0x0019c660,0x0019c668,0x8
obj_ctor_init_l,0x0019c670,0x0019c6e0,0x70
sub_19C6E0,0x0019c6e0,0x0019c72c,0x4c
noop_z_24,0x0019c730,0x0019c738,0x8
return_zero_z_38,0x0019c740,0x0019c748,0x8
obj_ctor_init_m,0x0019c750,0x0019c7d0,0x80
wrap_sub_109470,0x0019c7d0,0x0019c7fc,0x2c
sub_19C800,0x0019c800,0x0019c9b4,0x1b4
str_copy_n_e_clone_02,0x0019c9c0,0x0019cb30,0x170
sub_19CB30,0x0019cb30,0x0019cbd8,0xa8
sub_19CBE0,0x0019cbe0,0x0019cc3c,0x5c
scene_graph_flush_clone_02,0x0019cc40,0x0019ce00,0x1c0
noop_wrapper_z_103,0x0019ce00,0x0019ce18,0x18
gp_field_get_e,0x0019ce20,0x0019ce28,0x8
obj_alloc_and_init_clone_02,0x0019ce30,0x0019ceb4,0x84
obj_dtor_maybe_free,0x0019cec0,0x0019cf30,0x70
obj_ctor_init_n_clone_01,0x0019cf30,0x0019d064,0x134
obj_ctor_init_n,0x0019d070,0x0019d110,0xa0
sub_19D110,0x0019d110,0x0019d17c,0x6c
fighter_track_slot_ctor_clone_02,0x0019d180,0x0019d2a0,0x120
vec4f_copy_from_ptr,0x0019d2a0,0x0019d2c8,0x28
vec4f_copy_from_ptr_clone_01,0x0019d2d0,0x0019d2f8,0x28
obj_sub_d300,0x0019d300,0x0019d378,0x78
str_copy_n_06,0x0019d380,0x0019d420,0xa0
sub_19D420,0x0019d420,0x0019d490,0x70
obj_build_world_matrix,0x0019d490,0x0019d61c,0x18c
quat_to_mat4,0x0019d620,0x0019d6fc,0xdc
return_const_1_j,0x0019d700,0x0019d708,0x8
return_const_1_k,0x0019d710,0x0019d718,0x8
return_const_1_l,0x0019d720,0x0019d728,0x8
sub_19D730,0x0019d730,0x0019d764,0x34
sub_19D770,0x0019d770,0x0019d7d8,0x68
sub_19D7E0,0x0019d7e0,0x0019d860,0x80
sub_19D860,0x0019d860,0x0019d910,0xb0
tree_walk_with_vec3,0x0019d910,0x0019d944,0x34
sub_19D950,0x0019d950,0x0019daf8,0x1a8
sub_19DB00,0x0019db00,0x0019dc04,0x104
return_zero,0x0019dc10,0x0019dc18,0x8
obj_set_fields_x_1,0x0019dc20,0x0019dcb4,0x94
sub_19DCC0,0x0019dcc0,0x0019dde0,0x120
obj_sub_ca60_clone_02,0x0019dde0,0x0019de7c,0x9c
sub_19DE80,0x0019de80,0x0019e018,0x198
singleton_lazy_init,0x0019e020,0x0019e178,0x158
sub_19E180,0x0019e180,0x0019e1cc,0x4c
mem_fill_z_29,0x0019e1d0,0x0019e25c,0x8c
gp_field_get_f,0x0019e260,0x0019e268,0x8
return_zero_z_39,0x0019e270,0x0019e278,0x8
return_const_4,0x0019e280,0x0019e288,0x8
noop_z_25,0x0019e290,0x0019e298,0x8
vtable_dispatch_s,0x0019e2a0,0x0019e2c8,0x28
obj_ctor_init_o,0x0019e2d0,0x0019e340,0x70
gp_field_get_g,0x0019e340,0x0019e348,0x8
noop_wrapper_z_104,0x0019e350,0x0019e36c,0x1c
return_const_5,0x0019e370,0x0019e378,0x8
vtable_dispatch_t,0x0019e380,0x0019e3a8,0x28
obj_ctor_init_p,0x0019e3b0,0x0019e430,0x80
gp_field_get_h,0x0019e430,0x0019e438,0x8
sub_19E440,0x0019e440,0x0019e5e4,0x1a4
get_field_val___,0x0019e5f0,0x0019e5f8,0x8
get_field_val_c,0x0019e600,0x0019e608,0x8
tree_node_get_next,0x0019e610,0x0019e618,0x8
tree_node_get_right,0x0019e620,0x0019e628,0x8
tree_node_get_name_ptr,0x0019e630,0x0019e638,0x8
get_field_val_c,0x0019e640,0x0019e648,0x8
sub_19E650,0x0019e650,0x0019e834,0x1e4
tree_add_child,0x0019e840,0x0019e884,0x44
sub_19E890,0x0019e890,0x0019e940,0xb0
tree_clone,0x0019e940,0x0019ece8,0x3a8
noop_wrapper_z_105,0x0019ecf0,0x0019ecf8,0x8
noop_wrapper_z_106,0x0019ed00,0x0019ed08,0x8
get_field_val___,0x0019ed10,0x0019ed18,0x8
obj_set_field_byte_s,0x0019ed20,0x0019ed28,0x8
obj_set_field_byte_t,0x0019ed30,0x0019ed38,0x8
get_field_val___,0x0019ed40,0x0019ed48,0x8
tree_insert_node,0x0019ed50,0x0019edc4,0x74
sub_19EDD0,0x0019edd0,0x0019ee14,0x44
vtable_sub_efc0_clone_02,0x0019ee20,0x0019ee74,0x54
tree_node_clear_name,0x0019ee80,0x0019ee88,0x8
obj_set_fields_y_1,0x0019ee90,0x0019ef00,0x70
sub_19EF00,0x0019ef00,0x0019f364,0x464
get_field_val,0x0019f370,0x0019f378,0x8
sub_19F380,0x0019f380,0x0019f5b4,0x234
return_zero_z_40,0x0019f5c0,0x0019f5c8,0x8
sub_19F5D0,0x0019f5d0,0x0019f738,0x168
wrap_stack_depth_track_b,0x0019f740,0x0019f76c,0x2c
sub_19F770,0x0019f770,0x0019ff1c,0x7ac
obj_ctor_init,0x0019ff20,0x0019ff58,0x38
get_field_val___,0x0019ff60,0x0019ff68,0x8
get_field_ptr_b,0x0019ff70,0x0019ff78,0x8
vec4f_set,0x0019ff80,0x0019ff98,0x18
get_field_ptr_c,0x0019ffa0,0x0019ffa8,0x8
obj_set_field_byte_u,0x0019ffb0,0x0019ffb8,0x8
obj_set_field_pair___,0x0019ffc0,0x0019ffcc,0xc
wrap_singleton_get_tree_root,0x0019ffd0,0x001a0000,0x30
sub_1A0000,0x001a0000,0x001a007c,0x7c
sub_1A0080,0x001a0080,0x001a0148,0xc8
sub_1A0150,0x001a0150,0x001a0250,0x100
sub_1A0250,0x001a0250,0x001a06a0,0x450
gp_field_get_i,0x001a06a0,0x001a06a8,0x8
noop_wrapper_z_107,0x001a06b0,0x001a06bc,0xc
return_const_10,0x001a06c0,0x001a06c8,0x8
vtable_dispatch_u,0x001a06d0,0x001a06f8,0x28
obj_ctor_init_q,0x001a0700,0x001a0780,0x80
gp_field_get_j,0x001a0780,0x001a0788,0x8
wrap_stack_depth_track_c,0x001a0790,0x001a07bc,0x2c
return_const_1_m,0x001a07c0,0x001a07c8,0x8
obj_ctor_init_r,0x001a07d0,0x001a0870,0xa0
obj_ctor_with_vec_init,0x001a0870,0x001a099c,0x12c
sub_1A09A0,0x001a09a0,0x001a09ec,0x4c
j_Matrix4_Copy,0x001a09f0,0x001a09f8,0x8
sub_1A0A00,0x001a0a00,0x001a0b10,0x110
sub_1A0B10,0x001a0b10,0x001a0b74,0x64
get_field_ptr,0x001a0b80,0x001a0b88,0x8
obj_set_fields___,0x001a0b90,0x001a0bac,0x1c
wrap_mat4_multiply,0x001a0bb0,0x001a0bbc,0xc
mem_fill_j,0x001a0bc0,0x001a0c60,0xa0
pass_identity_b_1,0x001a0c60,0x001a0c68,0x8
j_vu_matrix_load_d,0x001a0c70,0x001a0c78,0x8
sub_1A0C80,0x001a0c80,0x001a0d6c,0xec
pass_identity_c,0x001a0d70,0x001a0d78,0x8
wrap_obj_copy_fields,0x001a0d80,0x001a0dc0,0x40
obj_set_field_byte_v,0x001a0dc0,0x001a0dc8,0x8
wrap_obj_ctor_init_r,0x001a0dd0,0x001a0dd8,0x8
noop_z_26,0x001a0de0,0x001a0de8,0x8
sub_1A0DF0,0x001a0df0,0x001a1410,0x620
gp_field_get_k,0x001a1410,0x001a1418,0x8
wrap_stack_depth_track_d,0x001a1420,0x001a144c,0x2c
obj_ctor_init_s,0x001a1450,0x001a14f0,0xa0
sub_1A14F0,0x001a14f0,0x001a1588,0x98
sub_1A1590,0x001a1590,0x001a15c8,0x38
obj_set_fields_g_2,0x001a15d0,0x001a15f0,0x20
noop_wrapper_z_108,0x001a15f0,0x001a1600,0x10
sub_1A1600,0x001a1600,0x001a1668,0x68
sub_1A1670,0x001a1670,0x001a16a4,0x34
sub_1A16B0,0x001a16b0,0x001a1738,0x88
sub_1A1740,0x001a1740,0x001a1818,0xd8
obj_set_fields_b_2,0x001a1820,0x001a1864,0x44
noop_wrapper_z_109,0x001a1870,0x001a189c,0x2c
sub_1A18A0,0x001a18a0,0x001a18ec,0x4c
euler_to_quat_p_0_clone_01,0x001a18f0,0x001a1a00,0x110
sub_1A1A00,0x001a1a00,0x001a1cc8,0x2c8
noop_wrapper___,0x001a1cd0,0x001a1d10,0x40
noop_wrapper_z_110,0x001a1d10,0x001a1d1c,0xc
obj_set_fields___,0x001a1d20,0x001a1d80,0x60
noop_wrapper_z_111,0x001a1d80,0x001a1d8c,0xc
obj_set_fields___,0x001a1d90,0x001a1db8,0x28
wrap_obj_ctor_init_s,0x001a1dc0,0x001a1dc8,0x8
gp_field_get_l,0x001a1dd0,0x001a1dd8,0x8
wrap_stack_depth_track_e,0x001a1de0,0x001a1e0c,0x2c
obj_ctor_init_t,0x001a1e10,0x001a1e9c,0x8c
obj_ctor_with_vec_init_b,0x001a1ea0,0x001a1fbc,0x11c
noop_wrapper___,0x001a1fc0,0x001a1fe4,0x24
sub_1A1FF0,0x001a1ff0,0x001a2124,0x134
obj_sub_1f90_clone_02,0x001a2130,0x001a225c,0x12c
obj_set_fields_h_1,0x001a2260,0x001a2280,0x20
noop_wrapper_z_112,0x001a2280,0x001a22b8,0x38
noop_wrapper_z_113,0x001a22c0,0x001a22cc,0xc
noop_wrapper___,0x001a22d0,0x001a22f0,0x20
mem_fill_z_30,0x001a22f0,0x001a249c,0x1ac
gp_field_get_m,0x001a24a0,0x001a24a8,0x8
obj_ctor_init_n_clone_02,0x001a24b0,0x001a2570,0xc0
noop_z_27,0x001a2570,0x001a2578,0x8
noop_z_28,0x001a2580,0x001a2588,0x8
noop_z_29,0x001a2590,0x001a2598,0x8
sub_1A25A0,0x001a25a0,0x001a2720,0x180
slerp_quat_0_clone_01,0x001a2720,0x001a2974,0x254
vec3f_scale_inplace,0x001a2980,0x001a29ac,0x2c
sub_1A29B0,0x001a29b0,0x001a29e8,0x38
vec3f_length_sq,0x001a29f0,0x001a2a0c,0x1c
vec3f_sub,0x001a2a10,0x001a2a5c,0x4c
mem_fill_z_31,0x001a2a60,0x001a2f58,0x4f8
vec4f_transform_transposed,0x001a2f60,0x001a2f70,0x10
slerp_quat_0_clone_02,0x001a2f70,0x001a31c4,0x254
mem_fill_z_32,0x001a31d0,0x001a35d8,0x408
obj_set_fields___,0x001a35e0,0x001a35f0,0x10
gp_field_get_n,0x001a35f0,0x001a35f8,0x8
noop_z_30,0x001a3600,0x001a3608,0x8
noop_z_31,0x001a3610,0x001a3618,0x8
return_zero_z_41,0x001a3620,0x001a3628,0x8
return_zero_z_42,0x001a3630,0x001a3638,0x8
return_zero_z_43,0x001a3640,0x001a3648,0x8
pool_entry_push_b,0x001a3650,0x001a3718,0xc8
vec3f_dist_sq_cmp_clone_01,0x001a3720,0x001a37cc,0xac
mem_fill_z_33,0x001a37d0,0x001a40c4,0x8f4
noop_z_32,0x001a40d0,0x001a40d8,0x8
pool_entry_pop,0x001a40e0,0x001a43f0,0x310
noop___,0x001a43f0,0x001a43f8,0x8
singleton_lazy_init_b,0x001a4400,0x001a44d4,0xd4
pool_entry_push_c,0x001a45a0,0x001a45c4,0x24
pool_entry_pop_b,0x001a45d0,0x001a4614,0x44
singleton_lazy_init_c,0x001a4620,0x001a46f4,0xd4
gp_field_get_o,0x001a4700,0x001a4708,0x8
sub_1A4710,0x001a4710,0x001a4770,0x60
mem_fill_z_34,0x001a4770,0x001a4c10,0x4a0
sub_1A4C10,0x001a4c10,0x001a4c80,0x70
sub_1A4C80,0x001a4c80,0x001a4cc8,0x48
vtable_dispatch_v,0x001a4cd0,0x001a4d04,0x34
vtable_dispatch_w,0x001a4d10,0x001a4d54,0x44
curve_interp_call_u_0,0x001a4d60,0x001a4e2c,0xcc
vtable_dispatch_b,0x001a4e30,0x001a4e40,0x10
vtable_dispatch_x,0x001a4e40,0x001a4e6c,0x2c
sub_1A4E70,0x001a4e70,0x001a4f98,0x128
sub_1A4FA0,0x001a4fa0,0x001a50dc,0x13c
obj_set_clear_flag_imm,0x001a5c80,0x001a5cc8,0x48
sub_1A5CD0,0x001a5cd0,0x001a5d44,0x74
obj_set_clear_flag_imm_clone_01,0x001a5d50,0x001a5da8,0x58
obj_set_clear_flag_imm_clone_02,0x001a5db0,0x001a5e08,0x58
noop_wrapper_z_114,0x001a5e10,0x001a5e60,0x50
noop_wrapper_z_115,0x001a5e60,0x001a5eb0,0x50
vtable_dispatch___20_0,0x001a5eb0,0x001a5ec4,0x14
obj_set_fields_z_42,0x001a5ed0,0x001a5f40,0x70
obj_set_fields___,0x001a5f40,0x001a5fa0,0x60
sub_1A5FA0,0x001a5fa0,0x001a6034,0x94
gp_field_get_p,0x001a6040,0x001a6048,0x8
obj_ctor_init_n_clone_03,0x001a6050,0x001a6110,0xc0
mem_fill_z_31_clone_01,0x001a6110,0x001a6bb0,0xaa0
mem_fill_z_35,0x001a6bb0,0x001a7208,0x658
mem_fill_z_36,0x001a7210,0x001a7348,0x138
wrap_var_10,0x001a7350,0x001a7390,0x40
mem_sub_7390,0x001a7390,0x001a73cc,0x3c
mem_fill_z_37,0x001a73d0,0x001a7b10,0x740
get_field_val___,0x001a7b10,0x001a7b18,0x8
mem_fill_m,0x001a7b20,0x001a841c,0x8fc
mem_sub_8420,0x001a8420,0x001a881c,0x3fc
obj_get_matrix_at170,0x001a8820,0x001a8828,0x8
j_vec3f_normalize,0x001a8830,0x001a8838,0x8
mem_fill_z_38,0x001a8840,0x001a8b44,0x304
mem_fill_z_39,0x001a8b50,0x001a90fc,0x5ac
mem_fill_z_40,0x001a9100,0x001a9258,0x158
mem_fill_z_41,0x001a9260,0x001a92a8,0x48
mem_fill_z_42,0x001a92b0,0x001a9750,0x4a0
obj_set_fields_c_2,0x001a9750,0x001a9778,0x28
wrap_var_10_b,0x001a9780,0x001a97cc,0x4c
mem_fill_z_43,0x001a97d0,0x001a9a40,0x270
mem_fill_z_44,0x001a9a40,0x001a9aec,0xac
obj_set_fields_i_1,0x001a9af0,0x001a9b0c,0x1c
obj_set_fields___,0x001a9b10,0x001a9b20,0x10
mat4_normalize_rows,0x001a9b20,0x001a9b28,0x8
mem_fill_z_45,0x001a9b30,0x001a9e18,0x2e8
get_field_val___,0x001a9e20,0x001a9e28,0x8
wrap_math_fabs,0x001a9e30,0x001a9ee8,0xb8
get_field_ptr_d,0x001a9ef0,0x001a9ef8,0x8
get_field_val_b,0x001a9f00,0x001a9f08,0x8
sub_1A9F10,0x001a9f10,0x001aad0c,0xdfc
mem_fill_z_46,0x001aad10,0x001aaeb8,0x1a8
sub_1AAEC0,0x001aaec0,0x001ab264,0x3a4
vec3f_not_equal,0x001ab270,0x001ab338,0xc8
wrap_var_10_c,0x001ab340,0x001ab380,0x40
sub_1AB380,0x001ab380,0x001ab840,0x4c0
noop_z_33,0x001ab840,0x001ab848,0x8
noop_z_34,0x001ab850,0x001ab858,0x8
sub_1AB860,0x001ab860,0x001ab8fc,0x9c
obj_set_fields_z_43,0x001ab900,0x001ab934,0x34
sub_1AB940,0x001ab940,0x001ab98c,0x4c
stream_parser_reset_clone_01,0x001ab990,0x001abba4,0x214
obj_set_fields___,0x001abbb0,0x001abbf8,0x48
obj_set_fields___,0x001abc00,0x001abc44,0x44
vtable_dispatch_y,0x001abc50,0x001abc90,0x40
wrap_obj_motion_update_slot_clone_01,0x001abc90,0x001abd28,0x98
gp_field_get_q,0x001abd30,0x001abd38,0x8
obj_alloc_and_init_clone_03,0x001abd40,0x001abda8,0x68
move_input_advance_b_clone_02,0x001abdb0,0x001abe80,0xd0
obj_set_clear_flag_imm_clone_03,0x001abe80,0x001abeb8,0x38
obj_set_flag,0x001abec0,0x001abef0,0x30
obj_set_flag_f,0x001abef0,0x001abf20,0x30
noop_sub_bf20,0x001abf20,0x001abfac,0x8c
obj_set_fields_j_0,0x001abfb0,0x001abfec,0x3c
sub_1ABFF0,0x001abff0,0x001ac06c,0x7c
obj_set_fields___,0x001ac070,0x001ac0bc,0x4c
gp_field_get_r,0x001ac0c0,0x001ac0c8,0x8
noop_z_35,0x001ac0d0,0x001ac0d8,0x8
obj_ctor_init_u,0x001ac0e0,0x001ac150,0x70
sub_1AC150,0x001ac150,0x001ac248,0xf8
noop_z_36,0x001ac250,0x001ac258,0x8
sub_1AC260,0x001ac260,0x001ac4a0,0x240
mem_fill_z_271_clone_01,0x001ac4a0,0x001ac6f0,0x250
noop_wrapper_z_116,0x001ad7b0,0x001ad800,0x50
sub_1AD800,0x001ad800,0x001ad910,0x110
CApp_CharaVS_Update_clone_02,0x001ad910,0x001addd0,0x4c0
sub_1ADDD0,0x001addd0,0x001ae5d8,0x808
obj_set_fields___,0x001ae5e0,0x001ae62c,0x4c
sub_1AE630,0x001ae630,0x001ae7d4,0x1a4
obj_ctor_init_v,0x001ae7e0,0x001ae834,0x54
obj_set_fields_z_44,0x001ae840,0x001ae8a8,0x68
sub_1AE8B0,0x001ae8b0,0x001aeaa8,0x1f8
sub_1AEAB0,0x001aeab0,0x001aeb2c,0x7c
sub_1AEB30,0x001aeb30,0x001aeba8,0x78
singleton_sub_deb0_clone_01,0x001aebb0,0x001aecb0,0x100
sub_1AECB0,0x001aecb0,0x001aed94,0xe4
gp_field_get_s,0x001aeda0,0x001aeda8,0x8
CFileLoadMng_Update,0x001aedb0,0x001af51c,0x76c
sub_1AF520,0x001af520,0x001af5f4,0xd4
singleton_lazy_init_y_clone_03,0x001af600,0x001af758,0x158
sub_1AF760,0x001af760,0x001af7ac,0x4c
vec4f_write_to_offset40,0x001af7b0,0x001af7d4,0x24
obj_set_fields_z_45,0x001af7e0,0x001af840,0x60
sub_1AF840,0x001af840,0x001af8ec,0xac
obj_ctor_init_w,0x001af8f0,0x001af960,0x70
get_data_ptr_o,0x001af960,0x001af96c,0xc
sub_1AF970,0x001af970,0x001af9d0,0x60
get_data_ptr_p,0x001af9d0,0x001af9dc,0xc
sub_1AF9E0,0x001af9e0,0x001afa2c,0x4c
gp_field_get_t,0x001afa30,0x001afa38,0x8
noop_wrapper_z_117,0x001afa40,0x001afa4c,0xc
return_const_6,0x001afa50,0x001afa58,0x8
vtable_dispatch_z,0x001afa60,0x001afa88,0x28
obj_ctor_init_x,0x001afa90,0x001afb10,0x80
fighter_track_advance_clone_02,0x001afb10,0x001b0bf8,0x10e8
sub_1B0C00,0x001b0c00,0x001b0d80,0x180
sub_1B0D80,0x001b0d80,0x001b13e4,0x664
obj_set_fields___,0x001b13f0,0x001b1440,0x50
sub_1B1440,0x001b1440,0x001b1624,0x1e4
gp_field_get_u,0x001b1630,0x001b1638,0x8
noop_wrapper_z_118,0x001b1640,0x001b164c,0xc
return_const_7,0x001b1650,0x001b1658,0x8
vtable_dispatch__,0x001b1660,0x001b1688,0x28
obj_ctor_init_y,0x001b1690,0x001b1710,0x80
sub_1B1710,0x001b1710,0x001b17cc,0xbc
mem_fill_z_265_clone_01,0x001b17d0,0x001b1a9c,0x2cc
obj_set_fields_z_46,0x001b1aa0,0x001b1b0c,0x6c
sub_1B1B10,0x001b1b10,0x001b1b5c,0x4c
sub_1B1B60,0x001b1b60,0x001b1bac,0x4c
obj_set_fields_k_0,0x001b1bb0,0x001b1bd4,0x24
obj_ctor_init_z,0x001b1be0,0x001b1c50,0x70
sub_1B1C50,0x001b1c50,0x001b2dcc,0x117c
slerp_quat,0x001b2dd0,0x001b2f64,0x194
obj_sub_1f90_clone_03,0x001b2f70,0x001b34bc,0x54c
sub_1B34C0,0x001b34c0,0x001b40c8,0xc08
sub_1B40D0,0x001b40d0,0x001b430c,0x23c
sub_1B4310,0x001b4310,0x001b4598,0x288
sub_1B45A0,0x001b45a0,0x001b5da4,0x1804
sub_1B5DB0,0x001b5db0,0x001b64e8,0x738
sub_1B64F0,0x001b64f0,0x001b769c,0x11ac
sub_1B76A0,0x001b76a0,0x001b7a58,0x3b8
sub_1B7A60,0x001b7a60,0x001b7e00,0x3a0
sub_1B7E00,0x001b7e00,0x001b7e4c,0x4c
sub_1B7E50,0x001b7e50,0x001b7eb0,0x60
obj_ctor_init__,0x001b7eb0,0x001b7f20,0x70
sub_1B7F20,0x001b7f20,0x001b7f80,0x60
fighter_sub_7f80,0x001b7f80,0x001b85e8,0x668
singleton_lazy_init,0x001b85f0,0x001b90fc,0xb0c
sub_1B9100,0x001b9100,0x001b979c,0x69c
get_field_val_z_42,0x001b97a0,0x001b97ac,0xc
get_field_val_z_43,0x001b97b0,0x001b97bc,0xc
get_field_val___,0x001b97c0,0x001b97c8,0x8
get_field_val___,0x001b97d0,0x001b97d8,0x8
obj_sub_1f90_clone_04,0x001b97e0,0x001b9b00,0x320
anim_play_on_obj,0x001b9b00,0x001b9e40,0x340
sub_1B9E40,0x001b9e40,0x001b9f54,0x114
sub_1B9F60,0x001b9f60,0x001ba0b8,0x158
tree_find_by_name,0x001ba0c0,0x001ba160,0xa0
state_byte_transition___45_0,0x001ba160,0x001ba2d8,0x178
sub_1BA2E0,0x001ba2e0,0x001ba390,0xb0
mem_fill_z_47,0x001ba390,0x001ba414,0x84
gp_field_get_v,0x001ba420,0x001ba428,0x8
return_const_18,0x001ba430,0x001ba438,0x8
vtable_dispatch__,0x001ba440,0x001ba468,0x28
vtable_dispatch_o_0_clone_02,0x001ba470,0x001ba480,0x10
sub_1BA480,0x001ba480,0x001ba500,0x80
vtable_dispatch_o_0_clone_03,0x001ba500,0x001ba510,0x10
return_zero_z_44,0x001ba510,0x001ba518,0x8
obj_motion_set_pos_a,0x001ba520,0x001ba550,0x30
scene_node_set_visible_clone_02,0x001ba550,0x001ba65c,0x10c
obj_motion_clear,0x001ba660,0x001ba67c,0x1c
pool_entry_push_d,0x001ba680,0x001ba6a4,0x24
pool_entry_pop_c,0x001ba6b0,0x001ba6f4,0x44
singleton_lazy_init_d,0x001ba700,0x001ba814,0x114
gp_field_get_w,0x001ba840,0x001ba848,0x8
sub_1BA850,0x001ba850,0x001ba8b0,0x60
obj_ctor_init__,0x001ba8b0,0x001ba8f4,0x44
obj_anim_quantize_write,0x001ba900,0x001baa10,0x110
sub_1BAA10,0x001baa10,0x001baa78,0x68
obj_anim_flag_patch,0x001baa80,0x001baadc,0x5c
sub_1BAAE0,0x001baae0,0x001bad0c,0x22c
sub_1BAD10,0x001bad10,0x001baeac,0x19c
sub_1BAEB0,0x001baeb0,0x001baf8c,0xdc
sub_1BAF90,0x001baf90,0x001bb0bc,0x12c
pool_entry_push_e,0x001bb0c0,0x001bb164,0xa4
pool_entry_pop_d,0x001bb170,0x001bb210,0xa0
noop___,0x001bb210,0x001bb218,0x8
mem_fill_z_48,0x001bb220,0x001bb33c,0x11c
gp_field_get_x,0x001bb340,0x001bb348,0x8
return_const_17_b,0x001bb350,0x001bb358,0x8
vtable_dispatch__,0x001bb360,0x001bb388,0x28
obj_ctor_init__,0x001bb390,0x001bb400,0x70
noop_z_37,0x001bb400,0x001bb408,0x8
return_zero_z_45,0x001bb410,0x001bb418,0x8
obj_set_fields___,0x001bb420,0x001bb450,0x30
sub_1BB450,0x001bb450,0x001bb578,0x128
obj_set_fields___,0x001bb580,0x001bb5ac,0x2c
vtable_dispatch__,0x001bb5b0,0x001bb5f4,0x44
pool_entry_pop_e,0x001bb600,0x001bb664,0x64
pool_entry_push_f,0x001bb670,0x001bb694,0x24
singleton_lazy_init_e,0x001bb6a0,0x001bb74c,0xac
gp_field_get_y,0x001bb770,0x001bb778,0x8
sub_1BB780,0x001bb780,0x001bb7e0,0x60
noop_wrapper___,0x001bb7e0,0x001bb81c,0x3c
sub_1BB820,0x001bb820,0x001bb8fc,0xdc
sub_1BB900,0x001bb900,0x001bba9c,0x19c
sub_1BBAA0,0x001bbaa0,0x001bbbd4,0x134
sub_1BBBE0,0x001bbbe0,0x001bbd04,0x124
sub_1BBD10,0x001bbd10,0x001bbdec,0xdc
noop_wrapper___,0x001bbdf0,0x001bbe14,0x24
obj_set_euler_angles_clone_01,0x001bbe20,0x001bc06c,0x24c
wrap_obj_set_fields___84,0x001bc070,0x001bc09c,0x2c
wrap_pool_entry_pop,0x001bc0a0,0x001bc0c8,0x28
sub_1BC0D0,0x001bc0d0,0x001bc12c,0x5c
pool_entry_pop_f,0x001bc130,0x001bc194,0x64
singleton_lazy_init_f,0x001bc1a0,0x001bc29c,0xfc
player_count_query_clone_01,0x001bc2c0,0x001bc340,0x80
gp_field_get_z,0x001bc340,0x001bc348,0x8
obj_ctor_init__,0x001bc350,0x001bc374,0x24
pool_entry_push_g,0x001bc380,0x001bc3a4,0x24
pool_entry_pop_g,0x001bc3b0,0x001bc3f4,0x44
singleton_lazy_init_g,0x001bc400,0x001bc4d4,0xd4
gp_field_get_z_0,0x001bc500,0x001bc508,0x8
obj_ctor_init__,0x001bc510,0x001bc5a0,0x90
obj_set_fields_z_47,0x001bc5a0,0x001bc5e0,0x40
noop_wrapper_z_119,0x001bc5e0,0x001bc5ec,0xc
pool_entry_pop_h,0x001bc5f0,0x001bc9e0,0x3f0
CApp_CharaVS_Update_clone_03,0x001bc9e0,0x001bcc70,0x290
blend_state_is_idle_clone_06,0x001bcc70,0x001bcca0,0x30
sub_1BCCA0,0x001bcca0,0x001bccc8,0x28
mem_fill_z_49,0x001bccd0,0x001bce3c,0x16c
sub_1BCE40,0x001bce40,0x001bcec4,0x84
noop___,0x001bced0,0x001bced8,0x8
sub_1BCEE0,0x001bcee0,0x001bd614,0x734
sub_1BD620,0x001bd620,0x001bd678,0x58
scene_node_requeue,0x001bd680,0x001bd75c,0xdc
move_input_advance_b_clone_03,0x001bd760,0x001bd830,0xd0
sub_1BD830,0x001bd830,0x001bd8bc,0x8c
scene_node_requeue_clone_01,0x001bd8c0,0x001bd980,0xc0
state_byte_transition__clone_03,0x001bd980,0x001bda00,0x80
singleton_sub_da00,0x001bda00,0x001bdb24,0x124
singleton_lazy_init_h,0x001bdb30,0x001bdd70,0x240
sub_1BDD70,0x001bdd70,0x001bddbc,0x4c
singleton_get_tree_root,0x001bddc0,0x001bde20,0x60
noop_z_38,0x001bde20,0x001bde28,0x8
obj_copy_transform_partial,0x001bde30,0x001bde54,0x24
noop_wrapper_z_120,0x001bde60,0x001bde74,0x14
vtable_dispatch_o_0_clone_04,0x001bde80,0x001bde90,0x10
sub_1BDE90,0x001bde90,0x001bdee8,0x58
sub_1BDEF0,0x001bdef0,0x001bdf48,0x58
sub_1BDF50,0x001bdf50,0x001bdfa8,0x58
sub_1BDFB0,0x001bdfb0,0x001be18c,0x1dc
tree_walk_masked,0x001be190,0x001be350,0x1c0
stream_parser_reset_clone_02,0x001be350,0x001be4fc,0x1ac
tree_find_node_by_flags,0x001be500,0x001be830,0x330
obj_list_find_by_flags,0x001be830,0x001be868,0x38
obj_set_fields_l_1,0x001be870,0x001be898,0x28
sub_1BE8A0,0x001be8a0,0x001be8ec,0x4c
mem_fill_i_01,0x001be8f0,0x001bea30,0x140
sub_1BEA30,0x001bea30,0x001bea68,0x38
sub_1BEA70,0x001bea70,0x001bead0,0x60
sub_1BEAD0,0x001bead0,0x001beb64,0x94
sub_1BEB70,0x001beb70,0x001beb80,0x10
return_zero_z_46,0x001beb80,0x001beb88,0x8
sub_1BEB90,0x001beb90,0x001bec14,0x84
vtable_sub_ec20,0x001bec20,0x001bec78,0x58
sub_1BEC80,0x001bec80,0x001becd8,0x58
sub_1BECE0,0x001bece0,0x001bee24,0x144
sub_1BEE30,0x001bee30,0x001bee48,0x18
sub_1BEE50,0x001bee50,0x001beecc,0x7c
get_field_val_z_44,0x001beed0,0x001beee0,0x10
get_field_val_z_45,0x001beee0,0x001beef0,0x10
return_zero_z_47,0x001beef0,0x001beef8,0x8
sub_1BEF00,0x001bef00,0x001befc4,0xc4
obj_set_fields___,0x001befd0,0x001bf044,0x74
obj_set_fields___,0x001bf050,0x001bf0c8,0x78
sub_1BF0D0,0x001bf0d0,0x001bf128,0x58
sub_1BF130,0x001bf130,0x001bf1bc,0x8c
sub_1BF1C0,0x001bf1c0,0x001bf240,0x80
obj_set_fields___,0x001bf240,0x001bf26c,0x2c
sub_1BF290,0x001bf290,0x001bf2d4,0x44
pool_entry_push,0x001bf300,0x001bf33c,0x3c
pool_entry_pop,0x001bf340,0x001bf398,0x58
str_copy_n_e_clone_03,0x001bf3a0,0x001bf4c4,0x124
get_field_val___,0x001bf4d0,0x001bf4d8,0x8
sub_1BF4E0,0x001bf4e0,0x001bf6ac,0x1cc
singleton_lazy_init_i,0x001bf6b0,0x001bf7a4,0xf4
get_data_ptr_q,0x001bf7b0,0x001bf7bc,0xc
vtable_dispatch_c,0x001bf7c0,0x001bf7d4,0x14
vtable_dispatch__,0x001bf7e0,0x001bf7f4,0x14
vtable_dispatch_d,0x001bf800,0x001bf814,0x14
pool_entry_push_b_0_clone_01,0x001bf820,0x001bf8ec,0xcc
get_data_ptr_r,0x001bf8f0,0x001bf8fc,0xc
sub_1BF900,0x001bf900,0x001bf960,0x60
vtable_dispatch___,0x001bf960,0x001bf9a4,0x44
obj_ctor_init___,0x001bf9b0,0x001bf9d0,0x20
obj_unregister,0x001bf9d0,0x001bfa04,0x34
vtable_dispatch_b,0x001bfa10,0x001bfa48,0x38
obj_set_fields___190_0,0x001bfa50,0x001bfaf8,0xa8
sub_1BFB00,0x001bfb00,0x001bfb38,0x38
Game_SetControllerCount,0x001bfb40,0x001bfb50,0x10
GameShutdown_Nop,0x001bfb50,0x001bfb58,0x8
noop_wrapper___,0x001bfb60,0x001bfb74,0x14
vtable_sub_fb90,0x001bfb90,0x001bfce4,0x154
gp_field_get_z_1,0x001bfcf0,0x001bfcf8,0x8
pool_entry_push_h,0x001bfd00,0x001bfda4,0xa4
sub_1BFDE0,0x001bfde0,0x001bfe40,0x60
noop_wrapper_z_121,0x001bfe40,0x001bfe48,0x8
sub_1BFE50,0x001bfe50,0x001bfe58,0x8
sub_1BFE60,0x001bfe60,0x001bfe78,0x18
obj_set_field_pair_c_1,0x001bfe80,0x001bfe90,0x10
obj_tick_camera_track_clone_01,0x001bfe90,0x001bff2c,0x9c
noop_wrapper_z_122,0x001bff30,0x001bff38,0x8
noop_wrapper_z_123,0x001bff40,0x001bff48,0x8
singleton_lazy_init_j,0x001bff50,0x001c0038,0xe8
vtable_dispatch___,0x001c0060,0x001c00a4,0x44
pool_entry_pop_i,0x001c00b0,0x001c0168,0xb8
sub_1C0180,0x001c0180,0x001c0264,0xe4
sub_1C0270,0x001c0270,0x001c02bc,0x4c
singleton_sub_deb0_clone_02,0x001c02c0,0x001c04a0,0x1e0
sub_1C04A0,0x001c04a0,0x001c064c,0x1ac
sub_1C0650,0x001c0650,0x001c095c,0x30c
sub_1C0960,0x001c0960,0x001c0a24,0xc4
sub_1C0A30,0x001c0a30,0x001c0bfc,0x1cc
sub_1C0C00,0x001c0c00,0x001c0d90,0x190
noop_,0x001c0d90,0x001c0d98,0x8
singleton_get_mgr,0x001c0da0,0x001c0df8,0x58
sub_1C0E00,0x001c0e00,0x001c0f10,0x110
mem_fill_z_50,0x001c0f10,0x001c0fb4,0xa4
sub_1C0FC0,0x001c0fc0,0x001c1160,0x1a0
sub_1C1160,0x001c1160,0x001c17c4,0x664
obj_ctor_init_d_0_clone_01,0x001c17d0,0x001c183c,0x6c
sub_1C1840,0x001c1840,0x001c196c,0x12c
return_zero_z_48,0x001c1970,0x001c1978,0x8
noop___,0x001c1b10,0x001c1b18,0x8
noop___,0x001c1b20,0x001c1b28,0x8
singleton_get_mgr_b,0x001c1b30,0x001c1b88,0x58
noop_wrapper_z_124,0x001c1b90,0x001c1b98,0x8
gp_field_get_z_2,0x001c1ba0,0x001c1ba8,0x8
pool_entry_push_i,0x001c1bb0,0x001c1c54,0xa4
wrap_noop_wrapper_z_124,0x001c1c60,0x001c1c68,0x8
obj_set_field_pair_d_1,0x001c1ca0,0x001c1cb0,0x10
obj_tick_camera_track_clone_02,0x001c1cb0,0x001c1d6c,0xbc
j_nullsub_10,0x001c1d70,0x001c1d78,0x8
vtable_dispatch___,0x001c1d80,0x001c1dc4,0x44
pool_entry_pop_j,0x001c1dd0,0x001c1e88,0xb8
get_data_ptr_s,0x001c1e90,0x001c1e9c,0xc
vtable_dispatch_o_0_clone_05,0x001c1ea0,0x001c1eb4,0x14
vtable_dispatch_o_0_clone_06,0x001c1ec0,0x001c1ed4,0x14
vtable_dispatch_o_0_clone_07,0x001c1ee0,0x001c1ef4,0x14
CAppFightMainTrain_Tick_clone_01,0x001c1f00,0x001c2138,0x238
obj_unlink_and_free,0x001c2140,0x001c22b8,0x178
GetField0C,0x001c22c0,0x001c22c8,0x8
GetField34,0x001c22d0,0x001c22d8,0x8
scene_graph_flush,0x001c22e0,0x001c28b0,0x5d0
get_field_val_d,0x001c28b0,0x001c28b8,0x8
noop_wrapper_z_125,0x001c28c0,0x001c28c8,0x8
obj_set_field_byte_w,0x001c28d0,0x001c28d8,0x8
noop_wrapper_z_126,0x001c28e0,0x001c28e8,0x8
obj_set_fields_m_0,0x001c28f0,0x001c2924,0x34
get_field_val___,0x001c2930,0x001c2938,0x8
obj_set_field_byte_x,0x001c2940,0x001c2948,0x8
get_field_val___,0x001c2950,0x001c2958,0x8
obj_set_field_byte_y,0x001c2960,0x001c2968,0x8
obj_set_field_byte_z,0x001c2970,0x001c2978,0x8
get_field_val___,0x001c2980,0x001c2988,0x8
get_field_val___,0x001c2990,0x001c2998,0x8
get_field_val_e,0x001c29a0,0x001c29a8,0x8
scene_node_set_visible,0x001c29b0,0x001c2ae8,0x138
sub_1C2AF0,0x001c2af0,0x001c2fbc,0x4cc
vtable_dispatch_c,0x001c2fc0,0x001c2fd4,0x14
obj_sub_2fe0,0x001c2fe0,0x001c30b8,0xd8
sub_1C30C0,0x001c30c0,0x001c3170,0xb0
noop_sub_3170,0x001c3170,0x001c3220,0xb0
noop_sub_3220,0x001c3220,0x001c32bc,0x9c
noop_sub_32c0,0x001c32c0,0x001c3354,0x94
list_node_unlink,0x001c3360,0x001c33f4,0x94
gp_field_get_z_3,0x001c3400,0x001c3408,0x8
obj_alloc_and_init,0x001c3410,0x001c3528,0x118
obj_copy_fields,0x001c3530,0x001c3690,0x160
mem_fill_z_37_clone_01,0x001c3690,0x001c38b0,0x220
sub_1C38B0,0x001c38b0,0x001c3aa0,0x1f0
get_field_ptr_e,0x001c3aa0,0x001c3aa8,0x8
sub_1C3AB0,0x001c3ab0,0x001c3b4c,0x9c
mem_fill_z_51,0x001c3b50,0x001c3b78,0x28
get_field_ptr_f,0x001c3b80,0x001c3b88,0x8
obj_update_transform,0x001c3b90,0x001c3d74,0x1e4
sub_1C3D80,0x001c3d80,0x001c411c,0x39c
obj_activate_all_children,0x001c4120,0x001c4174,0x54
wrap_obj_list_find_by_flags,0x001c4180,0x001c4188,0x8
gp_field_get_z_4,0x001c4190,0x001c4198,0x8
obj_activate_left,0x001c41a0,0x001c4224,0x84
obj_activate_right,0x001c4230,0x001c4280,0x50
obj_activate_up,0x001c4280,0x001c42d0,0x50
sub_1C42D0,0x001c42d0,0x001c4358,0x88
obj_notify_name,0x001c4360,0x001c4398,0x38
noop_seq_var_10_c,0x001c43a0,0x001c43e8,0x48
obj_set_euler_angles_clone_02,0x001c43f0,0x001c44ec,0xfc
mem_fill_z_52,0x001c44f0,0x001c4694,0x1a4
mem_fill_z_320_0,0x001c46a0,0x001c48bc,0x21c
mem_fill_z_53,0x001c48c0,0x001c4c14,0x354
sub_1C4C20,0x001c4c20,0x001c4cc4,0xa4
sub_1C4CD0,0x001c4cd0,0x001c4d7c,0xac
sub_1C4D80,0x001c4d80,0x001c4f88,0x208
gp_field_get_z_5,0x001c4f90,0x001c4f98,0x8
obj_alloc_and_init_clone_04,0x001c4fa0,0x001c5008,0x68
sub_1C5010,0x001c5010,0x001c5080,0x70
obj_ctor_with_vec_init_0_clone_01,0x001c5080,0x001c51c8,0x148
sub_1C51D0,0x001c51d0,0x001c5240,0x70
noop_seq_var_10_d,0x001c5240,0x001c5280,0x40
sub_1C5280,0x001c5280,0x001c5320,0xa0
gp_field_get_z_6,0x001c5320,0x001c5328,0x8
wrap_pool_entry_pop_b_q_0,0x001c5330,0x001c5398,0x68
gp_field_get_z_7,0x001c53a0,0x001c53a8,0x8
sub_1C53B0,0x001c53b0,0x001c5470,0xc0
sub_1C5470,0x001c5470,0x001c54e0,0x70
noop_wrapper___,0x001c54e0,0x001c5510,0x30
curve_interp_call_v_0,0x001c5510,0x001c5580,0x70
sub_1C5580,0x001c5580,0x001c55d8,0x58
gp_field_get_z_8,0x001c55e0,0x001c55e8,0x8
obj_alloc_and_init_clone_05,0x001c55f0,0x001c56a0,0xb0
sub_1C56A0,0x001c56a0,0x001c5710,0x70
mem_fill_z_54,0x001c5710,0x001c5878,0x168
sub_1C5880,0x001c5880,0x001c5918,0x98
sub_1C5920,0x001c5920,0x001c59e4,0xc4
get_data_ptr_t,0x001c59f0,0x001c59fc,0xc
obj_ctor_init___,0x001c5a00,0x001c5aa8,0xa8
sub_1C5AB0,0x001c5ab0,0x001c5b78,0xc8
sub_1C5B80,0x001c5b80,0x001c5bcc,0x4c
mem_compare_n_0_clone_07,0x001c5bd0,0x001c5d54,0x184
slerp_quat_c_clone_01,0x001c5d60,0x001c5e30,0xd0
obj_set_vec4_at30,0x001c5e30,0x001c5e54,0x24
obj_set_vec4_at20,0x001c5e60,0x001c5e84,0x24
noop_wrapper___,0x001c5e90,0x001c5e9c,0xc
sub_1C5EA0,0x001c5ea0,0x001c60dc,0x23c
blend_state_get_field410,0x001c60e0,0x001c60e8,0x8
sub_1C60F0,0x001c60f0,0x001c6290,0x1a0
noop_wrapper_z_127,0x001c6290,0x001c629c,0xc
blend_state_is_idle,0x001c62a0,0x001c62c8,0x28
blend_state_stop,0x001c62d0,0x001c6318,0x48
blend_state_start,0x001c6320,0x001c6360,0x40
fighter_track_advance_clone_03,0x001c6360,0x001c6a54,0x6f4
noop_wrapper_z_128,0x001c6a60,0x001c6a78,0x18
pool_entry_push_b_0_clone_02,0x001c6a80,0x001c6d50,0x2d0
Entity_ResetBattleState_clone_01,0x001c6d50,0x001c6dbc,0x6c
sub_1C6DC0,0x001c6dc0,0x001c6e20,0x60
return_const_2_c,0x001c6e20,0x001c6e28,0x8
noop_z_39,0x001c6e30,0x001c6e38,0x8
sub_1C6E40,0x001c6e40,0x001c6e70,0x30
sub_1C6E70,0x001c6e70,0x001c6f2c,0xbc
sub_1C6F30,0x001c6f30,0x001c6f90,0x60
return_const_5_b,0x001c6f90,0x001c6f98,0x8
return_zero_z_49,0x001c6fa0,0x001c6fa8,0x8
wrap_obj_set_field_pair,0x001c6fb0,0x001c6fe8,0x38
sub_1C6FF0,0x001c6ff0,0x001c7050,0x60
return_const_1_n,0x001c7050,0x001c7058,0x8
return_zero_z_50,0x001c7060,0x001c7068,0x8
wrap_obj_set_field_pair_b,0x001c7070,0x001c70a0,0x30
sub_1C70A0,0x001c70a0,0x001c7100,0x60
return_const_1_o,0x001c7100,0x001c7108,0x8
return_zero_z_51,0x001c7110,0x001c7118,0x8
wrap_obj_set_field_pair_c,0x001c7120,0x001c7158,0x38
sub_1C7160,0x001c7160,0x001c71c0,0x60
return_const_1_p,0x001c71c0,0x001c71c8,0x8
return_zero_z_52,0x001c71d0,0x001c71d8,0x8
wrap_obj_set_field_pair_d,0x001c71e0,0x001c7210,0x30
sub_1C7210,0x001c7210,0x001c7270,0x60
return_const_1_q,0x001c7270,0x001c7278,0x8
sub_1C7280,0x001c7280,0x001c7370,0xf0
return_const_1_r,0x001c7370,0x001c7378,0x8
sub_1C7380,0x001c7380,0x001c73e0,0x60
return_const_1_s,0x001c73e0,0x001c73e8,0x8
return_zero_z_53,0x001c73f0,0x001c73f8,0x8
obj_set_field_pair_,0x001c7400,0x001c7434,0x34
sub_1C7440,0x001c7440,0x001c74a0,0x60
return_const_1_t,0x001c74a0,0x001c74a8,0x8
noop_wrapper_z_129,0x001c74b0,0x001c74d8,0x28
noop_seq_var_10_e,0x001c74e0,0x001c7530,0x50
sub_1C7530,0x001c7530,0x001c7590,0x60
return_const_1_u,0x001c7590,0x001c7598,0x8
noop_wrapper_z_130,0x001c75a0,0x001c75c8,0x28
vtable_dispatch___08,0x001c75d0,0x001c7640,0x70
noop_z_40,0x001c7640,0x001c7648,0x8
sub_1C7650,0x001c7650,0x001c76b0,0x60
return_const_1_v,0x001c76b0,0x001c76b8,0x8
noop_wrapper_z_131,0x001c76c0,0x001c76e8,0x28
wrap_obj_set_field_pair_e,0x001c76f0,0x001c7728,0x38
sub_1C7730,0x001c7730,0x001c7790,0x60
return_const_1_w,0x001c7790,0x001c7798,0x8
obj_set_field_pair_e_0,0x001c77a0,0x001c77c0,0x20
sub_1C77C0,0x001c77c0,0x001c787c,0xbc
wrap_obj_set_field_pair_f,0x001c7880,0x001c78b0,0x30
sub_1C78B0,0x001c78b0,0x001c7910,0x60
return_const_2_d,0x001c7910,0x001c7918,0x8
sub_1C7920,0x001c7920,0x001c7990,0x70
obj_set_fields_,0x001c7990,0x001c7a00,0x70
sub_1C7A00,0x001c7a00,0x001c7a60,0x60
return_const_2_e,0x001c7a60,0x001c7a68,0x8
noop_wrapper_z_132,0x001c7a70,0x001c7a98,0x28
sub_1C7AA0,0x001c7aa0,0x001c7b34,0x94
sub_1C7B40,0x001c7b40,0x001c7ba0,0x60
return_const_2_f,0x001c7ba0,0x001c7ba8,0x8
noop_wrapper_z_133,0x001c7bb0,0x001c7bd8,0x28
mem_fill_z_55,0x001c7be0,0x001c7d5c,0x17c
sub_1C7D60,0x001c7d60,0x001c7d6c,0xc
sub_1C7D70,0x001c7d70,0x001c7dd0,0x60
return_const_9,0x001c7dd0,0x001c7dd8,0x8
noop_wrapper_z_134,0x001c7de0,0x001c7e08,0x28
sub_1C7E10,0x001c7e10,0x001c7ea4,0x94
sub_1C7EB0,0x001c7eb0,0x001c7f10,0x60
return_const_5_c,0x001c7f10,0x001c7f18,0x8
noop_wrapper_z_135,0x001c7f20,0x001c7f48,0x28
noop_seq_var_10_f,0x001c7f50,0x001c7f9c,0x4c
sub_1C7FA0,0x001c7fa0,0x001c8000,0x60
return_const_1_x,0x001c8000,0x001c8008,0x8
noop_wrapper_z_136,0x001c8010,0x001c8038,0x28
sub_1C8040,0x001c8040,0x001c80f8,0xb8
sub_1C8100,0x001c8100,0x001c8160,0x60
return_const_1_y,0x001c8160,0x001c8168,0x8
sub_1C8170,0x001c8170,0x001c8230,0xc0
sub_1C8230,0x001c8230,0x001c82d8,0xa8
wrap_obj_set_field_pair_g,0x001c82e0,0x001c8310,0x30
sub_1C8310,0x001c8310,0x001c8370,0x60
return_const_2_g,0x001c8370,0x001c8378,0x8
obj_set_fields_d_2,0x001c8380,0x001c83e0,0x60
mem_fill_z_138_clone_01,0x001c83e0,0x001c8624,0x244
sub_1C8630,0x001c8630,0x001c8690,0x60
return_const_3_b,0x001c8690,0x001c8698,0x8
noop_wrapper_z_137,0x001c86a0,0x001c86c8,0x28
wrap_obj_set_field_pair_h,0x001c86d0,0x001c8700,0x30
sub_1C8700,0x001c8700,0x001c8760,0x60
return_const_1_z,0x001c8760,0x001c8768,0x8
sub_1C8770,0x001c8770,0x001c87d0,0x60
noop_wrapper_5,0x001c87d0,0x001c8808,0x38
sub_1C8810,0x001c8810,0x001c88b0,0xa0
obj_ctor_init___,0x001c88b0,0x001c8924,0x74
return_zero_z_54,0x001c8930,0x001c8938,0x8
noop_z_41,0x001c8940,0x001c8948,0x8
noop_z_42,0x001c8950,0x001c8958,0x8
sub_1C8960,0x001c8960,0x001c89ac,0x4c
noop_wrapper_z_138,0x001c89b0,0x001c89d4,0x24
obj_set_fields___,0x001c89e0,0x001c8a14,0x34
obj_set_fields_n_0,0x001c8a20,0x001c8a68,0x48
obj_ctor_init___,0x001c8a70,0x001c8ae4,0x74
noop_z_43,0x001c8af0,0x001c8af8,0x8
noop_wrapper_z_139,0x001c8b00,0x001c8b24,0x24
str_sub_1a00_clone_01,0x001c8b30,0x001c8c0c,0xdc
noop_wrapper___,0x001c8c10,0x001c8c88,0x78
obj_ctor_init___,0x001c8c90,0x001c8d04,0x74
noop_wrapper_z_140,0x001c8d10,0x001c8d34,0x24
sub_1C8D40,0x001c8d40,0x001c8e2c,0xec
resource_try_load_clone_01,0x001c8e30,0x001c8f38,0x108
obj_ctor_init_,0x001c8f40,0x001c8fb4,0x74
noop_wrapper_z_141,0x001c8fc0,0x001c8fe4,0x24
noop_wrapper___,0x001c8ff0,0x001c9028,0x38
obj_ctor_init___,0x001c9030,0x001c909c,0x6c
mem_fill_z_312_0,0x001c90a0,0x001c9328,0x288
str_sub_1a00_clone_02,0x001c9330,0x001c9410,0xe0
obj_ctor_init___,0x001c9410,0x001c9484,0x74
noop_wrapper_z_142,0x001c9490,0x001c9498,0x8
obj_set_field_pair,0x001c94a0,0x001c94e8,0x48
noop_wrapper_z_143,0x001c94f0,0x001c94fc,0xc
sub_1C9500,0x001c9500,0x001c954c,0x4c
sub_1C9550,0x001c9550,0x001c95b0,0x60
obj_ctor_init___12_0,0x001c95b0,0x001c9604,0x54
sub_1C9610,0x001c9610,0x001c973c,0x12c
noop_z_44,0x001c9740,0x001c9748,0x8
singleton_lazy_init_k,0x001c9750,0x001c97ec,0x9c
pool_entry_pop_k,0x001c9810,0x001c9854,0x44
noop_wrapper_z_144,0x001c9860,0x001c9878,0x18
player_count_query_clone_02,0x001c9880,0x001c98e0,0x60
obj_set_fields___,0x001c98e0,0x001c9934,0x54
obj_set_fields___,0x001c9940,0x001c9964,0x24
noop_wrapper_z_145,0x001c9970,0x001c997c,0xc
obj_set_fields___,0x001c9a80,0x001c9ab0,0x30
noop_wrapper_z_146,0x001c9bc0,0x001c9be0,0x20
obj_set_fields___,0x001c9be0,0x001c9c28,0x48
noop_wrapper_z_147,0x001c9c30,0x001c9c40,0x10
noop_wrapper_z_148,0x001c9c40,0x001c9c50,0x10
noop_wrapper_z_149,0x001c9c50,0x001c9c60,0x10
noop_wrapper_z_150,0x001c9c60,0x001c9c70,0x10
noop_wrapper_z_151,0x001c9c70,0x001c9c80,0x10
sub_1C9C80,0x001c9c80,0x001c9cd8,0x58
str_copy_n_07,0x001c9ce0,0x001c9d64,0x84
sub_1C9D70,0x001c9d70,0x001c9e20,0xb0
get_data_ptr_u,0x001c9e20,0x001c9e2c,0xc
obj_ctor_init___13_0,0x001c9e30,0x001c9e9c,0x6c
CAppFightMainTrain_Tick_clone_02,0x001c9ea0,0x001ca070,0x1d0
wrap_obj_update_curve_interp_d_clone_02,0x001ca070,0x001ca158,0xe8
vtable_dispatch___,0x001ca160,0x001ca1c4,0x64
sub_1CA1D0,0x001ca1d0,0x001ca37c,0x1ac
sub_1CA380,0x001ca380,0x001ca45c,0xdc
sub_1CA460,0x001ca460,0x001ca564,0x104
wrap_counter_inc64,0x001ca570,0x001ca5e0,0x70
obj_set_fields___,0x001ca5e0,0x001ca644,0x64
wrap_wrap_obj_set_flags_clone_02,0x001ca650,0x001ca6a4,0x54
return_zero_z_55,0x001ca6b0,0x001ca6b8,0x8
return_zero_z_56,0x001ca6c0,0x001ca6c8,0x8
resource_try_load_clone_02,0x001ca6d0,0x001ca7b0,0xe0
sub_1CA7B0,0x001ca7b0,0x001ca8e0,0x130
sub_1CA8E0,0x001ca8e0,0x001ca938,0x58
sub_1CA940,0x001ca940,0x001caaec,0x1ac
sub_1CAAF0,0x001caaf0,0x001cac30,0x140
vtable_dispatch___,0x001cac30,0x001cac48,0x18
sub_1CAC50,0x001cac50,0x001cacbc,0x6c
singleton_sub_acc0,0x001cacc0,0x001caed4,0x214
noop_wrapper_z_152,0x001caee0,0x001caf08,0x28
return_const_2_h,0x001caf10,0x001caf18,0x8
pool_entry_pop_b,0x001caf40,0x001caf84,0x44
pool_entry_push_b,0x001caf90,0x001cafb4,0x24
singleton_lazy_init_l,0x001cafc0,0x001cb0e0,0x120
obj_spawn_init,0x001cb0e0,0x001cb1d4,0xf4
obj_spawn_to_state39,0x001cb1e0,0x001cb218,0x38
sub_1CB220,0x001cb220,0x001cb2e4,0xc4
obj_respawn_reset,0x001cb2f0,0x001cb3c4,0xd4
fighter_reset,0x001cb3d0,0x001cb634,0x264
vtable_sub_b640,0x001cb640,0x001cb6f8,0xb8
noop_wrapper_p,0x001cb700,0x001cb708,0x8
double_deref_field_get,0x001cb710,0x001cb71c,0xc
obj_set_fields___,0x001cb720,0x001cb738,0x18
j_pool_entry_pop___20,0x001cb740,0x001cb748,0x8
sub_1CB750,0x001cb750,0x001cb7ac,0x5c
blend_state_is_idle_clone_07,0x001cb7b0,0x001cb7d8,0x28
sub_1CB7E0,0x001cb7e0,0x001cb850,0x70
obj_tick_physics_full,0x001cb850,0x001cb8c0,0x70
obj_tick_physics_partial,0x001cb8c0,0x001cb928,0x68
obj_compute_facing_quat,0x001cb930,0x001cbaa4,0x174
mem_fill_z_200_0,0x001cbab0,0x001cbb38,0x88
obj_get_model_id,0x001cbb40,0x001cbb4c,0xc
obj_get_or_create_stance,0x001cbb50,0x001cbbdc,0x8c
obj_get_model_base,0x001cbbe0,0x001cbbec,0xc
obj_set_field_byte__,0x001cbbf0,0x001cbbf8,0x8
obj_set_field_pair___,0x001cbc00,0x001cbc0c,0xc
singleton_lazy_init_m,0x001cbc10,0x001cbde0,0x1d0
obj_try_change_state,0x001cbde0,0x001cbe6c,0x8c
return_const__1_f,0x001cbe70,0x001cbe78,0x8
obj_change_state,0x001cbe80,0x001cc178,0x2f8
noop_z_45,0x001cc180,0x001cc188,0x8
noop_z_46,0x001cc190,0x001cc198,0x8
obj_ctor_init_n_clone_04,0x001cc1a0,0x001cc284,0xe4
sub_1CC290,0x001cc290,0x001cc2f8,0x68
noop_wrapper_z_153,0x001cc300,0x001cc310,0x10
obj_set_field540,0x001cc310,0x001cc318,0x8
obj_get_state_index,0x001cc320,0x001cc328,0x8
obj_set_field_byte__,0x001cc330,0x001cc338,0x8
obj_set_field_byte__,0x001cc340,0x001cc348,0x8
get_field_val_z_46,0x001cc350,0x001cc358,0x8
obj_set_field548,0x001cc360,0x001cc368,0x8
obj_set_field_byte__,0x001cc370,0x001cc378,0x8
obj_set_field_byte__,0x001cc380,0x001cc388,0x8
mem_fill_z_56,0x001cc390,0x001ccc40,0x8b0
sub_1CCC40,0x001ccc40,0x001ccefc,0x2bc
return_zero_z_57,0x001ccf00,0x001ccf08,0x8
slot_within_capacity_check,0x001ccf10,0x001ccf60,0x50
sub_1CCF60,0x001ccf60,0x001cd008,0xa8
noop_wrapper_z_154,0x001cd010,0x001cd044,0x34
obj_tick_all_slots,0x001cd050,0x001cd0b8,0x68
sub_1CD0C0,0x001cd0c0,0x001cd0f4,0x34
noop_z_47,0x001cd100,0x001cd108,0x8
return_zero_z_58,0x001cd110,0x001cd118,0x8
obj_dispatch_vtable10,0x001cd120,0x001cd16c,0x4c
obj_dispatch_vtable0c,0x001cd170,0x001cd1c0,0x50
obj_dispatch_vtable14,0x001cd1c0,0x001cd20c,0x4c
obj_dispatch_vtable28,0x001cd210,0x001cd25c,0x4c
noop_z_48,0x001cd260,0x001cd268,0x8
obj_dispatch_vtable18,0x001cd270,0x001cd2c8,0x58
vtable_dispatch_,0x001cd2d0,0x001cd31c,0x4c
obj_get_anim_id_and_flags,0x001cd320,0x001cd4e4,0x1c4
vtable_dispatch___,0x001cd520,0x001cd57c,0x5c
vtable_dispatch_y_clone_01,0x001cd580,0x001cd5dc,0x5c
sub_1CD610,0x001cd610,0x001cd7e8,0x1d8
noop_z_49,0x001cd7f0,0x001cd7f8,0x8
noop_z_50,0x001cd800,0x001cd808,0x8
noop_z_51,0x001cd810,0x001cd818,0x8
noop_z_52,0x001cd820,0x001cd828,0x8
noop_wrapper_z_155,0x001cd830,0x001cd83c,0xc
obj_find_free_slot,0x001cd840,0x001cd89c,0x5c
get_field_val_z_47,0x001cd8a0,0x001cd8b4,0x14
get_field_val_z_48,0x001cd8c0,0x001cd8d8,0x18
get_field_val_z_49,0x001cd8e0,0x001cd8f8,0x18
get_field_val_z_50,0x001cd900,0x001cd918,0x18
obj_get_anim_frame_ptr,0x001cd920,0x001cd958,0x38
obj_get_anim_offset20,0x001cd960,0x001cd978,0x18
get_field_val_z_51,0x001cd980,0x001cd998,0x18
obj_get_anim_entry,0x001cd9a0,0x001cd9b4,0x14
obj_set_array_field,0x001cd9c0,0x001cd9d0,0x10
sub_1CD9D0,0x001cd9d0,0x001cda54,0x84
obj_set_anim_target,0x001cda60,0x001cdae8,0x88
sub_1CDAF0,0x001cdaf0,0x001cdb48,0x58
sub_1CDB50,0x001cdb50,0x001cdc40,0xf0
noop_wrapper_z_156,0x001cdc40,0x001cdc4c,0xc
obj_is_anim_playing,0x001cdc50,0x001cdc68,0x18
get_field_val_z_52,0x001cdc70,0x001cdc7c,0xc
noop_sub_dc80,0x001cdc80,0x001cdf70,0x2f0
obj_clear_work_buf,0x001cdf70,0x001cdfac,0x3c
return_const_1024,0x001cdfb0,0x001cdfb8,0x8
pool_entry_push,0x001cdfc0,0x001ce038,0x78
sub_1CE040,0x001ce040,0x001ce7fc,0x7bc
obj_dtor_full,0x001ce800,0x001ceb04,0x304
sub_1CEB10,0x001ceb10,0x001ceb5c,0x4c
obj_tick_state_machine,0x001ceb60,0x001cec70,0x110
obj_tick_camera_track,0x001cec70,0x001ced44,0xd4
obj_advance_state,0x001ced50,0x001cee14,0xc4
obj_tick_ik,0x001cee20,0x001ceec8,0xa8
entity_tree_insert_and_init,0x001ceed0,0x001cefbc,0xec
vtable_sub_efc0,0x001cefc0,0x001cf064,0xa4
singleton_lazy_init_b,0x001cf070,0x001cf594,0x524
return_const_1_z_0,0x001cf5a0,0x001cf5a8,0x8
sub_1CF5B0,0x001cf5b0,0x001cf95c,0x3ac
sub_1CF960,0x001cf960,0x001cfa3c,0xdc
sub_1CFA40,0x001cfa40,0x001cfccc,0x28c
scene_node_requeue_clone_02,0x001cfcd0,0x001cfd54,0x84
sub_1CFD60,0x001cfd60,0x001d0040,0x2e0
scene_node_requeue_clone_03,0x001d0040,0x001d00c4,0x84
sub_1D00D0,0x001d00d0,0x001d01f0,0x120
sub_1D01F0,0x001d01f0,0x001d0228,0x38
sub_1D0230,0x001d0230,0x001d0268,0x38
obj_set_fields___,0x001d0270,0x001d0288,0x18
obj_trigger_anim_event,0x001d0290,0x001d02a8,0x18
obj_get_work_buf_ptr,0x001d02b0,0x001d02d4,0x24
noop_wrapper___,0x001d02e0,0x001d02f0,0x10
deref_table_calc,0x001d02f0,0x001d0314,0x24
obj_set_fields,0x001d0320,0x001d0384,0x64
obj_network_sync_state,0x001d0390,0x001d03f8,0x68
obj_network_change_state,0x001d0400,0x001d05d4,0x1d4
obj_set_combo_count,0x001d05e0,0x001d062c,0x4c
obj_queue_anim_change,0x001d0630,0x001d069c,0x6c
obj_set_anim_time,0x001d06a0,0x001d06ec,0x4c
obj_set_timer_from_float,0x001d07a0,0x001d0828,0x88
vtable_dispatch_o_0_clone_08,0x001d0830,0x001d0860,0x30
sub_1D0860,0x001d0860,0x001d08f0,0x90
obj_check_state_flag,0x001d08f0,0x001d0964,0x74
obj_get_anim_timer,0x001d0970,0x001d097c,0xc
obj_get_anim_speed,0x001d0980,0x001d098c,0xc
mem_fill_z_57,0x001d0990,0x001d0afc,0x16c
wrap_singleton_sub_8710,0x001d0b00,0x001d0b08,0x8
noop_wrapper___,0x001d0b10,0x001d0b1c,0xc
mem_fill_z_58,0x001d0b20,0x001d0d2c,0x20c
vtable_dispatch_o_0_clone_09,0x001d0d30,0x001d0d4c,0x1c
sub_1D0D50,0x001d0d50,0x001d0f1c,0x1cc
sub_1D0F20,0x001d0f20,0x001d0f2c,0xc
sub_1D0F30,0x001d0f30,0x001d0ff4,0xc4
obj_apply_field_move,0x001d1000,0x001d10c8,0xc8
sub_1D10D0,0x001d10d0,0x001d1118,0x48
vtable_dispatch_o_0_clone_10,0x001d1120,0x001d113c,0x1c
mem_fill_z_37_clone_02,0x001d1140,0x001d14e8,0x3a8
vtable_dispatch_o_0_clone_11,0x001d14f0,0x001d150c,0x1c
obj_quat_changed_check,0x001d1510,0x001d1650,0x140
obj_interp_blend_pos,0x001d1650,0x001d17c0,0x170
sub_1D17C0,0x001d17c0,0x001d1994,0x1d4
sub_1D19A0,0x001d19a0,0x001d1a80,0xe0
obj_set_euler_angles,0x001d1a80,0x001d1d50,0x2d0
slerp_quat,0x001d1d50,0x001d1e48,0xf8
slerp_sub_1e50,0x001d1e50,0x001d1eec,0x9c
obj_translate_pos,0x001d1ef0,0x001d1f74,0x84
noop_wrapper_z_157,0x001d1f80,0x001d1f88,0x8
sub_1D1F90,0x001d1f90,0x001d209c,0x10c
noop_wrapper___,0x001d20a0,0x001d20a8,0x8
wrap_anim_track_start_b_0,0x001d20b0,0x001d20c0,0x10
sub_1D20C0,0x001d20c0,0x001d22b4,0x1f4
get_data_ptr_v,0x001d22c0,0x001d22cc,0xc
return_zero_z_59,0x001d22d0,0x001d22d8,0x8
pool_entry_pop_l,0x001d22e0,0x001d2344,0x64
return_const__2147483645,0x001d2350,0x001d235c,0xc
obj_get_msg_buf,0x001d2360,0x001d2368,0x8
noop_z_53,0x001d2370,0x001d2378,0x8
noop_z_54,0x001d2380,0x001d2388,0x8
noop_z_55,0x001d2390,0x001d2398,0x8
noop_z_56,0x001d23a0,0x001d23a8,0x8
noop_z_57,0x001d23b0,0x001d23b8,0x8
noop_z_58,0x001d23c0,0x001d23c8,0x8
noop_wrapper_z_158,0x001d23d0,0x001d23dc,0xc
get_field_val_z_53,0x001d23e0,0x001d23e8,0x8
singleton_lazy_init_n,0x001d23f0,0x001d248c,0x9c
pool_entry_pop_m,0x001d24b0,0x001d24f4,0x44
get_field_val_c,0x001d2500,0x001d2508,0x8
obj_set_field_pair_l_clone_01,0x001d2510,0x001d254c,0x3c
sub_1D2550,0x001d2550,0x001d25c4,0x74
sub_1D25D0,0x001d25d0,0x001d26f0,0x120
obj_set_fields___,0x001d26f0,0x001d26f8,0x8
sub_1D2700,0x001d2700,0x001d277c,0x7c
get_field_val___,0x001d2780,0x001d2788,0x8
noop_wrapper_z_159,0x001d2790,0x001d2798,0x8
get_field_val_f,0x001d27a0,0x001d27a8,0x8
get_field_val_z_54,0x001d27b0,0x001d27cc,0x1c
obj_set_fields___,0x001d27d0,0x001d2818,0x48
obj_set_fields___,0x001d2820,0x001d286c,0x4c
obj_set_field_pair___,0x001d2870,0x001d2880,0x10
obj_set_field_pair___,0x001d2880,0x001d2890,0x10
get_field_val___,0x001d2890,0x001d2898,0x8
noop_wrapper_z_160,0x001d28a0,0x001d28c8,0x28
obj_set_fields___,0x001d28d0,0x001d290c,0x3c
obj_set_fields___,0x001d2910,0x001d294c,0x3c
obj_set_field_byte___,0x001d2950,0x001d2958,0x8
obj_set_fields___,0x001d2960,0x001d29b0,0x50
get_field_val___,0x001d29b0,0x001d29b8,0x8
noop_wrapper_z_161,0x001d29c0,0x001d29e8,0x28
obj_flag_conditional_set_b,0x001d29f0,0x001d2a20,0x30
flags_test_mask_b,0x001d2a20,0x001d2a30,0x10
obj_ctor_init___,0x001d2a30,0x001d2a74,0x44
player_count_query_clone_03,0x001d2a80,0x001d2ae0,0x60
noop_wrapper_z_162,0x001d2ae0,0x001d2ae8,0x8
obj_ctor_init_n_clone_05,0x001d2af0,0x001d2c14,0x124
sub_1D2C20,0x001d2c20,0x001d2cc8,0xa8
get_data_ptr_w,0x001d2cd0,0x001d2cdc,0xc
singleton_lazy_init_o,0x001d2ce0,0x001d2d7c,0x9c
pool_entry_pop_n,0x001d2da0,0x001d2de4,0x44
anim_state_init_trio,0x001d2df0,0x001d2e3c,0x4c
obj_ctor_init___,0x001d2e40,0x001d2e90,0x50
pool_entry_push_j,0x001d2e90,0x001d2f44,0xb4
noop_seq_var_10_g,0x001d2f50,0x001d2fac,0x5c
sub_1D2FB0,0x001d2fb0,0x001d3000,0x50
obj_sub_3000,0x001d3000,0x001d3018,0x18
pool_sub_3020,0x001d3020,0x001d306c,0x4c
anim_state_set_param,0x001d3070,0x001d3078,0x8
get_field_val_h,0x001d3080,0x001d3088,0x8
obj_set_field_pair___,0x001d3090,0x001d30c0,0x30
get_data_ptr_x,0x001d30c0,0x001d30cc,0xc
sub_1D30F0,0x001d30f0,0x001d3160,0x70
pool_entry_pop_o,0x001d3160,0x001d31a4,0x44
pool_entry_push_k,0x001d31b0,0x001d31d4,0x24
singleton_lazy_init_p,0x001d31e0,0x001d32bc,0xdc
noop___,0x001d32c0,0x001d32c8,0x8
wrap_get_field_val_z_71,0x001d32d0,0x001d32f4,0x24
noop_wrapper___,0x001d3300,0x001d3334,0x34
sub_1D3340,0x001d3340,0x001d33a0,0x60
get_data_ptr_y,0x001d33a0,0x001d33ac,0xc
get_data_ptr_z,0x001d33b0,0x001d33bc,0xc
sub_1D33C0,0x001d33c0,0x001d34d4,0x114
sub_1D34E0,0x001d34e0,0x001d36ec,0x20c
obj_set_fields_z_48,0x001d36f0,0x001d3780,0x90
get_field_val_i,0x001d3780,0x001d3788,0x8
get_field_val_g,0x001d3790,0x001d3798,0x8
sub_1D37A0,0x001d37a0,0x001d3870,0xd0
obj_set_fields__02,0x001d3870,0x001d3938,0xc8
scene_node_requeue_clone_04,0x001d3940,0x001d39c8,0x88
sub_1D39D0,0x001d39d0,0x001d3a44,0x74
sub_1D3A50,0x001d3a50,0x001d3b30,0xe0
j_scene_node_set_visible,0x001d3b30,0x001d3b38,0x8
j_scene_graph_flush,0x001d3b40,0x001d3b48,0x8
pool_alloc_entry_clone_01,0x001d3b50,0x001d3d50,0x200
sub_1D3D50,0x001d3d50,0x001d3e38,0xe8
sub_1D3E40,0x001d3e40,0x001d3eb0,0x70
sub_1D3EB0,0x001d3eb0,0x001d3f20,0x70
anim_find_slot_by_id,0x001d3f20,0x001d3fa4,0x84
table_entry_get,0x001d3fb0,0x001d3fc0,0x10
sub_1D3FC0,0x001d3fc0,0x001d3fd0,0x10
noop_wrapper___,0x001d3fd0,0x001d3fe4,0x14
wrap_noop_sub_3170,0x001d3ff0,0x001d3ff8,0x8
sub_1D4000,0x001d4000,0x001d408c,0x8c
mem_fill_z_40_clone_01,0x001d4090,0x001d414c,0xbc
mem_fill_z_40_clone_02,0x001d4150,0x001d4288,0x138
obj_set_field_byte___,0x001d4290,0x001d4298,0x8
get_field_val___,0x001d42a0,0x001d42a8,0x8
obj_set_field_byte___,0x001d42b0,0x001d42b8,0x8
get_field_val___,0x001d42c0,0x001d42c8,0x8
wrap_obj_get_field0c_b,0x001d42d0,0x001d42f4,0x24
obj_propagate_flags,0x001d4300,0x001d44b4,0x1b4
sub_1D44C0,0x001d44c0,0x001d4588,0xc8
sub_1D4590,0x001d4590,0x001d479c,0x20c
sub_1D47A0,0x001d47a0,0x001d48cc,0x12c
j_scene_node_set_visible_0,0x001d48d0,0x001d48d8,0x8
mem_fill_z_59,0x001d48e0,0x001d4b34,0x254
sub_1D4B40,0x001d4b40,0x001d4eb8,0x378
table_entry_get_c,0x001d4ec0,0x001d4ed0,0x10
get_data_ptr_z_0,0x001d4ed0,0x001d4edc,0xc
get_data_ptr_z_1,0x001d4ee0,0x001d4eec,0xc
noop_z_59,0x001d4ef0,0x001d4ef8,0x8
sub_1D4F20,0x001d4f20,0x001d4f90,0x70
pool_entry_pop_p,0x001d4f90,0x001d4fd4,0x44
pool_entry_push_l,0x001d4fe0,0x001d5004,0x24
singleton_lazy_init_q,0x001d5010,0x001d50ec,0xdc
sub_1D50F0,0x001d50f0,0x001d5a00,0x910
sub_1D5A00,0x001d5a00,0x001d5bec,0x1ec
wrap_tree_walk_predicate,0x001d5bf0,0x001d5c04,0x14
sub_1D5C10,0x001d5c10,0x001d5d64,0x154
sub_1D5D70,0x001d5d70,0x001d5e00,0x90
euler_to_quat,0x001d5e00,0x001d672c,0x92c
sub_1D6730,0x001d6730,0x001d690c,0x1dc
noop_wrapper___,0x001d6910,0x001d6924,0x14
wrap_tree_walk_predicate_b,0x001d6930,0x001d6938,0x8
wrap_tree_walk_predicate_c,0x001d6940,0x001d6948,0x8
fighter_track_ctor,0x001d6950,0x001d6b2c,0x1dc
fighter_track_dtor,0x001d6b30,0x001d6b90,0x60
get_data_ptr_z_2,0x001d6b90,0x001d6b9c,0xc
get_data_ptr_z_3,0x001d6ba0,0x001d6bac,0xc
sub_1D6BD0,0x001d6bd0,0x001d6c40,0x70
pool_entry_pop_q,0x001d6c40,0x001d6c84,0x44
pool_entry_push_m,0x001d6c90,0x001d6cb4,0x24
singleton_lazy_init_r,0x001d6cc0,0x001d6d8c,0xcc
obj_set_fields___,0x001d6d90,0x001d6e04,0x74
fighter_track_reset,0x001d6e10,0x001d6f08,0xf8
fighter_track_obj_dtor,0x001d6f10,0x001d6f88,0x78
fighter_track_add_slot,0x001d6f90,0x001d71a0,0x210
sub_1D71A0,0x001d71a0,0x001d72d8,0x138
fighter_track_advance,0x001d72e0,0x001d75e0,0x300
fighter_track_get_next_frame,0x001d75e0,0x001d7608,0x28
flags_test_mask_c,0x001d7610,0x001d7624,0x14
noop_wrapper___,0x001d7630,0x001d7658,0x28
fighter_track_resolve_frame,0x001d7660,0x001d773c,0xdc
fighter_track_tick_looping,0x001d7740,0x001d7a28,0x2e8
fighter_track_tick,0x001d7a30,0x001d81b0,0x780
fighter_track_slot_ctor,0x001d81b0,0x001d8298,0xe8
fighter_track_slot_dtor,0x001d82a0,0x001d8300,0x60
get_data_ptr_z_4,0x001d8300,0x001d830c,0xc
get_data_ptr_z_5,0x001d8310,0x001d831c,0xc
singleton_lazy_init_s,0x001d8320,0x001d83bc,0x9c
pool_entry_pop_r,0x001d83e0,0x001d8424,0x44
input_device_set_port,0x001d8430,0x001d8460,0x30
input_device_get_button_map,0x001d8460,0x001d84a0,0x40
input_device_get_type_a,0x001d84a0,0x001d84ac,0xc
input_device_get_type_b,0x001d84b0,0x001d84bc,0xc
input_device_get_type_c,0x001d84c0,0x001d84cc,0xc
input_check_button_pressed,0x001d84d0,0x001d8538,0x68
input_state_update,0x001d8540,0x001d8578,0x38
noop_wrapper___,0x001d8580,0x001d858c,0xc
noop_wrapper___,0x001d8590,0x001d8598,0x8
input_state_poll,0x001d85a0,0x001d85dc,0x3c
noop_wrapper___,0x001d85e0,0x001d8604,0x24
obj_ctor_init___,0x001d8610,0x001d8674,0x64
pool_entry_push_n,0x001d8680,0x001d8710,0x90
singleton_sub_8710,0x001d8710,0x001d8718,0x8
input_device_reset,0x001d8720,0x001d87e0,0xc0
input_device_tick,0x001d87e0,0x001d885c,0x7c
input_device_process_frame,0x001d8860,0x001d8ad8,0x278
sub_1D8AE0,0x001d8ae0,0x001d8ca4,0x1c4
sub_1D8CB0,0x001d8cb0,0x001d8e3c,0x18c
noop_wrapper_z_163,0x001d8e40,0x001d8e48,0x8
sub_1D8E50,0x001d8e50,0x001d8ed0,0x80
sub_1D8ED0,0x001d8ed0,0x001d8f38,0x68
sub_1D8F40,0x001d8f40,0x001d8f90,0x50
sub_1D8F90,0x001d8f90,0x001d9008,0x78
obj_set_fields_z_49,0x001d9010,0x001d9090,0x80
camera_fade_is_active_clone_01,0x001d9090,0x001d90c8,0x38
obj_set_fields_o_0,0x001d90d0,0x001d90e4,0x14
noop_wrapper_z_164,0x001d90f0,0x001d90f8,0x8
sub_1D9100,0x001d9100,0x001d9174,0x74
obj_set_field_pair_f_0,0x001d9180,0x001d9190,0x10
get_field_val___,0x001d9190,0x001d9198,0x8
noop_wrapper_z_165,0x001d91a0,0x001d91b4,0x14
sub_1D91C0,0x001d91c0,0x001d9204,0x44
noop_wrapper_z_166,0x001d9210,0x001d9234,0x24
sub_1D9240,0x001d9240,0x001d9304,0xc4
obj_set_fields_p_1,0x001d9310,0x001d9340,0x30
get_data_ptr_z_6,0x001d9340,0x001d934c,0xc
singleton_lazy_init_t,0x001d9350,0x001d93ec,0x9c
pool_entry_pop_s,0x001d9410,0x001d9454,0x44
obj_set_field_byte___,0x001d9460,0x001d9468,0x8
obj_ctor_init___,0x001d9470,0x001d9498,0x28
player_count_query_clone_04,0x001d94a0,0x001d9500,0x60
obj_set_fields_q_1,0x001d9500,0x001d9544,0x44
CAppFightResultCsAcSingle_Tick_clone_02,0x001d9550,0x001d9588,0x38
obj_set_fields___,0x001d9590,0x001d95b0,0x20
sub_1D95B0,0x001d95b0,0x001d96e0,0x130
get_data_ptr_z_7,0x001d96e0,0x001d96ec,0xc
singleton_lazy_init_u,0x001d96f0,0x001d978c,0x9c
pool_entry_pop_t,0x001d97b0,0x001d97f4,0x44
obj_ctor_init___,0x001d9800,0x001d982c,0x2c
player_count_query_clone_05,0x001d9830,0x001d9890,0x60
obj_set_fields___,0x001d9890,0x001d98d4,0x44
noop_wrapper___,0x001d98e0,0x001d98ec,0xc
input_dispatch,0x001d98f0,0x001d992c,0x3c
obj_all_slots_valid,0x001d9930,0x001d99b4,0x84
obj_clear_all_slots,0x001d99c0,0x001d9a30,0x70
noop_wrapper___,0x001d9a30,0x001d9a3c,0xc
obj_set_fields___,0x001d9a40,0x001d9a5c,0x1c
sub_1D9A60,0x001d9a60,0x001d9ad8,0x78
get_data_ptr_z_8,0x001d9ae0,0x001d9aec,0xc
singleton_lazy_init_v,0x001d9af0,0x001d9bb4,0xc4
pool_entry_pop_u,0x001d9be0,0x001d9c24,0x44
obj_set_fields___,0x001d9c30,0x001d9cd0,0xa0
obj_ctor_init___,0x001d9cd0,0x001d9cec,0x1c
player_count_query_clone_06,0x001d9cf0,0x001d9d50,0x60
move_input_advance_b_clone_04,0x001d9d50,0x001d9dc4,0x74
sub_1D9DD0,0x001d9dd0,0x001d9e4c,0x7c
obj_ctor_init___,0x001d9e50,0x001d9ec0,0x70
sub_1D9EC0,0x001d9ec0,0x001d9fe4,0x124
sub_1D9FF0,0x001d9ff0,0x001da0a0,0xb0
noop_wrapper_z_167,0x001da0a0,0x001da0ac,0xc
get_data_ptr_z_9,0x001da0b0,0x001da0bc,0xc
get_data_ptr_z_10,0x001da0c0,0x001da0cc,0xc
singleton_lazy_init_w,0x001da0d0,0x001da1a4,0xd4
pool_entry_pop_v,0x001da1d0,0x001da214,0x44
obj_ctor_init___14_0,0x001da220,0x001da274,0x54
player_count_query_clone_07,0x001da280,0x001da2e0,0x60
sub_1DA2E0,0x001da2e0,0x001da354,0x74
sub_1DA360,0x001da360,0x001da3ac,0x4c
str_sub_1a00_clone_03,0x001da3b0,0x001da44c,0x9c
noop_z_60,0x001da450,0x001da458,0x8
obj_ctor_init_n_clone_06,0x001da460,0x001da644,0x1e4
wrap_wrap_obj_set_flags_clone_03,0x001da650,0x001da6bc,0x6c
sub_1DA6C0,0x001da6c0,0x001da8a0,0x1e0
vtable_dispatch_o_0_clone_12,0x001da8a0,0x001da8b8,0x18
get_data_ptr_z_11,0x001da8c0,0x001da8cc,0xc
obj_tick_camera_track_clone_03,0x001da8d0,0x001da980,0xb0
vtable_dispatch___,0x001da980,0x001da9b8,0x38
sub_1DA9C0,0x001da9c0,0x001daa10,0x50
vtable_dispatch_o_0_clone_13,0x001daa10,0x001daa30,0x20
state_byte_transition_t_3,0x001daa30,0x001daa60,0x30
sub_1DAA60,0x001daa60,0x001dabc0,0x160
vtable_dispatch_x_clone_01,0x001dabc0,0x001dabd4,0x14
sub_1DABE0,0x001dabe0,0x001dac40,0x60
sub_1DAC40,0x001dac40,0x001dac8c,0x4c
mem_fill_z_60,0x001dac90,0x001dad90,0x100
sub_1DAD90,0x001dad90,0x001dadf4,0x64
sub_1DAE00,0x001dae00,0x001dae60,0x60
noop_z_61,0x001dae60,0x001dae68,0x8
sub_1DAE70,0x001dae70,0x001db01c,0x1ac
sub_1DB020,0x001db020,0x001db078,0x58
obj_ctor_init___,0x001db080,0x001db0f0,0x70
sub_1DB0F0,0x001db0f0,0x001db184,0x94
vtable_dispatch_x_clone_02,0x001db190,0x001db1a4,0x14
noop_seq_var_10_h,0x001db1b0,0x001db200,0x50
return_const_50,0x001db200,0x001db208,0x8
return_zero_z_60,0x001db210,0x001db218,0x8
vtable_dispatch_x_clone_03,0x001db220,0x001db234,0x14
sub_1DB240,0x001db240,0x001db2a0,0x60
sub_1DB2A0,0x001db2a0,0x001db3b8,0x118
sub_1DB3C0,0x001db3c0,0x001db430,0x70
wrap_sub_229120_clone_01,0x001db430,0x001db444,0x14
sub_1DB450,0x001db450,0x001db4a8,0x58
sub_1DB4B0,0x001db4b0,0x001db548,0x98
return_zero_z_61,0x001db550,0x001db558,0x8
sub_1DB560,0x001db560,0x001db5c0,0x60
sub_1DB5C0,0x001db5c0,0x001db680,0xc0
str_copy_n_e_clone_04,0x001db680,0x001db804,0x184
noop_z_62,0x001db810,0x001db818,0x8
return_const__1_g,0x001db820,0x001db828,0x8
return_zero_z_62,0x001db830,0x001db838,0x8
sub_1DB840,0x001db840,0x001db8a0,0x60
fighter_track_slot_ctor_clone_03,0x001db8a0,0x001db958,0xb8
mem_fill_z_61,0x001db960,0x001dbb40,0x1e0
noop_z_63,0x001dbb40,0x001dbb48,0x8
return_const__1_h,0x001dbb50,0x001dbb58,0x8
return_zero_z_63,0x001dbb60,0x001dbb68,0x8
mem_fill_z_228_0,0x001dbb70,0x001dbd00,0x190
sub_1DBD00,0x001dbd00,0x001dbd60,0x60
noop_wrapper___,0x001dbd60,0x001dbda8,0x48
sub_1DBDB0,0x001dbdb0,0x001dbdb8,0x8
wrap_vtable_dispatch_y_clone_01,0x001dbdc0,0x001dbdc8,0x8
return_const_36,0x001dbdd0,0x001dbdd8,0x8
sub_1DBDE0,0x001dbde0,0x001dbe00,0x20
sub_1DBE00,0x001dbe00,0x001dbe08,0x8
sub_1DBE10,0x001dbe10,0x001dbe70,0x60
mem_fill_z_62,0x001dbe70,0x001dc424,0x5b4
euler_to_quat_1,0x001dc430,0x001dc6d8,0x2a8
noop_z_64,0x001dc6e0,0x001dc6e8,0x8
sub_1DC6F0,0x001dc6f0,0x001dc880,0x190
noop_seq_var_10_i,0x001dc880,0x001dc920,0xa0
mem_compare_n_0_clone_08,0x001dc920,0x001dca98,0x178
mem_fill_z_63,0x001dcaa0,0x001dcee8,0x448
str_copy_n_e_clone_05,0x001dcef0,0x001dd0d0,0x1e0
wrap_obj_play_anim,0x001dd0d0,0x001dd0e0,0x10
sub_1DD0E0,0x001dd0e0,0x001dd140,0x60
sub_1DD140,0x001dd140,0x001dd148,0x8
mem_fill_z_253_1,0x001dd150,0x001dd248,0xf8
pass_identity_d_clone_01,0x001dd250,0x001dd288,0x38
return_const_37,0x001dd290,0x001dd298,0x8
mem_fill_z_55_clone_01,0x001dd2a0,0x001dd520,0x280
sub_1DD520,0x001dd520,0x001dd69c,0x17c
sub_1DD6A0,0x001dd6a0,0x001dd700,0x60
sub_1DD700,0x001dd700,0x001dd850,0x150
return_const_35,0x001dd850,0x001dd858,0x8
obj_ctor_init___,0x001dd860,0x001dd8d0,0x70
sub_1DD8D0,0x001dd8d0,0x001dda50,0x180
sub_1DDA50,0x001dda50,0x001ddba4,0x154
sub_1DDBB0,0x001ddbb0,0x001ddc28,0x78
return_zero_z_64,0x001ddc30,0x001ddc38,0x8
sub_1DDC40,0x001ddc40,0x001ddcb4,0x74
sub_1DDCC0,0x001ddcc0,0x001ddcfc,0x3c
sub_1DDD00,0x001ddd00,0x001ddd60,0x60
sub_1DDD60,0x001ddd60,0x001dde20,0xc0
sub_1DDE20,0x001dde20,0x001ddf60,0x140
wrap_sub_203850_clone_01,0x001ddf60,0x001ddf70,0x10
return_const_38,0x001ddf70,0x001ddf78,0x8
return_zero_z_65,0x001ddf80,0x001ddf88,0x8
sub_1DDF90,0x001ddf90,0x001ddff0,0x60
mem_compare_n_0_clone_09,0x001ddff0,0x001de174,0x184
mem_fill_z_221_clone_01,0x001de180,0x001de350,0x1d0
wrap_var_10_d,0x001de350,0x001de390,0x40
return_const_40,0x001de390,0x001de398,0x8
return_zero_z_66,0x001de3a0,0x001de3a8,0x8
sub_1DE3B0,0x001de3b0,0x001de410,0x60
mem_compare_n_0_clone_10,0x001de410,0x001de590,0x180
mem_fill_z_221_clone_02,0x001de590,0x001de768,0x1d8
wrap_sub_229120_clone_02,0x001de770,0x001de780,0x10
return_const_39,0x001de780,0x001de788,0x8
return_zero_z_67,0x001de790,0x001de798,0x8
sub_1DE7A0,0x001de7a0,0x001de800,0x60
mem_fill_z_55_clone_02,0x001de800,0x001de99c,0x19c
Entity_ResetBattleState_clone_02,0x001de9a0,0x001dea8c,0xec
wrap_sub_203850_clone_02,0x001dea90,0x001deaa0,0x10
return_const_41,0x001deaa0,0x001deaa8,0x8
return_zero_z_68,0x001deab0,0x001deab8,0x8
sub_1DEAC0,0x001deac0,0x001deb20,0x60
mem_fill_z_55_clone_03,0x001deb20,0x001decbc,0x19c
return_const_42,0x001decc0,0x001decc8,0x8
return_zero_z_69,0x001decd0,0x001decd8,0x8
obj_ctor_init___,0x001dece0,0x001ded50,0x70
sub_1DED50,0x001ded50,0x001dede8,0x98
obj_active_check_clone_01,0x001dedf0,0x001dee3c,0x4c
noop_z_65,0x001dee40,0x001dee48,0x8
return_const_45,0x001dee50,0x001dee58,0x8
sub_1DEE60,0x001dee60,0x001deed4,0x74
sub_1DEEE0,0x001deee0,0x001def40,0x60
mem_fill_z_64,0x001def40,0x001df2d0,0x390
mem_fill_z_65,0x001df2d0,0x001df82c,0x55c
noop_z_66,0x001df830,0x001df838,0x8
return_const_44,0x001df840,0x001df848,0x8
return_zero_z_70,0x001df850,0x001df858,0x8
obj_set_fields___,0x001df860,0x001df87c,0x1c
obj_sub_b660_clone_01,0x001df880,0x001df8f4,0x74
sub_1DF900,0x001df900,0x001df960,0x60
sub_1DF960,0x001df960,0x001dfa44,0xe4
mem_fill_z_66,0x001dfa50,0x001dfb7c,0x12c
noop_z_67,0x001dfb80,0x001dfb88,0x8
sub_1DFB90,0x001dfb90,0x001dfbec,0x5c
sub_1DFBF0,0x001dfbf0,0x001dfcfc,0x10c
sub_1DFD00,0x001dfd00,0x001dfd60,0x60
sub_1DFD60,0x001dfd60,0x001dfe04,0xa4
noop_z_68,0x001dfe10,0x001dfe18,0x8
obj_set_field_pair___,0x001dfe20,0x001dfe48,0x28
return_const_51,0x001dfe50,0x001dfe58,0x8
return_zero_z_71,0x001dfe60,0x001dfe68,0x8
sub_1DFE70,0x001dfe70,0x001dfed0,0x60
wrap_mem_fill_z_67_0,0x001dfed0,0x001dfedc,0xc
noop_wrapper_z_168,0x001dfee0,0x001dfee8,0x8
sub_1DFEF0,0x001dfef0,0x001dfef8,0x8
sub_1DFF00,0x001dff00,0x001dff70,0x70
noop_wrapper___,0x001dff70,0x001dff7c,0xc
str_copy_n_e_clone_06,0x001dff80,0x001e04cc,0x54c
noop_wrapper_z_169,0x001e04d0,0x001e04d8,0x8
sub_1E04E0,0x001e04e0,0x001e04e8,0x8
sub_1E04F0,0x001e04f0,0x001e0648,0x158
sub_1E0650,0x001e0650,0x001e0708,0xb8
mem_fill_z_67,0x001e0710,0x001e0bec,0x4dc
sub_1E0BF0,0x001e0bf0,0x001e0cc8,0xd8
sub_1E0CD0,0x001e0cd0,0x001e0e5c,0x18c
vec3f_dist_sq_cmp,0x001e0e60,0x001e0f04,0xa4
mem_fill_z_68,0x001e0f10,0x001e13e4,0x4d4
sub_1E13F0,0x001e13f0,0x001e145c,0x6c
CAppOptionRanking_Tick_clone_01,0x001e1460,0x001e1494,0x34
euler_to_quat_b_0,0x001e14a0,0x001e16b8,0x218
mem_fill_z_69,0x001e16c0,0x001e1800,0x140
obj_set_pos_world_clone_01,0x001e1800,0x001e1938,0x138
sub_1E1940,0x001e1940,0x001e19a0,0x60
sub_1E19A0,0x001e19a0,0x001e1ab8,0x118
wrap_wrap_obj_set_flags_clone_04,0x001e1ac0,0x001e1b64,0xa4
noop_z_69,0x001e1b70,0x001e1b78,0x8
sub_1E1B80,0x001e1b80,0x001e1c60,0xe0
return_zero_z_72,0x001e1c60,0x001e1c68,0x8
sub_1E1C70,0x001e1c70,0x001e1cd0,0x60
mem_fill_z_70,0x001e1cd0,0x001e213c,0x46c
obj_sub_b660_clone_02,0x001e2140,0x001e2278,0x138
wrap_sub_229120_clone_03,0x001e2280,0x001e2290,0x10
sub_1E2290,0x001e2290,0x001e2378,0xe8
sub_1E2380,0x001e2380,0x001e2460,0xe0
vtable_dispatch___,0x001e2460,0x001e24b0,0x50
str_copy_n_e_clone_07,0x001e24b0,0x001e2748,0x298
sub_1E2750,0x001e2750,0x001e27b0,0x60
sub_1E27B0,0x001e27b0,0x001e2904,0x154
sub_1E2910,0x001e2910,0x001e29c0,0xb0
noop_z_70,0x001e29c0,0x001e29c8,0x8
sub_1E29D0,0x001e29d0,0x001e2adc,0x10c
wrap_obj_try_change_state,0x001e2ae0,0x001e2b10,0x30
sub_1E2B10,0x001e2b10,0x001e2b70,0x60
mem_fill_z_71,0x001e2b70,0x001e2eb4,0x344
return_zero_z_73,0x001e2ec0,0x001e2ec8,0x8
noop_z_71,0x001e2ed0,0x001e2ed8,0x8
noop_seq_var_10_j,0x001e2ee0,0x001e2f30,0x50
noop_seq_var_10_k,0x001e2f30,0x001e2fa4,0x74
noop_z_72,0x001e2fb0,0x001e2fb8,0x8
sub_1E2FC0,0x001e2fc0,0x001e3038,0x78
noop_z_73,0x001e3040,0x001e3048,0x8
return_const_54,0x001e3050,0x001e3058,0x8
noop_seq_var_10_l,0x001e3060,0x001e30a8,0x48
return_zero_z_74,0x001e30b0,0x001e30b8,0x8
sub_1E30C0,0x001e30c0,0x001e3120,0x60
sub_1E3120,0x001e3120,0x001e31ac,0x8c
sub_1E31B0,0x001e31b0,0x001e322c,0x7c
noop_z_74,0x001e3230,0x001e3238,0x8
return_const__1_i,0x001e3240,0x001e3248,0x8
sub_1E3250,0x001e3250,0x001e32e8,0x98
sub_1E32F0,0x001e32f0,0x001e3350,0x60
sub_1E3350,0x001e3350,0x001e3430,0xe0
wrap_obj_set_scale,0x001e3430,0x001e3498,0x68
sub_1E34A0,0x001e34a0,0x001e34a8,0x8
return_const_28,0x001e34b0,0x001e34b8,0x8
return_zero_z_75,0x001e34c0,0x001e34c8,0x8
sub_1E34D0,0x001e34d0,0x001e3530,0x60
state_byte_transition_h_1,0x001e3530,0x001e375c,0x22c
sub_1E3760,0x001e3760,0x001e38fc,0x19c
noop_seq_var_30,0x001e3900,0x001e3968,0x68
mem_fill_z_72,0x001e3970,0x001e3b24,0x1b4
sub_1E3B30,0x001e3b30,0x001e3ba4,0x74
sub_1E3BB0,0x001e3bb0,0x001e3c10,0x60
move_tick_composite_clone_01,0x001e3c10,0x001e3d04,0xf4
mem_fill_z_73,0x001e3d10,0x001e3e98,0x188
sub_1E3EA0,0x001e3ea0,0x001e3eb8,0x18
mem_fill_z_74,0x001e3ec0,0x001e4094,0x1d4
sub_1E40A0,0x001e40a0,0x001e4194,0xf4
sub_1E41A0,0x001e41a0,0x001e41dc,0x3c
sub_1E41E0,0x001e41e0,0x001e4838,0x658
sub_1E4840,0x001e4840,0x001e4850,0x10
sub_1E4850,0x001e4850,0x001e48b0,0x60
wrap_mem_fill_z_67,0x001e48b0,0x001e48bc,0xc
sub_1E48C0,0x001e48c0,0x001e48c8,0x8
sub_1E48D0,0x001e48d0,0x001e4960,0x90
obj_ctor_init___,0x001e4960,0x001e49d0,0x70
sub_1E49D0,0x001e49d0,0x001e4aa0,0xd0
sub_1E4AA0,0x001e4aa0,0x001e4bc4,0x124
wrap_sub_229120_clone_04,0x001e4bd0,0x001e4be4,0x14
obj_set_fields___80_clone_03,0x001e4bf0,0x001e4cd4,0xe4
sub_1E4CE0,0x001e4ce0,0x001e4d54,0x74
sub_1E4D60,0x001e4d60,0x001e4dc0,0x60
sub_1E4DC0,0x001e4dc0,0x001e4eac,0xec
sub_1E4EB0,0x001e4eb0,0x001e4f38,0x88
noop_z_75,0x001e4f40,0x001e4f48,0x8
return_const_48,0x001e4f50,0x001e4f58,0x8
sub_1E4F60,0x001e4f60,0x001e5030,0xd0
sub_1E5030,0x001e5030,0x001e5090,0x60
sub_1E5090,0x001e5090,0x001e5168,0xd8
sub_1E5170,0x001e5170,0x001e5334,0x1c4
wrap_sub_229120_clone_05,0x001e5340,0x001e5354,0x14
sub_1E5360,0x001e5360,0x001e5394,0x34
sub_1E53A0,0x001e53a0,0x001e5544,0x1a4
sub_1E5550,0x001e5550,0x001e55b0,0x60
singleton_lazy_init_x,0x001e55b0,0x001e564c,0x9c
pool_entry_pop_w,0x001e5670,0x001e56b4,0x44
anim_track_start_a,0x001e56c0,0x001e5724,0x64
move_input_advance_a,0x001e5730,0x001e57a8,0x78
noop_wrapper_z_170,0x001e57b0,0x001e57e4,0x34
sub_1E57F0,0x001e57f0,0x001e58ac,0xbc
move_input_advance_b,0x001e58b0,0x001e593c,0x8c
anim_track_start_c,0x001e5940,0x001e59a0,0x60
noop_wrapper_l,0x001e59a0,0x001e59a8,0x8
anim_track_start_b,0x001e59b0,0x001e5a10,0x60
noop_wrapper_m,0x001e5a10,0x001e5a18,0x8
move_input_advance_b_clone_05,0x001e5a20,0x001e5ac8,0xa8
obj_ctor_init___,0x001e5ad0,0x001e5b18,0x48
pool_entry_push_o,0x001e5b20,0x001e5bc8,0xa8
obj_sub_ca60_clone_03,0x001e5bd0,0x001e5c70,0xa0
noop___,0x001e5c70,0x001e5c78,0x8
noop___,0x001e5c80,0x001e5c88,0x8
obj_set_fields_r_0,0x001e5c90,0x001e5cb8,0x28
mem_fill_z_75,0x001e5cc0,0x001e5ec4,0x204
sub_1E5ED0,0x001e5ed0,0x001e5f84,0xb4
wrap_obj_motion_update_slot,0x001e5f90,0x001e5ff8,0x68
obj_sub_6000,0x001e6000,0x001e6038,0x38
pool_sub_6040,0x001e6040,0x001e608c,0x4c
get_data_ptr_z_12,0x001e6090,0x001e609c,0xc
sub_1E60A0,0x001e60a0,0x001e6140,0xa0
asm_reg_save,0x001e6140,0x001e617c,0x3c
noop_seq_var_10_m,0x001e6180,0x001e61dc,0x5c
return_const_59,0x001e61e0,0x001e61e8,0x8
return_zero_z_76,0x001e61f0,0x001e61f8,0x8
sub_1E6200,0x001e6200,0x001e6260,0x60
obj_set_fields,0x001e6260,0x001e6288,0x28
obj_enable_sphere_collide,0x001e6290,0x001e62ec,0x5c
obj_set_lerp_params,0x001e62f0,0x001e636c,0x7c
obj_set_lerp_params_clone_01,0x001e6370,0x001e63ec,0x7c
obj_set_fields_z_50,0x001e63f0,0x001e646c,0x7c
sub_1E6470,0x001e6470,0x001e649c,0x2c
obj_set_fields___,0x001e64a0,0x001e6518,0x78
sub_1E6520,0x001e6520,0x001e65b8,0x98
obj_set_fields_z_51,0x001e65c0,0x001e6600,0x40
obj_set_fields___,0x001e6600,0x001e6634,0x34
sub_1E6640,0x001e6640,0x001e670c,0xcc
sub_1E6710,0x001e6710,0x001e783c,0x112c
sub_1E7840,0x001e7840,0x001e7adc,0x29c
flags_clear_mask,0x001e7ae0,0x001e7af4,0x14
obj_set_flag,0x001e7b00,0x001e7b10,0x10
flags_test_mask,0x001e7b10,0x001e7b20,0x10
sub_1E7B20,0x001e7b20,0x001e7c78,0x158
sub_1E7C80,0x001e7c80,0x001e7ce0,0x60
sub_1E7CE0,0x001e7ce0,0x001e7d40,0x60
singleton_lazy_init_y,0x001e7d40,0x001e80f4,0x3b4
sub_1E8100,0x001e8100,0x001e8144,0x44
str_copy_n_e_clone_08,0x001e8150,0x001eab48,0x29f8
wrap_str_format_into_buf,0x001eab50,0x001eab88,0x38
wrap_str_format_into_buf_b,0x001eab90,0x001eabc8,0x38
wrap_str_format_into_buf_c,0x001eabd0,0x001eac08,0x38
wrap_str_format_into_buf_d,0x001eac10,0x001eac54,0x44
get_data_ptr_z_13,0x001eac60,0x001eac6c,0xc
get_data_ptr_z_14,0x001eac70,0x001eac7c,0xc
wrap_str_format_into_buf_e,0x001eac80,0x001eacc4,0x44
wrap_str_format_into_buf_f,0x001eacd0,0x001ead14,0x44
wrap_str_format_into_buf_g,0x001ead20,0x001ead68,0x48
wrap_str_format_into_buf_h,0x001ead70,0x001eada8,0x38
wrap_str_format_into_buf_i,0x001eadb0,0x001eadf0,0x40
get_field_val___,0x001eadf0,0x001eadf8,0x8
wrap_str_format_into_buf_j,0x001eae00,0x001eae40,0x40
get_field_val___,0x001eae40,0x001eae48,0x8
wrap_str_format_into_buf_k,0x001eae50,0x001eae90,0x40
get_field_val___,0x001eae90,0x001eae98,0x8
get_field_val_z_55,0x001eaea0,0x001eaeb0,0x10
get_field_val___,0x001eaeb0,0x001eaeb8,0x8
wrap_str_format_into_buf_l,0x001eaec0,0x001eaf18,0x58
wrap_str_format_into_buf_m,0x001eaf20,0x001eaf78,0x58
noop_wrapper_z_171,0x001eaf80,0x001eaf9c,0x1c
wrap_str_format_into_buf_n,0x001eafa0,0x001eaff8,0x58
noop_wrapper_z_172,0x001eb000,0x001eb01c,0x1c
wrap_str_format_into_buf_o,0x001eb020,0x001eb064,0x44
wrap_str_format_into_buf_p,0x001eb070,0x001eb0b4,0x44
wrap_str_format_into_buf_q,0x001eb0c0,0x001eb104,0x44
get_data_ptr_z_15,0x001eb110,0x001eb11c,0xc
wrap_str_format_into_buf_r,0x001eb120,0x001eb164,0x44
wrap_str_format_into_buf_s,0x001eb170,0x001eb1b8,0x48
wrap_str_format_into_buf_t,0x001eb1c0,0x001eb208,0x48
noop_wrapper_z_173,0x001eb210,0x001eb218,0x8
sub_1EB220,0x001eb220,0x001eb280,0x60
sub_1EB280,0x001eb280,0x001eb2e0,0x60
flags_test_mask_d,0x001eb2e0,0x001eb308,0x28
sub_1EB310,0x001eb310,0x001eb628,0x318
obj_set_fields___,0x001eb630,0x001eb670,0x40
obj_set_fields___,0x001eb670,0x001eb6b0,0x40
obj_set_fields___,0x001eb6b0,0x001eb6f8,0x48
obj_set_fields___,0x001eb700,0x001eb744,0x44
obj_set_field_pair___,0x001eb750,0x001eb788,0x38
obj_set_fields___,0x001eb790,0x001eb7c0,0x30
obj_set_fields___,0x001eb7c0,0x001eb7f0,0x30
obj_set_field_pair___,0x001eb7f0,0x001eb828,0x38
get_data_ptr_z_16,0x001eb830,0x001eb83c,0xc
get_data_ptr_z_17,0x001eb840,0x001eb84c,0xc
get_data_ptr_z_18,0x001eb850,0x001eb85c,0xc
get_data_ptr_z_19,0x001eb860,0x001eb86c,0xc
singleton_lazy_init_z,0x001eb870,0x001eb90c,0x9c
pool_entry_pop_x,0x001eb930,0x001eb974,0x44
fighter_track_ctor_clone_01,0x001eb980,0x001eb9e4,0x64
player_count_query_clone_08,0x001eb9f0,0x001eba50,0x60
sub_1EBA50,0x001eba50,0x001ebae8,0x98
obj_set_fields__03,0x001ebaf0,0x001ebbe8,0xf8
pool_alloc_entry,0x001ebbf0,0x001ebc98,0xa8
str_copy_n_08,0x001ebca0,0x001ebd30,0x90
sub_1EBD30,0x001ebd30,0x001ebd74,0x44
sub_1EBD80,0x001ebd80,0x001ebe0c,0x8c
get_data_ptr_z_20,0x001ebe10,0x001ebe1c,0xc
mem_compare_n_0_clone_11,0x001ebe20,0x001ebfd8,0x1b8
sub_1EBFE0,0x001ebfe0,0x001ec0e0,0x100
wrap_sub_229120_clone_06,0x001ec0e0,0x001ec0f0,0x10
return_const_61,0x001ec0f0,0x001ec0f8,0x8
return_zero_z_77,0x001ec100,0x001ec108,0x8
sub_1EC110,0x001ec110,0x001ec170,0x60
sub_1EC170,0x001ec170,0x001ec298,0x128
sub_1EC2A0,0x001ec2a0,0x001ec4b0,0x210
asm_reg_save_b,0x001ec4b0,0x001ec4e8,0x38
return_const_62,0x001ec4f0,0x001ec4f8,0x8
return_zero_z_78,0x001ec500,0x001ec508,0x8
sub_1EC510,0x001ec510,0x001ec570,0x60
noop_z_76,0x001ec570,0x001ec578,0x8
wrap_anim_state_init_trio,0x001ec580,0x001ec58c,0xc
sub_1EC590,0x001ec590,0x001ec5f0,0x60
noop_z_77,0x001ec5f0,0x001ec5f8,0x8
return_const__1_j,0x001ec600,0x001ec608,0x8
return_zero_z_79,0x001ec610,0x001ec618,0x8
sub_1EC620,0x001ec620,0x001ec740,0x120
sub_1EC740,0x001ec740,0x001ec898,0x158
asm_reg_save_c,0x001ec8a0,0x001ec8d8,0x38
return_const_64_b,0x001ec8e0,0x001ec8e8,0x8
return_zero_z_80,0x001ec8f0,0x001ec8f8,0x8
sub_1EC900,0x001ec900,0x001ec960,0x60
return_const_63,0x001ec960,0x001ec968,0x8
obj_ctor_init___,0x001ec970,0x001ec9e0,0x70
sub_1EC9E0,0x001ec9e0,0x001eca9c,0xbc
sub_1ECAA0,0x001ecaa0,0x001ecaf4,0x54
wrap_sub_229120_clone_07,0x001ecb00,0x001ecb10,0x10
return_const_65,0x001ecb10,0x001ecb18,0x8
return_zero_z_81,0x001ecb20,0x001ecb28,0x8
sub_1ECB30,0x001ecb30,0x001ecb90,0x60
sub_1ECB90,0x001ecb90,0x001ecc90,0x100
sub_1ECC90,0x001ecc90,0x001ecda8,0x118
asm_reg_save_d,0x001ecdb0,0x001ecde8,0x38
return_const_66,0x001ecdf0,0x001ecdf8,0x8
return_zero_z_82,0x001ece00,0x001ece08,0x8
sub_1ECE10,0x001ece10,0x001ece70,0x60
mem_fill_z_76,0x001ece70,0x001ecee8,0x78
singleton_get_round_mgr,0x001ecef0,0x001ecf7c,0x8c
sub_1ECFA0,0x001ecfa0,0x001ecff4,0x54
noop___,0x001ed000,0x001ed008,0x8
sub_1ED010,0x001ed010,0x001ed104,0xf4
sub_1ED110,0x001ed110,0x001ed144,0x34
mem_fill_p,0x001ed150,0x001ed16c,0x1c
sub_1ED170,0x001ed170,0x001ed220,0xb0
sub_1ED220,0x001ed220,0x001ed650,0x430
sub_1ED650,0x001ed650,0x001ed690,0x40
get_field_val___,0x001ed690,0x001ed698,0x8
get_field_val___,0x001ed6a0,0x001ed6a8,0x8
get_field_val___,0x001ed6b0,0x001ed6b8,0x8
get_field_val_,0x001ed6c0,0x001ed6c8,0x8
get_field_val___,0x001ed6d0,0x001ed6d8,0x8
get_field_val___,0x001ed6e0,0x001ed6e8,0x8
get_field_val___,0x001ed6f0,0x001ed6f8,0x8
get_field_val___,0x001ed700,0x001ed708,0x8
get_field_val___,0x001ed710,0x001ed718,0x8
obj_set_fields___,0x001ed720,0x001ed738,0x18
obj_ctor_init___342_clone_01,0x001ed740,0x001ed7a8,0x68
sub_1ED7B0,0x001ed7b0,0x001ed820,0x70
sub_1ED820,0x001ed820,0x001ed83c,0x1c
noop_wrapper___,0x001ed840,0x001ed8b0,0x70
sub_1ED8B0,0x001ed8b0,0x001ed95c,0xac
sub_1ED960,0x001ed960,0x001eda44,0xe4
pass_identity_d,0x001eda50,0x001eda78,0x28
sub_1EDA80,0x001eda80,0x001edac4,0x44
noop_wrapper_z_174,0x001edad0,0x001edae0,0x10
pass_identity_e,0x001edae0,0x001edb08,0x28
sub_1EDB10,0x001edb10,0x001edb54,0x44
sub_1EDB60,0x001edb60,0x001edb80,0x20
sub_1EDB80,0x001edb80,0x001edb9c,0x1c
obj_get_pool_entry,0x001edba0,0x001edbbc,0x1c
fighter_track_slot_ctor_clone_04,0x001edbc0,0x001edc3c,0x7c
fighter_track_slot_ctor_clone_05,0x001edc40,0x001edcbc,0x7c
sub_1EDCC0,0x001edcc0,0x001edd74,0xb4
sub_1EDD80,0x001edd80,0x001ede10,0x90
sub_1EDE10,0x001ede10,0x001ede88,0x78
j_flags_test_mask_b,0x001ede90,0x001ede98,0x8
flags_test_mask_b,0x001edea0,0x001edea8,0x8
singleton_sub_deb0,0x001edeb0,0x001edf28,0x78
fighter_action_allowed_a,0x001edf30,0x001edfbc,0x8c
fighter_action_allowed_b,0x001edfc0,0x001ee04c,0x8c
sub_1EE050,0x001ee050,0x001ee0dc,0x8c
sub_1EE0E0,0x001ee0e0,0x001ee16c,0x8c
fighter_action_allowed_c,0x001ee170,0x001ee1fc,0x8c
sub_1EE200,0x001ee200,0x001ee28c,0x8c
sub_1EE290,0x001ee290,0x001ee2f4,0x64
get_field_ptr_g,0x001ee300,0x001ee308,0x8
get_field_ptr_h,0x001ee310,0x001ee318,0x8
get_field_val___,0x001ee320,0x001ee328,0x8
get_field_val___,0x001ee330,0x001ee338,0x8
sub_1EE340,0x001ee340,0x001ee6e4,0x3a4
mem_fill_z_31_clone_02,0x001ee6f0,0x001ee810,0x120
sub_1EE810,0x001ee810,0x001ee874,0x64
mem_fill_z_31_clone_03,0x001ee880,0x001eec24,0x3a4
pass_identity_f,0x001eec30,0x001eec40,0x10
pass_identity,0x001eec40,0x001eec50,0x10
sub_1EEC50,0x001eec50,0x001eec80,0x30
pass_identity,0x001eec80,0x001eec90,0x10
sub_1EEC90,0x001eec90,0x001eece8,0x58
sub_1EECF0,0x001eecf0,0x001eed34,0x44
sub_1EED40,0x001eed40,0x001eeda4,0x64
sub_1EEDB0,0x001eedb0,0x001eee14,0x64
sub_1EEE20,0x001eee20,0x001eee98,0x78
entity_tree_insert_and_init_clone_01,0x001eeea0,0x001eef38,0x98
pool_entry_pop_b_0_clone_01,0x001eef40,0x001eefd0,0x90
sub_1EEFD0,0x001eefd0,0x001ef0e0,0x110
sub_1EF0E0,0x001ef0e0,0x001ef1c8,0xe8
singleton_sub_f1d0,0x001ef1d0,0x001ef214,0x44
singleton_sub_f220,0x001ef220,0x001ef264,0x44
sub_1EF270,0x001ef270,0x001ef2c4,0x54
sub_1EF2D0,0x001ef2d0,0x001ef434,0x164
get_field_val___,0x001ef440,0x001ef448,0x8
get_field_val___,0x001ef450,0x001ef458,0x8
mem_fill_z_77,0x001ef460,0x001ef674,0x214
get_field_val___,0x001ef680,0x001ef688,0x8
obj_set_field_pair_c_0_clone_11,0x001ef690,0x001ef6c4,0x34
fighter_track_slot_ctor_clone_06,0x001ef6d0,0x001ef774,0xa4
sub_1EF780,0x001ef780,0x001ef7c4,0x44
noop_seq_var_10_n,0x001ef7d0,0x001ef81c,0x4c
sub_1EF820,0x001ef820,0x001ef940,0x120
wrap_array_call_dtor,0x001ef940,0x001ef95c,0x1c
singleton_lazy_init__,0x001ef960,0x001ef9fc,0x9c
pool_entry_pop_y,0x001efa20,0x001efa64,0x44
get_field_val_z_56,0x001efa70,0x001efa78,0x8
get_field_val_z_57,0x001efa80,0x001efa88,0x8
get_field_val_z_58,0x001efa90,0x001efa98,0x8
sub_1EFAA0,0x001efaa0,0x001efaec,0x4c
sub_1EFAF0,0x001efaf0,0x001efb40,0x50
get_field_val_z_59,0x001efb40,0x001efb48,0x8
get_field_val_z_60,0x001efb50,0x001efb58,0x8
fighter_track_slot_ctor_clone_07,0x001efb60,0x001efcc8,0x168
sub_1EFCD0,0x001efcd0,0x001efd1c,0x4c
sub_1EFD20,0x001efd20,0x001efe04,0xe4
sub_1EFE10,0x001efe10,0x001eff5c,0x14c
noop_wrapper___,0x001eff60,0x001eff6c,0xc
noop_wrapper___,0x001eff70,0x001eff7c,0xc
noop_wrapper___,0x001eff80,0x001eff8c,0xc
noop_wrapper___,0x001eff90,0x001eff9c,0xc
noop_wrapper___,0x001effa0,0x001effac,0xc
noop_wrapper___,0x001effb0,0x001effbc,0xc
noop_wrapper___,0x001effc0,0x001effcc,0xc
noop_wrapper___,0x001effd0,0x001effdc,0xc
noop_wrapper___,0x001effe0,0x001effec,0xc
noop_wrapper___,0x001efff0,0x001f0114,0x124
get_data_ptr_z_21,0x001f0120,0x001f012c,0xc
singleton_lazy_init__,0x001f0130,0x001f01cc,0x9c
pool_entry_pop_z,0x001f01f0,0x001f0234,0x44
obj_set_fields___,0x001f0240,0x001f029c,0x5c
obj_set_field_byte___,0x001f02a0,0x001f02a8,0x8
get_field_val___,0x001f02b0,0x001f02b8,0x8
noop_wrapper_z_175,0x001f02c0,0x001f02e4,0x24
obj_set_field_byte___,0x001f02f0,0x001f02f8,0x8
get_field_val___,0x001f0300,0x001f0308,0x8
noop_wrapper_z_176,0x001f0310,0x001f0334,0x24
get_field_val___,0x001f0340,0x001f0348,0x8
get_field_val___,0x001f0350,0x001f0358,0x8
get_field_val_d,0x001f0360,0x001f0368,0x8
get_field_val___,0x001f0370,0x001f0378,0x8
get_field_val_h,0x001f0380,0x001f0388,0x8
obj_ctor_init___,0x001f0390,0x001f03d0,0x40
player_count_query_clone_09,0x001f03d0,0x001f0430,0x60
obj_set_fields_z_52,0x001f0430,0x001f0490,0x60
get_data_ptr_z_22,0x001f0490,0x001f049c,0xc
singleton_lazy_init__,0x001f04a0,0x001f053c,0x9c
pool_entry_pop__,0x001f0560,0x001f05a4,0x44
noop_wrapper_z_177,0x001f05b0,0x001f05c4,0x14
sub_1F05D0,0x001f05d0,0x001f0638,0x68
sub_1F0640,0x001f0640,0x001f0694,0x54
sub_1F06A0,0x001f06a0,0x001f071c,0x7c
obj_set_field_byte___,0x001f0720,0x001f0728,0x8
sub_1F0730,0x001f0730,0x001f0a94,0x364
get_field_val___,0x001f0aa0,0x001f0aa8,0x8
noop_wrapper_z_178,0x001f0ab0,0x001f0ab8,0x8
sub_1F0AC0,0x001f0ac0,0x001f0c20,0x160
sub_1F0C20,0x001f0c20,0x001f0c74,0x54
get_field_val___,0x001f0c80,0x001f0c88,0x8
sub_1F0C90,0x001f0c90,0x001f0d2c,0x9c
sub_1F0D30,0x001f0d30,0x001f0e40,0x110
sub_1F0E40,0x001f0e40,0x001f0e78,0x38
sub_1F0E80,0x001f0e80,0x001f0f34,0xb4
state_byte_transition___48_0,0x001f0f40,0x001f0ff0,0xb0
sub_1F0FF0,0x001f0ff0,0x001f10f0,0x100
sub_1F10F0,0x001f10f0,0x001f1150,0x60
sub_1F1150,0x001f1150,0x001f119c,0x4c
obj_ctor_init___0_clone_01,0x001f11a0,0x001f11d8,0x38
obj_flag_conditional_set_c,0x001f11e0,0x001f1218,0x38
flags_test_mask_e,0x001f1220,0x001f1240,0x20
obj_set_fields___,0x001f1240,0x001f128c,0x4c
obj_set_field_pair_c_0_clone_12,0x001f1290,0x001f12ac,0x1c
noop_wrapper_z_179,0x001f12b0,0x001f12b8,0x8
obj_set_fields___,0x001f12c0,0x001f12fc,0x3c
get_field_val___,0x001f1300,0x001f1308,0x8
noop_wrapper_z_180,0x001f1310,0x001f1318,0x8
sub_1F1320,0x001f1320,0x001f1358,0x38
obj_flag_conditional_set_d,0x001f1360,0x001f13a0,0x40
obj_set_field_pair_c_0_clone_13,0x001f13a0,0x001f13bc,0x1c
noop_wrapper_z_181,0x001f13c0,0x001f13c8,0x8
obj_set_field_pair___,0x001f13d0,0x001f13e0,0x10
sub_1F13E0,0x001f13e0,0x001f1464,0x84
obj_set_field_pair_c_0_clone_14,0x001f1470,0x001f1494,0x24
mem_fill_z_78,0x001f14a0,0x001f15b8,0x118
noop_wrapper_z_182,0x001f15c0,0x001f15dc,0x1c
get_field_val___,0x001f15e0,0x001f15e8,0x8
noop_wrapper_z_183,0x001f15f0,0x001f160c,0x1c
obj_set_fields___66_0,0x001f1610,0x001f1648,0x38
flags_test_bit,0x001f1650,0x001f1668,0x18
sub_1F1670,0x001f1670,0x001f1768,0xf8
sub_1F1770,0x001f1770,0x001f1800,0x90
sub_1F1800,0x001f1800,0x001f1ad8,0x2d8
get_data_ptr_z_23,0x001f1ae0,0x001f1aec,0xc
sub_1F1AF0,0x001f1af0,0x001f1b28,0x38
noop_wrapper_q,0x001f1b30,0x001f1b5c,0x2c
noop_wrapper_r,0x001f1b60,0x001f1b8c,0x2c
sub_1F1B90,0x001f1b90,0x001f1bcc,0x3c
noop_sub_1bd0,0x001f1bd0,0x001f1c74,0xa4
sub_1F1C80,0x001f1c80,0x001f1d24,0xa4
sub_1F1D30,0x001f1d30,0x001f1fa0,0x270
sub_1F1FA0,0x001f1fa0,0x001f2100,0x160
sub_1F2100,0x001f2100,0x001f222c,0x12c
mem_fill_z_295_0,0x001f2230,0x001f249c,0x26c
noop_sub_24a0,0x001f24a0,0x001f2500,0x60
sub_1F2500,0x001f2500,0x001f2bdc,0x6dc
mem_fill_z_40_clone_03,0x001f2be0,0x001f2e00,0x220
sub_1F2E00,0x001f2e00,0x001f2e60,0x60
sub_1F2E60,0x001f2e60,0x001f2ec0,0x60
state_byte_transition_d_0,0x001f2ec0,0x001f2f30,0x70
sub_1F2F30,0x001f2f30,0x001f3368,0x438
sub_1F3370,0x001f3370,0x001f3644,0x2d4
state_byte_transition_e_0,0x001f3650,0x001f38b4,0x264
fighter_track_slot_ctor_clone_08,0x001f38c0,0x001f3968,0xa8
sub_1F3970,0x001f3970,0x001f3af8,0x188
noop_z_78,0x001f3b00,0x001f3b08,0x8
return_const_78,0x001f3b10,0x001f3b18,0x8
sub_1F3B20,0x001f3b20,0x001f3b94,0x74
sub_1F3BA0,0x001f3ba0,0x001f3c00,0x60
Entity_ResetBattleState,0x001f3c00,0x001f3d44,0x144
sub_1F3D50,0x001f3d50,0x001f3de4,0x94
sub_1F3DF0,0x001f3df0,0x001f3e68,0x78
return_const_76,0x001f3e70,0x001f3e78,0x8
sub_1F3E80,0x001f3e80,0x001f3f38,0xb8
str_copy_n_e_clone_09,0x001f3f40,0x001f42dc,0x39c
sub_1F42E0,0x001f42e0,0x001f44a4,0x1c4
mem_fill_z_79,0x001f44b0,0x001f4524,0x74
sub_1F4530,0x001f4530,0x001f45e4,0xb4
pool_entry_push___14_0,0x001f45f0,0x001f4658,0x68
sub_1F4660,0x001f4660,0x001f46c0,0x60
sub_1F46C0,0x001f46c0,0x001f4850,0x190
sub_1F4850,0x001f4850,0x001f48c0,0x70
wrap_var_10_e,0x001f48c0,0x001f4900,0x40
GetVoiceID,0x001f4900,0x001f4afc,0x1fc
return_zero_z_83,0x001f4b00,0x001f4b08,0x8
obj_sub_b660_clone_03,0x001f4b10,0x001f4c34,0x124
obj_sub_b660_clone_04,0x001f4c40,0x001f4d30,0xf0
hud_sub_dd30_clone_01,0x001f4d30,0x001f4e88,0x158
euler_to_quat_c_0,0x001f4e90,0x001f53b4,0x524
noop_seq_var_10_o,0x001f53c0,0x001f5454,0x94
sub_1F5460,0x001f5460,0x001f54c0,0x60
singleton_lazy_init__,0x001f54c0,0x001f555c,0x9c
pool_entry_pop__,0x001f5580,0x001f55c4,0x44
wrap_obj_flag_conditional_set,0x001f55d0,0x001f5610,0x40
flags_test_mask,0x001f5610,0x001f5620,0x10
get_field_val___,0x001f5620,0x001f5628,0x8
noop_wrapper_z_184,0x001f5630,0x001f5638,0x8
get_field_val___,0x001f5640,0x001f5648,0x8
noop_wrapper_z_185,0x001f5650,0x001f5668,0x18
player_count_query_clone_10,0x001f5670,0x001f56d0,0x60
obj_set_field_pair___,0x001f56d0,0x001f56dc,0xc
get_data_ptr_z_24,0x001f56e0,0x001f56ec,0xc
pool_entry_pop__,0x001f5710,0x001f5754,0x44
pool_entry_push_p,0x001f5760,0x001f5784,0x24
singleton_lazy_init__,0x001f5790,0x001f588c,0xfc
sub_1F5890,0x001f5890,0x001f58d4,0x44
CAppFightResultCsAcSingle_Tick_clone_03,0x001f58e0,0x001f593c,0x5c
noop_wrapper_z_186,0x001f5940,0x001f594c,0xc
noop_wrapper___,0x001f5950,0x001f5968,0x18
obj_ctor_init___0_clone_02,0x001f5970,0x001f59a8,0x38
noop_wrapper_z_187,0x001f59b0,0x001f59b8,0x8
noop_wrapper___,0x001f59c0,0x001f59d8,0x18
wrap_obj_motion_update_slot_b,0x001f59e0,0x001f59f0,0x10
obj_ctor_init___,0x001f59f0,0x001f5a0c,0x1c
sub_1F5A10,0x001f5a10,0x001f5bfc,0x1ec
singleton_lazy_init_c,0x001f5c00,0x001f5c8c,0x8c
obj_set_fields_s_0,0x001f5cb0,0x001f5cd8,0x28
obj_set_fields_z_53,0x001f5ce0,0x001f5d0c,0x2c
obj_set_fields___,0x001f5d10,0x001f5d30,0x20
sub_1F5D30,0x001f5d30,0x001f5dc4,0x94
noop___,0x001f5dd0,0x001f5dd8,0x8
obj_set_fields_z_54,0x001f5de0,0x001f5e68,0x88
noop_wrapper_b_5,0x001f5e70,0x001f5ea0,0x30
get_field_val___,0x001f5ea0,0x001f5ea8,0x8
noop_wrapper_z_188,0x001f5eb0,0x001f5ed0,0x20
sub_1F5F10,0x001f5f10,0x001f5f54,0x44
pass_identity_d_clone_02,0x001f5f60,0x001f5fa8,0x48
sub_1F5FB0,0x001f5fb0,0x001f6224,0x274
euler_to_quat_d_0,0x001f6230,0x001f6b58,0x928
mem_fill_k_1,0x001f6b60,0x001f6c58,0xf8
sub_1F6C60,0x001f6c60,0x001f6d28,0xc8
vtable_dispatch_o_0_clone_14,0x001f6d30,0x001f6d48,0x18
sub_1F6D50,0x001f6d50,0x001f6df0,0xa0
wrap_anim_track_start_b_b_0,0x001f6df0,0x001f6e00,0x10
wrap_anim_track_start_b_c_0,0x001f6e00,0x001f6e10,0x10
wrap_anim_track_start_b_d,0x001f6e10,0x001f6e20,0x10
sub_1F6E20,0x001f6e20,0x001f6e80,0x60
pass_identity_d_clone_03,0x001f6e80,0x001f6ec8,0x48
wrap_anim_track_start_b_e,0x001f6ed0,0x001f6ee0,0x10
wrap_anim_track_start_b_f,0x001f6ee0,0x001f6ef0,0x10
wrap_anim_track_start_b_g,0x001f6ef0,0x001f6f00,0x10
sub_1F6F00,0x001f6f00,0x001f6f70,0x70
pass_identity_d_clone_04,0x001f6f70,0x001f6fb8,0x48
mem_compare_n_0_clone_12,0x001f6fc0,0x001f7160,0x1a0
mem_fill_z_81_clone_01,0x001f7160,0x001f7518,0x3b8
wrap_sub_229120_clone_08,0x001f7520,0x001f7530,0x10
vtable_dispatch_o_0_clone_15,0x001f7530,0x001f7548,0x18
sub_1F7550,0x001f7550,0x001f75b0,0x60
pass_identity_d_clone_05,0x001f75b0,0x001f75f8,0x48
scene_graph_flush_clone_03,0x001f7600,0x001f77ac,0x1ac
sub_1F77B0,0x001f77b0,0x001f7814,0x64
mem_compare_n_0_clone_13,0x001f7820,0x001f7c98,0x478
mem_fill_z_55_clone_04,0x001f7ca0,0x001f8150,0x4b0
sub_1F8150,0x001f8150,0x001f84b0,0x360
sub_1F84B0,0x001f84b0,0x001f8540,0x90
vtable_dispatch_o_0_clone_16,0x001f8540,0x001f8558,0x18
sub_1F8560,0x001f8560,0x001f85c0,0x60
pass_identity_d_clone_06,0x001f85c0,0x001f8608,0x48
sub_1F8610,0x001f8610,0x001f8798,0x188
sub_1F8900,0x001f8900,0x001f8934,0x34
sub_1F8940,0x001f8940,0x001f89b4,0x74
mem_fill_z_80,0x001f89c0,0x001f8a68,0xa8
sub_1F8A70,0x001f8a70,0x001f8ad0,0x60
pass_identity_d_clone_07,0x001f8ad0,0x001f8b18,0x48
sub_1F8B20,0x001f8b20,0x001f8db8,0x298
mem_fill_z_55_clone_05,0x001f8dc0,0x001f92e8,0x528
noop_z_79,0x001f92f0,0x001f92f8,0x8
vtable_dispatch_o_0_clone_17,0x001f9300,0x001f9318,0x18
sub_1F9320,0x001f9320,0x001f9380,0x60
pass_identity_d_clone_08,0x001f9380,0x001f93c8,0x48
sub_1F93D0,0x001f93d0,0x001f9574,0x1a4
state_byte_transition_c,0x001f9580,0x001f9a10,0x490
noop_z_80,0x001f9a10,0x001f9a18,0x8
vtable_dispatch_o_0_clone_18,0x001f9a20,0x001f9a38,0x18
wrap_move_input_advance_a,0x001f9a40,0x001f9a50,0x10
sub_1F9A50,0x001f9a50,0x001f9ab0,0x60
pass_identity_d_clone_09,0x001f9ab0,0x001f9af8,0x48
sub_1F9B00,0x001f9b00,0x001f9c6c,0x16c
sub_1F9C70,0x001f9c70,0x001f9e10,0x1a0
noop_z_81,0x001f9e10,0x001f9e18,0x8
vtable_dispatch_o_0_clone_19,0x001f9e20,0x001f9e38,0x18
sub_1F9E40,0x001f9e40,0x001f9ea0,0x60
pass_identity_d_clone_10,0x001f9ea0,0x001f9ee8,0x48
sub_1F9EF0,0x001f9ef0,0x001fa028,0x138
sub_1FA030,0x001fa030,0x001fa1a4,0x174
noop_z_82,0x001fa1b0,0x001fa1b8,0x8
vtable_dispatch_o_0_clone_20,0x001fa1c0,0x001fa1d8,0x18
obj_is_flag4_clear_clone_01,0x001fa1e0,0x001fa1f8,0x18
wrap_anim_track_start_a_0,0x001fa200,0x001fa20c,0xc
wrap_anim_track_start_a_b_0,0x001fa210,0x001fa21c,0xc
sub_1FA220,0x001fa220,0x001fa280,0x60
pass_identity_d_clone_11,0x001fa280,0x001fa2c8,0x48
sub_1FA2D0,0x001fa2d0,0x001fa53c,0x26c
sub_1FA540,0x001fa540,0x001fa9bc,0x47c
Entity_ResetBattleState_clone_03,0x001fa9c0,0x001faa4c,0x8c
mem_fill_r_1,0x001faa50,0x001fab9c,0x14c
sub_1FABA0,0x001faba0,0x001fae44,0x2a4
noop_seq_var_10_p,0x001fae50,0x001faeb0,0x60
sub_1FAEB0,0x001faeb0,0x001faf64,0xb4
sub_1FAF70,0x001faf70,0x001fafd0,0x60
pass_identity_d_clone_12,0x001fafd0,0x001fb018,0x48
mem_fill_z_81,0x001fb020,0x001fb210,0x1f0
mem_fill_z_82,0x001fb210,0x001fb658,0x448
wrap_sub_229120_clone_09,0x001fb660,0x001fb670,0x10
vtable_dispatch_o_0_clone_21,0x001fb670,0x001fb688,0x18
wrap_anim_track_start_c_0,0x001fb690,0x001fb6a0,0x10
sub_1FB6A0,0x001fb6a0,0x001fb700,0x60
pass_identity_d_clone_13,0x001fb700,0x001fb748,0x48
mem_fill_z_83,0x001fb750,0x001fb9a8,0x258
mem_fill_z_81_clone_02,0x001fb9b0,0x001fbc2c,0x27c
noop_z_83,0x001fbc30,0x001fbc38,0x8
vtable_dispatch_o_0_clone_22,0x001fbc40,0x001fbc58,0x18
sub_1FBC60,0x001fbc60,0x001fbcc0,0x60
wrap_anim_track_start_c,0x001fbcc0,0x001fbd04,0x44
sub_1FBD10,0x001fbd10,0x001fbd80,0x70
pass_identity_d_clone_14,0x001fbd80,0x001fbdc8,0x48
mem_fill_z_84,0x001fbdd0,0x001fbff8,0x228
state_byte_transition_d,0x001fc000,0x001fc2ec,0x2ec
noop_z_84,0x001fc2f0,0x001fc2f8,0x8
sub_1FC300,0x001fc300,0x001fc388,0x88
wrap_anim_track_start_c_b,0x001fc390,0x001fc3dc,0x4c
sub_1FC3E0,0x001fc3e0,0x001fc440,0x60
obj_ctor_init_n_clone_07,0x001fc440,0x001fc4b0,0x70
sub_1FC4B0,0x001fc4b0,0x001fc728,0x278
state_byte_transition_e,0x001fc730,0x001fc824,0xf4
scene_node_set_visible_clone_03,0x001fc830,0x001fc93c,0x10c
vtable_dispatch_o_0_clone_23,0x001fc940,0x001fc958,0x18
return_zero_z_84,0x001fc960,0x001fc968,0x8
noop_seq_var_10_q,0x001fc970,0x001fc9dc,0x6c
mem_fill_z_85,0x001fc9e0,0x001fcac8,0xe8
mem_fill_z_221_clone_03,0x001fcad0,0x001fcbe0,0x110
sub_1FCBE0,0x001fcbe0,0x001fce54,0x274
str_copy_n_e_clone_10,0x001fce60,0x001fd090,0x230
mem_fill_z_221_clone_04,0x001fd090,0x001fd324,0x294
obj_set_field_pair___,0x001fd330,0x001fd360,0x30
sub_1FD360,0x001fd360,0x001fd400,0xa0
state_byte_transition_f,0x001fd400,0x001fd7fc,0x3fc
euler_to_quat_e_0,0x001fd800,0x001fdb78,0x378
euler_to_quat_b,0x001fdb80,0x001fe108,0x588
mem_fill_z_86,0x001fe110,0x001fe5f8,0x4e8
mem_compare_n_0_clone_14,0x001fe600,0x001fe7f0,0x1f0
mem_fill_z_221_clone_05,0x001fe7f0,0x001fe8e0,0xf0
stream_parser_reset_clone_03,0x001fe8e0,0x001fea64,0x184
HankakuToZenkaku_clone_03,0x001fea70,0x001feaa8,0x38
sub_1FEAB0,0x001feab0,0x001feb00,0x50
noop_z_85,0x001feb00,0x001feb08,0x8
wrap_anim_track_start_a_c_0,0x001feb10,0x001feb1c,0xc
wrap_anim_track_start_a_d,0x001feb20,0x001feb2c,0xc
wrap_anim_track_start_c_b_0,0x001feb30,0x001feb40,0x10
wrap_anim_track_start_c_c,0x001feb40,0x001feb50,0x10
wrap_anim_track_start_c_d,0x001feb50,0x001feb60,0x10
sub_1FEB60,0x001feb60,0x001febc0,0x60
pass_identity_d_clone_15,0x001febc0,0x001fec08,0x48
sub_1FEC10,0x001fec10,0x001fed68,0x158
sub_1FED70,0x001fed70,0x001fefc4,0x254
noop_z_86,0x001fefd0,0x001fefd8,0x8
vtable_dispatch_o_0_clone_24,0x001fefe0,0x001feff8,0x18
mem_fill_z_31_clone_04,0x001ff000,0x001ff148,0x148
sub_1FF150,0x001ff150,0x001ff1b0,0x60
pass_identity_d_clone_16,0x001ff1b0,0x001ff1f8,0x48
sub_1FF200,0x001ff200,0x001ff36c,0x16c
curve_interp_call___03,0x001ff370,0x001ff694,0x324
CAppOptionRanking_Tick_clone_02,0x001ff6a0,0x001ff6e8,0x48
sub_1FF6F0,0x001ff6f0,0x001ff770,0x80
Entity_ResetBattleState_clone_04,0x001ff770,0x001ff83c,0xcc
mem_fill_z_31_clone_05,0x001ff840,0x001ff9c0,0x180
sub_1FF9C0,0x001ff9c0,0x001ffa20,0x60
pass_identity_d_clone_17,0x001ffa20,0x001ffa68,0x48
sub_1FFA70,0x001ffa70,0x001ffba8,0x138
mem_fill_z_221_clone_06,0x001ffbb0,0x001ffef0,0x340
noop_z_87,0x001ffef0,0x001ffef8,0x8
vtable_dispatch_o_0_clone_25,0x001fff00,0x001fff18,0x18
mem_fill_z_31_clone_06,0x001fff20,0x002000dc,0x1bc
return_const_14,0x002000e0,0x002000e8,0x8
return_const_25,0x002000f0,0x002000f8,0x8
sub_200100,0x00200100,0x00200160,0x60
pass_identity_d_clone_18,0x00200160,0x002001a8,0x48
sub_2001AC,0x002001ac,0x00200320,0x174
CApp_Throw_Update,0x00200320,0x0020057c,0x25c
CAppOptionRanking_Tick_clone_03,0x00200580,0x002005c4,0x44
vtable_dispatch_o_0_clone_26,0x002005d0,0x002005e8,0x18
mem_fill_z_87,0x002005f0,0x002007c8,0x1d8
wrap_anim_track_start_a_e,0x002007d0,0x002007ec,0x1c
sub_2007F0,0x002007f0,0x00200850,0x60
pass_identity_d_clone_19,0x00200850,0x00200898,0x48
sub_2008A0,0x002008a0,0x002009cc,0x12c
CApp_Ukemi_Update,0x002009d0,0x00200da4,0x3d4
wrap_var_10_f,0x00200db0,0x00200df0,0x40
vtable_dispatch_o_0_clone_27,0x00200df0,0x00200e08,0x18
sub_200E10,0x00200e10,0x00200e70,0x60
pass_identity_d_clone_20,0x00200e70,0x00200eb8,0x48
obj_sub_ca60_clone_04,0x00200ec0,0x00201078,0x1b8
CApp_Jump_Update,0x00201080,0x002018f4,0x874
obj_set_fields___33_1,0x00201900,0x002019b4,0xb4
euler_to_quat_p_0_clone_02,0x002019c0,0x00201aa4,0xe4
sub_201AB0,0x00201ab0,0x00201b24,0x74
vtable_dispatch_o_0_clone_28,0x00201b30,0x00201b48,0x18
sub_201B50,0x00201b50,0x00201bb0,0x60
pass_identity_d_clone_21,0x00201bb0,0x00201bf8,0x48
sub_201C00,0x00201c00,0x00201d4c,0x14c
CApp_CharaIntro_Update,0x00201d50,0x00201fb4,0x264
noop_z_88,0x00201fc0,0x00201fc8,0x8
vtable_dispatch_o_0_clone_29,0x00201fd0,0x00201fe8,0x18
sub_201FF0,0x00201ff0,0x00202050,0x60
pass_identity_d_clone_22,0x00202050,0x00202098,0x48
sub_2020A0,0x002020a0,0x002021d8,0x138
mem_fill_z_55_clone_06,0x002021e0,0x00202458,0x278
wrap_sub_202460,0x00202460,0x0020246c,0xc
wrap_sub_202470,0x00202470,0x00202488,0x18
sub_202490,0x00202490,0x002024f0,0x60
pass_identity_d_clone_23,0x002024f0,0x00202538,0x48
sub_202540,0x00202540,0x0020268c,0x14c
mem_fill_z_88,0x00202690,0x00202d40,0x6b0
noop_wrapper___,0x00202d40,0x00202d8c,0x4c
vtable_dispatch_o_0_clone_30,0x00202d90,0x00202da8,0x18
mem_fill_z_89,0x00202db0,0x00202e38,0x88
sub_202E40,0x00202e40,0x00202ea0,0x60
input_state_update_clone_01,0x00202ea0,0x00202ee8,0x48
sub_202EF0,0x00202ef0,0x00203060,0x170
mem_fill_z_40_clone_04,0x00203060,0x002034e8,0x488
noop_z_89,0x002034f0,0x002034f8,0x8
sub_203500,0x00203500,0x00203588,0x88
sub_203590,0x00203590,0x002035f0,0x60
pass_identity_d_clone_24,0x002035f0,0x00203638,0x48
sub_203640,0x00203640,0x00203754,0x114
sub_203760,0x00203760,0x00203844,0xe4
wrap_sub_203850,0x00203850,0x00203860,0x10
sub_203860,0x00203860,0x002038ec,0x8c
obj_ctor_init___0_clone_03,0x002038f0,0x002039c0,0xd0
sub_2039C0,0x002039c0,0x00203a20,0x60
pass_identity_d_clone_25,0x00203a20,0x00203a68,0x48
sub_203A70,0x00203a70,0x00203cc8,0x258
sub_203CD0,0x00203cd0,0x00204114,0x444
noop_seq_var_10_r,0x00204120,0x00204178,0x58
sub_204180,0x00204180,0x00204230,0xb0
mem_fill_z_31_clone_07,0x00204230,0x0020439c,0x16c
sub_2043A0,0x002043a0,0x00204400,0x60
noop_seq_var_10_s,0x00204400,0x00204464,0x64
sub_204470,0x00204470,0x00204628,0x1b8
sub_204630,0x00204630,0x00204918,0x2e8
sub_204920,0x00204920,0x00204998,0x78
vtable_dispatch_o_0_clone_31,0x002049a0,0x002049b8,0x18
sub_2049C0,0x002049c0,0x00204a50,0x90
sub_204A50,0x00204a50,0x00204ad0,0x80
obj_set_field_pair___,0x00204ad0,0x00204b0c,0x3c
sub_204B10,0x00204b10,0x00204b70,0x60
noop_seq_var_10_t,0x00204b70,0x00204bd4,0x64
mem_compare_n_0_clone_15,0x00204be0,0x00204e3c,0x25c
mem_fill_z_90,0x00204e40,0x00205c98,0xe58
sub_205CA0,0x00205ca0,0x00205d6c,0xcc
vtable_dispatch_o_0_clone_32,0x00205d70,0x00205d88,0x18
wrap_anim_track_start_a_f,0x00205d90,0x00205dac,0x1c
sub_205DB0,0x00205db0,0x00205e54,0xa4
obj_set_field_pair___,0x00205e60,0x00205e9c,0x3c
sub_205EA0,0x00205ea0,0x00205f00,0x60
pass_identity_d_clone_26,0x00205f00,0x00205f48,0x48
sub_205F50,0x00205f50,0x00206108,0x1b8
mem_compare_n_0_clone_16,0x00206110,0x00206654,0x544
sub_206660,0x00206660,0x00206804,0x1a4
noop_z_90,0x00206810,0x00206818,0x8
wrap_sub_206820,0x00206820,0x00206838,0x18
sub_206840,0x00206840,0x002068a0,0x60
pass_identity_d_clone_27,0x002068a0,0x002068e8,0x48
sub_2068F0,0x002068f0,0x00206af8,0x208
mem_fill_z_81_clone_03,0x00206b00,0x00207074,0x574
noop_z_91,0x00207080,0x00207088,0x8
wrap_sub_207090,0x00207090,0x002070a8,0x18
sub_2070B0,0x002070b0,0x00207110,0x60
pass_identity_d_clone_28,0x00207110,0x00207158,0x48
sub_207160,0x00207160,0x0020738c,0x22c
sub_207390,0x00207390,0x002073dc,0x4c
sub_2073E0,0x002073e0,0x00207874,0x494
sub_207880,0x00207880,0x00207e14,0x594
euler_to_quat_f_0,0x00207e20,0x002080ec,0x2cc
sub_2080F0,0x002080f0,0x00208218,0x128
euler_to_quat_p_0_clone_03,0x00208220,0x00208320,0x100
mem_fill_z_91,0x00208320,0x002084cc,0x1ac
mem_fill_z_40_clone_05,0x002084d0,0x002085c8,0xf8
obj_set_fields___,0x002085d0,0x00208628,0x58
wrap_sub_208630,0x00208630,0x00208648,0x18
mem_fill_z_81_clone_04,0x00208650,0x00208924,0x2d4
sub_208930,0x00208930,0x00208990,0x60
pass_identity_d_clone_29,0x00208990,0x002089d8,0x48
mem_fill_z_92,0x002089e0,0x00208c18,0x238
mem_fill_z_81_clone_05,0x00208c20,0x00208e5c,0x23c
noop_z_92,0x00208e60,0x00208e68,0x8
vtable_dispatch_o_0_clone_33,0x00208e70,0x00208e88,0x18
sub_208E90,0x00208e90,0x00208ef0,0x60
pass_identity_d_clone_30,0x00208ef0,0x00208f38,0x48
mem_fill_z_93,0x00208f40,0x00209124,0x1e4
sub_209130,0x00209130,0x00209284,0x154
noop_z_93,0x00209290,0x00209298,0x8
vtable_dispatch_o_0_clone_34,0x002092a0,0x002092b8,0x18
sub_2092C0,0x002092c0,0x00209320,0x60
pass_identity_d_clone_31,0x00209320,0x00209368,0x48
mem_fill_z_94,0x00209370,0x00209624,0x2b4
sub_209630,0x00209630,0x0020967c,0x4c
mem_fill_z_95,0x00209680,0x00209b64,0x4e4
sub_209B70,0x00209b70,0x00209bf8,0x88
mem_fill_z_96,0x00209c00,0x0020a094,0x494
mem_compare_n_0_clone_17,0x0020a0a0,0x0020a1a8,0x108
vtable_dispatch_o_0_clone_35,0x0020a1b0,0x0020a1c8,0x18
sub_20A1D0,0x0020a1d0,0x0020a238,0x68
sub_20A240,0x0020a240,0x0020a408,0x1c8
mem_fill_z_97,0x0020a410,0x0020a4b0,0xa0
wrap_move_input_advance_a_b,0x0020a4b0,0x0020a4c0,0x10
wrap_move_input_advance_a_c,0x0020a4c0,0x0020a4d0,0x10
sub_20A4D0,0x0020a4d0,0x0020a530,0x60
pass_identity_d_clone_32,0x0020a530,0x0020a578,0x48
sub_20A580,0x0020a580,0x0020a6e8,0x168
sub_20A6F0,0x0020a6f0,0x0020a864,0x174
wrap_obj_check_state_0x17,0x0020a870,0x0020a89c,0x2c
vtable_dispatch_o_0_clone_36,0x0020a8a0,0x0020a8b8,0x18
euler_to_quat_g_0,0x0020a8c0,0x0020abf4,0x334
sub_20AC00,0x0020ac00,0x0020ac60,0x60
pass_identity_d_clone_33,0x0020ac60,0x0020aca8,0x48
sub_20ACB0,0x0020acb0,0x0020ae20,0x170
mem_fill_z_98,0x0020ae20,0x0020b1dc,0x3bc
wrap_var_10_g,0x0020b1e0,0x0020b220,0x40
vtable_dispatch_o_0_clone_37,0x0020b220,0x0020b238,0x18
mem_fill_z_99,0x0020b240,0x0020b3ec,0x1ac
mem_fill_z_100,0x0020b3f0,0x0020b7a0,0x3b0
euler_to_quat_h_0,0x0020b7a0,0x0020b9cc,0x22c
sub_20B9D0,0x0020b9d0,0x0020ba30,0x60
pass_identity_d_clone_34,0x0020ba30,0x0020ba78,0x48
sub_20BA80,0x0020ba80,0x0020bb90,0x110
mem_fill_z_81_clone_06,0x0020bb90,0x0020be28,0x298
noop_z_94,0x0020be30,0x0020be38,0x8
CAppFightResultCsAcSingle_Tick_clone_04,0x0020be40,0x0020be9c,0x5c
sub_20BEA0,0x0020bea0,0x0020bf00,0x60
pass_identity_d_clone_35,0x0020bf00,0x0020bf48,0x48
sub_20BF50,0x0020bf50,0x0020c058,0x108
sub_20C060,0x0020c060,0x0020c0e0,0x80
fighter_clear_anim_flags_clone_02,0x0020c0e0,0x0020c178,0x98
str_copy_n_e_clone_11,0x0020c180,0x0020c694,0x514
mem_fill_z_101,0x0020c6a0,0x0020d5e8,0xf48
mem_fill_z_102,0x0020d5f0,0x0020e2ac,0xcbc
sub_20E2B0,0x0020e2b0,0x0020e344,0x94
singleton_lazy_init__01,0x0020e350,0x0020e4cc,0x17c
vtable_dispatch_o_0_clone_38,0x0020e4d0,0x0020e4e8,0x18
PadSysInit_clone_03,0x0020e4f0,0x0020e758,0x268
noop_seq_var_30_b,0x0020e760,0x0020e808,0xa8
mem_fill_z_103,0x0020e810,0x0020e8d8,0xc8
sub_20E8E0,0x0020e8e0,0x0020e940,0x60
pass_identity_d_clone_36,0x0020e940,0x0020e988,0x48
slerp_quat_c_clone_02,0x0020e990,0x0020ecf4,0x364
euler_to_quat_i_0,0x0020ed00,0x0020fbc4,0xec4
euler_to_quat_j_0,0x0020fbd0,0x0020fd04,0x134
sub_20FD10,0x0020fd10,0x0020fe10,0x100
vtable_dispatch_o_0_clone_39,0x0020fe10,0x0020fe28,0x18
noop_seq_var_10_u,0x0020fe30,0x0020fe84,0x54
sub_20FE90,0x0020fe90,0x0020fef0,0x60
pass_identity_d_clone_37,0x0020fef0,0x0020ff38,0x48
sub_20FF40,0x0020ff40,0x00210064,0x124
CApp_BattleResult_Update,0x00210070,0x00210354,0x2e4
noop_z_95,0x00210360,0x00210368,0x8
wrap_sub_210370,0x00210370,0x00210388,0x18
sub_210390,0x00210390,0x002103f0,0x60
pass_identity_d_clone_38,0x002103f0,0x00210438,0x48
sub_210440,0x00210440,0x00210600,0x1c0
CApp_CharaVS_Update,0x00210600,0x002108f0,0x2f0
noop_z_96,0x002108f0,0x002108f8,0x8
sub_210900,0x00210900,0x002109b8,0xb8
sub_2109C0,0x002109c0,0x00210a00,0x40
sub_210A00,0x00210a00,0x00210a60,0x60
pass_identity_d_clone_39,0x00210a60,0x00210aa8,0x48
obj_sub_ca60_clone_05,0x00210ab0,0x00210c0c,0x15c
CApp_CharaName_Update,0x00210c10,0x00210ed4,0x2c4
noop_z_97,0x00210ee0,0x00210ee8,0x8
vtable_dispatch_o_0_clone_40,0x00210ef0,0x00210f08,0x18
sub_210F10,0x00210f10,0x00210f70,0x60
pass_identity_d_clone_40,0x00210f70,0x00210fb8,0x48
obj_set_fields_t_0,0x00210fc0,0x00210fe8,0x28
EngineUpdate_clone_01,0x00210ff0,0x0021102c,0x3c
sub_211030,0x00211030,0x002110a0,0x70
pass_identity_d_clone_41,0x002110a0,0x002110e8,0x48
sub_2110F0,0x002110f0,0x0021122c,0x13c
mem_fill_z_55_clone_07,0x00211230,0x0021147c,0x24c
noop_z_98,0x00211480,0x00211488,0x8
wrap_sub_211490,0x00211490,0x002114a8,0x18
obj_set_fields_z_55,0x002114b0,0x00211510,0x60
EngineUpdate_clone_02,0x00211510,0x0021154c,0x3c
sub_211550,0x00211550,0x002115b0,0x60
pass_identity_d_clone_42,0x002115b0,0x002115f8,0x48
CApp_KnockbackEnter,0x00211600,0x0021183c,0x23c
str_copy_n_e_clone_12,0x00211840,0x00211afc,0x2bc
noop_z_99,0x00211b00,0x00211b08,0x8
vtable_dispatch_o_0_clone_41,0x00211b10,0x00211b28,0x18
wrap_move_input_advance_a_d,0x00211b30,0x00211b40,0x10
sub_211B40,0x00211b40,0x00211ba0,0x60
pass_identity_d_clone_43,0x00211ba0,0x00211be8,0x48
mem_fill_z_104,0x00211bf0,0x00211e70,0x280
CApp_Blast_Update,0x00211e70,0x002127a8,0x938
mem_fill_z_105,0x002127b0,0x00212ba0,0x3f0
mem_fill_z_55_clone_08,0x00212ba0,0x00212c70,0xd0
sub_212C70,0x00212c70,0x00212cec,0x7c
euler_to_quat_k_0,0x00212cf0,0x00212dd0,0xe0
Entity_ResetBattleState_clone_05,0x00212dd0,0x00212edc,0x10c
vtable_dispatch_o_0_clone_42,0x00212ee0,0x00212ef8,0x18
mem_fill_z_106,0x00212f00,0x00213294,0x394
sub_2132A0,0x002132a0,0x00213300,0x60
pass_identity_d_clone_44,0x00213300,0x00213348,0x48
sub_213350,0x00213350,0x002134ec,0x19c
sub_2134F0,0x002134f0,0x00213584,0x94
sub_213590,0x00213590,0x002135ec,0x5c
sub_2135F0,0x002135f0,0x00213670,0x80
sub_213670,0x00213670,0x00213798,0x128
sub_2137A0,0x002137a0,0x002138bc,0x11c
sub_2138C0,0x002138c0,0x00213a48,0x188
noop_wrapper_z_189,0x00213a50,0x00213a70,0x20
vtable_dispatch_o_0_clone_43,0x00213a70,0x00213a88,0x18
wrap_anim_track_start_a_g,0x00213a90,0x00213a9c,0xc
wrap_anim_track_start_a_h,0x00213aa0,0x00213aac,0xc
wrap_anim_track_start_c_e,0x00213ab0,0x00213ac0,0x10
wrap_anim_track_start_c_f,0x00213ac0,0x00213ad0,0x10
sub_213AD0,0x00213ad0,0x00213b30,0x60
pass_identity_d_clone_45,0x00213b30,0x00213b78,0x48
sub_213B80,0x00213b80,0x00213ce0,0x160
sub_213CE0,0x00213ce0,0x00213e20,0x140
noop_z_100,0x00213e20,0x00213e28,0x8
vtable_dispatch_o_0_clone_44,0x00213e30,0x00213e48,0x18
sub_213E50,0x00213e50,0x00213f60,0x110
sub_213F60,0x00213f60,0x00213fc0,0x60
pass_identity_d_clone_46,0x00213fc0,0x00214008,0x48
sub_214010,0x00214010,0x00214194,0x184
fighter_track_tick_clone_02,0x002141a0,0x002146e8,0x548
wrap_obj_set_flags,0x002146f0,0x0021472c,0x3c
wrap_sub_214730,0x00214730,0x00214748,0x18
j_obj_sub_ca60_clone_06,0x00214750,0x00214758,0x8
obj_sub_ca60_clone_06,0x00214760,0x00214864,0x104
mem_fill_z_31_clone_08,0x00214870,0x00214988,0x118
sub_214990,0x00214990,0x002149f0,0x60
pass_identity_d_clone_47,0x002149f0,0x00214a38,0x48
sub_214A40,0x00214a40,0x00214c00,0x1c0
sub_214C00,0x00214c00,0x00214ef8,0x2f8
noop_z_101,0x00214f00,0x00214f08,0x8
vtable_dispatch_o_0_clone_45,0x00214f10,0x00214f28,0x18
str_copy_n_e_clone_13,0x00214f30,0x00215264,0x334
sub_215270,0x00215270,0x002152d0,0x60
pass_identity_d_clone_48,0x002152d0,0x00215318,0x48
sub_215320,0x00215320,0x00215458,0x138
sub_215460,0x00215460,0x00215680,0x220
wrap_sub_215680,0x00215680,0x0021568c,0xc
wrap_sub_215690,0x00215690,0x002156a8,0x18
sub_2156B0,0x002156b0,0x00215710,0x60
pass_identity_d_clone_49,0x00215710,0x00215758,0x48
sub_215760,0x00215760,0x00215898,0x138
sub_2158A0,0x002158a0,0x00215a08,0x168
noop_seq_var_10_v,0x00215a10,0x00215a54,0x44
vtable_dispatch_o_0_clone_46,0x00215a60,0x00215a78,0x18
sub_215A80,0x00215a80,0x00215ae0,0x60
pass_identity_d_clone_50,0x00215ae0,0x00215b28,0x48
sub_215B30,0x00215b30,0x00215c38,0x108
mem_fill_z_107,0x00215c40,0x002164a0,0x860
sub_2164A0,0x002164a0,0x00216514,0x74
wrap_sub_216520,0x00216520,0x00216538,0x18
sub_216540,0x00216540,0x002165a0,0x60
pass_identity_d_clone_51,0x002165a0,0x002165e8,0x48
sub_2165F0,0x002165f0,0x0021673c,0x14c
state_byte_transition_g,0x00216740,0x00216af8,0x3b8
CAppOptionRanking_Tick_clone_04,0x00216b00,0x00216b48,0x48
vtable_dispatch_o_0_clone_47,0x00216b50,0x00216b68,0x18
str_copy_n_e_clone_14,0x00216b70,0x00216e94,0x324
sub_216EA0,0x00216ea0,0x00216f00,0x60
pass_identity_d_clone_52,0x00216f00,0x00216f48,0x48
sub_216F50,0x00216f50,0x002170ec,0x19c
mem_fill_z_108,0x002170f0,0x0021760c,0x51c
sub_217610,0x00217610,0x00217658,0x48
wrap_sub_217660,0x00217660,0x00217678,0x18
mem_fill_z_31_clone_09,0x00217680,0x002177a8,0x128
noop_seq_var_10_w,0x002177b0,0x002177f0,0x40
mem_fill_z_109,0x002177f0,0x00217ba0,0x3b0
sub_217BA0,0x00217ba0,0x00217c00,0x60
pass_identity_d_clone_53,0x00217c00,0x00217c48,0x48
sub_217C50,0x00217c50,0x00217dd8,0x188
sub_217DE0,0x00217de0,0x00217e2c,0x4c
sub_217E30,0x00217e30,0x00217ea0,0x70
str_copy_n_e_clone_15,0x00217ea0,0x002189d8,0xb38
sub_2189E0,0x002189e0,0x00218bcc,0x1ec
sub_218BD0,0x00218bd0,0x00218ca4,0xd4
vtable_dispatch_o_0_clone_48,0x00218cb0,0x00218cc8,0x18
mem_fill_z_110,0x00218cd0,0x00218fcc,0x2fc
sub_218FD0,0x00218fd0,0x00219030,0x60
pass_identity_d_clone_54,0x00219030,0x00219078,0x48
sub_219080,0x00219080,0x00219318,0x298
str_copy_n_e_clone_16,0x00219320,0x002199b8,0x698
flags_clear_mask_2,0x002199c0,0x002199e8,0x28
sub_2199F0,0x002199f0,0x00219a7c,0x8c
mem_fill_z_221_clone_07,0x00219a80,0x00219ce4,0x264
mem_fill_z_111,0x00219cf0,0x00219f3c,0x24c
sub_219F40,0x00219f40,0x00219fa0,0x60
pass_identity_d_clone_55,0x00219fa0,0x00219fe8,0x48
mem_fill_z_112,0x00219ff0,0x0021a304,0x314
slerp_quat_c_clone_03,0x0021a310,0x0021a8ac,0x59c
sub_21A8B0,0x0021a8b0,0x0021a97c,0xcc
vtable_dispatch_o_0_clone_49,0x0021a980,0x0021a998,0x18
sub_21A9A0,0x0021a9a0,0x0021aa74,0xd4
mem_fill_z_113,0x0021aa80,0x0021ab28,0xa8
sub_21AB30,0x0021ab30,0x0021ab90,0x60
wrap_anim_track_start_c_g,0x0021ab90,0x0021aba0,0x10
sub_21ABA0,0x0021aba0,0x0021ac10,0x70
pass_identity_d_clone_56,0x0021ac10,0x0021ac58,0x48
sub_21AC60,0x0021ac60,0x0021ad64,0x104
euler_to_quat_l_0,0x0021ad70,0x0021b0e8,0x378
wrap_sub_229120_clone_10,0x0021b0f0,0x0021b100,0x10
vtable_dispatch_o_0_clone_50,0x0021b100,0x0021b118,0x18
wrap_anim_track_start_c_h,0x0021b120,0x0021b130,0x10
sub_21B130,0x0021b130,0x0021b190,0x60
pass_identity_d_clone_57,0x0021b190,0x0021b1d8,0x48
sub_21B1E0,0x0021b1e0,0x0021b3b0,0x1d0
str_copy_n_e_clone_17,0x0021b3b0,0x0021ba54,0x6a4
sub_21BA60,0x0021ba60,0x0021bac0,0x60
vtable_dispatch_o_0_clone_51,0x0021bac0,0x0021bad8,0x18
sub_21BAE0,0x0021bae0,0x0021bb40,0x60
return_const_1_z_1,0x0021bb40,0x0021bb48,0x8
pass_identity_d_clone_58,0x0021bb50,0x0021bb98,0x48
sub_21BBA0,0x0021bba0,0x0021bcd4,0x134
str_copy_n_e_clone_18,0x0021bce0,0x0021c230,0x550
wrap_obj_get_anim_entry,0x0021c230,0x0021c25c,0x2c
sub_21C260,0x0021c260,0x0021c2b4,0x54
wrap_anim_track_start_b_h,0x0021c2c0,0x0021c2d0,0x10
wrap_anim_track_start_b_i,0x0021c2d0,0x0021c2e0,0x10
sub_21C2E0,0x0021c2e0,0x0021c340,0x60
return_const_1_z_2,0x0021c340,0x0021c348,0x8
pass_identity_d_clone_59,0x0021c350,0x0021c398,0x48
mem_fill_z_114,0x0021c3a0,0x0021c568,0x1c8
str_copy_n_e_clone_19,0x0021c570,0x0021c964,0x3f4
CAppOptionRanking_Tick_clone_05,0x0021c970,0x0021c9b8,0x48
vtable_dispatch_o_0_clone_52,0x0021c9c0,0x0021c9d8,0x18
sub_21C9E0,0x0021c9e0,0x0021ca40,0x60
return_const_1_z_3,0x0021ca40,0x0021ca48,0x8
pass_identity_d_clone_60,0x0021ca50,0x0021ca98,0x48
sub_21CAA0,0x0021caa0,0x0021cbf4,0x154
str_copy_n_e_clone_20,0x0021cc00,0x0021d280,0x680
sub_21D280,0x0021d280,0x0021d30c,0x8c
vtable_dispatch_o_0_clone_53,0x0021d310,0x0021d328,0x18
state_byte_transition_f_0,0x0021d330,0x0021d418,0xe8
sub_21D420,0x0021d420,0x0021d590,0x170
mem_fill_z_115,0x0021d590,0x0021d638,0xa8
mem_fill_z_116,0x0021d640,0x0021d730,0xf0
sub_21D730,0x0021d730,0x0021d790,0x60
return_const_1_z_4,0x0021d790,0x0021d798,0x8
pass_identity_d_clone_61,0x0021d7a0,0x0021d7e8,0x48
sub_21D7F0,0x0021d7f0,0x0021d980,0x190
mem_compare_n_0_clone_18,0x0021d980,0x0021de10,0x490
noop_z_102,0x0021de10,0x0021de18,0x8
vtable_dispatch_o_0_clone_54,0x0021de20,0x0021de38,0x18
stream_parser_reset_clone_04,0x0021de40,0x0021dfd0,0x190
noop_wrapper_z_190,0x0021dfd0,0x0021dfe8,0x18
sub_21DFF0,0x0021dff0,0x0021e050,0x60
return_const_1_z_5,0x0021e050,0x0021e058,0x8
pass_identity_d_clone_62,0x0021e060,0x0021e0a8,0x48
sub_21E0B0,0x0021e0b0,0x0021e1b8,0x108
sub_21E1C0,0x0021e1c0,0x0021e308,0x148
noop_z_103,0x0021e310,0x0021e318,0x8
vtable_dispatch_o_0_clone_55,0x0021e320,0x0021e338,0x18
sub_21E340,0x0021e340,0x0021e3a0,0x60
return_const_1_z_6,0x0021e3a0,0x0021e3a8,0x8
pass_identity_d_clone_63,0x0021e3b0,0x0021e3f8,0x48
sub_21E400,0x0021e400,0x0021e4e8,0xe8
str_copy_n_e_clone_21,0x0021e4f0,0x0021e794,0x2a4
noop_z_104,0x0021e7a0,0x0021e7a8,0x8
vtable_dispatch_o_0_clone_56,0x0021e7b0,0x0021e7c8,0x18
sub_21E7D0,0x0021e7d0,0x0021e830,0x60
return_const_1_z_7,0x0021e830,0x0021e838,0x8
pass_identity_d_clone_64,0x0021e840,0x0021e888,0x48
sub_21E890,0x0021e890,0x0021e99c,0x10c
str_copy_n_e_clone_22,0x0021e9a0,0x0021f044,0x6a4
noop_wrapper___,0x0021f050,0x0021f09c,0x4c
vtable_dispatch_o_0_clone_57,0x0021f0a0,0x0021f0b8,0x18
mem_fill_z_117,0x0021f0c0,0x0021f148,0x88
sub_21F150,0x0021f150,0x0021f1b0,0x60
return_const_1_z_8,0x0021f1b0,0x0021f1b8,0x8
pass_identity_d_clone_65,0x0021f1c0,0x0021f208,0x48
sub_21F210,0x0021f210,0x0021f384,0x174
state_byte_transition_m_1,0x0021f390,0x0021f7b0,0x420
input_state_update_clone_02,0x0021f7b0,0x0021f7ec,0x3c
vtable_dispatch_o_0_clone_58,0x0021f7f0,0x0021f808,0x18
mem_fill_z_31_clone_10,0x0021f810,0x0021f974,0x164
sub_21F980,0x0021f980,0x0021f9e0,0x60
return_const_1_z_9,0x0021f9e0,0x0021f9e8,0x8
pass_identity_d_clone_66,0x0021f9f0,0x0021fa38,0x48
sub_21FA40,0x0021fa40,0x0021fb78,0x138
euler_to_quat_m_0,0x0021fb80,0x002201d8,0x658
wrap_obj_get_anim_entry_b,0x002201e0,0x0022020c,0x2c
wrap_sub_220210,0x00220210,0x00220228,0x18
sub_220230,0x00220230,0x00220290,0x60
return_const_1_z_10,0x00220290,0x00220298,0x8
pass_identity_d_clone_67,0x002202a0,0x002202e8,0x48
mem_fill_z_118,0x002202f0,0x002204d4,0x1e4
str_copy_n_e_clone_23,0x002204e0,0x002208c8,0x3e8
wrap_obj_get_anim_entry_c,0x002208d0,0x002208fc,0x2c
wrap_sub_220900,0x00220900,0x00220918,0x18
sub_220920,0x00220920,0x00220980,0x60
return_const_1_z_11,0x00220980,0x00220988,0x8
input_state_update_clone_03,0x00220990,0x002209d8,0x48
sub_2209E0,0x002209e0,0x00220afc,0x11c
str_copy_n_e_clone_24,0x00220b00,0x00220de0,0x2e0
wrap_obj_check_state_0x17_b,0x00220de0,0x00220e04,0x24
vtable_dispatch_o_0_clone_59,0x00220e10,0x00220e28,0x18
mem_compare_n_0_clone_19,0x00220e30,0x00220fb8,0x188
sub_220FC0,0x00220fc0,0x00221020,0x60
return_const_1_z_12,0x00221020,0x00221028,0x8
pass_identity_d_clone_68,0x00221030,0x00221078,0x48
sub_221080,0x00221080,0x00221154,0xd4
str_copy_n_e_clone_25,0x00221160,0x0022142c,0x2cc
noop_z_105,0x00221430,0x00221438,0x8
wrap_sub_221440,0x00221440,0x00221458,0x18
sub_221460,0x00221460,0x002214c0,0x60
return_const_1_z_13,0x002214c0,0x002214c8,0x8
pass_identity_d_clone_69,0x002214d0,0x00221518,0x48
sub_221520,0x00221520,0x002216a4,0x184
str_copy_n_e_clone_26,0x002216b0,0x00221c54,0x5a4
sub_221C60,0x00221c60,0x00221cb0,0x50
sub_221CB0,0x00221cb0,0x00221d38,0x88
wrap_obj_try_change_state_0,0x00221d40,0x00221d88,0x48
sub_221D90,0x00221d90,0x00221df0,0x60
return_const_1_z_14,0x00221df0,0x00221df8,0x8
pass_identity_d_clone_70,0x00221e00,0x00221e48,0x48
wrap_sub_222140,0x00221e50,0x00221e68,0x18
obj_sub_ca60_clone_07,0x00221e70,0x0022208c,0x21c
noop_z_106,0x00222090,0x00222098,0x8
sub_2220A0,0x002220a0,0x0022213c,0x9c
sub_222140,0x00222140,0x00222258,0x118
wrap_anim_track_start_b_0_clone_01,0x00222260,0x00222270,0x10
wrap_anim_track_start_b_0_clone_02,0x00222270,0x00222280,0x10
wrap_anim_track_start_b_0_clone_03,0x00222280,0x00222290,0x10
sub_222290,0x00222290,0x002222f0,0x60
return_const_1_z_15,0x002222f0,0x002222f8,0x8
wrap_anim_track_start_b_0_clone_04,0x00222300,0x00222310,0x10
wrap_anim_track_start_a_0_clone_01,0x00222310,0x0022231c,0xc
sub_222320,0x00222320,0x00222390,0x70
return_const_1_z_16,0x00222390,0x00222398,0x8
pass_identity_d_clone_71,0x002223a0,0x002223e8,0x48
mem_compare_n_0_clone_20,0x002223f0,0x002225c0,0x1d0
str_copy_n_e_clone_27,0x002225c0,0x00222b08,0x548
sub_222B10,0x00222b10,0x00222ca8,0x198
sub_222CB0,0x00222cb0,0x00222d90,0xe0
vtable_dispatch_o_0_clone_60,0x00222d90,0x00222da8,0x18
wrap_anim_track_start_b_j,0x00222db0,0x00222dc0,0x10
vtable_dispatch_o_0_clone_61,0x00222dc0,0x00222dd8,0x18
sub_222DE0,0x00222de0,0x00222e40,0x60
pass_identity_d_clone_72,0x00222e40,0x00222e88,0x48
mem_fill_z_119,0x00222e90,0x002230b0,0x220
state_byte_transition_n_1,0x002230b0,0x00223418,0x368
mem_fill_z_31_clone_11,0x00223420,0x002235d4,0x1b4
scene_node_requeue_clone_05,0x002235e0,0x00223650,0x70
wrap_sub_223650,0x00223650,0x00223668,0x18
sub_223670,0x00223670,0x002236d0,0x60
return_const_1_z_17,0x002236d0,0x002236d8,0x8
pass_identity_d_clone_73,0x002236e0,0x00223728,0x48
Entity_ResetBattleState_clone_06,0x00223730,0x00223868,0x138
state_byte_transition_h,0x00223870,0x0022390c,0x9c
sub_223910,0x00223910,0x00223acc,0x1bc
vtable_dispatch_o_0_clone_62,0x00223ad0,0x00223ae8,0x18
pool_entry_push_b_0_clone_03,0x00223af0,0x00223bf8,0x108
sub_223C00,0x00223c00,0x00223db8,0x1b8
mem_fill_z_120,0x00223dc0,0x00223fd0,0x210
hud_sub_dd30_clone_02,0x00223fd0,0x00224068,0x98
sub_224070,0x00224070,0x00224430,0x3c0
str_sub_1a00_clone_04,0x00224430,0x00224554,0x124
str_copy_n_e_clone_28,0x00224560,0x00224a7c,0x51c
str_copy_n_e_clone_29,0x00224a80,0x00224fe4,0x564
str_copy_n_e_clone_30,0x00224ff0,0x00225634,0x644
fighter_track_advance_clone_04,0x00225640,0x002256f0,0xb0
str_copy_n_e_clone_31,0x002256f0,0x002258ac,0x1bc
str_copy_n_e_clone_32,0x002258b0,0x00225b04,0x254
wrap_input_dispatch,0x00225b10,0x00225b54,0x44
vtable_dispatch___5_clone_03,0x00225b60,0x00225bd4,0x74
sub_225BE0,0x00225be0,0x00225c8c,0xac
noop_wrapper___,0x00225c90,0x00225cd4,0x44
get_data_ptr_z_25,0x00225ce0,0x00225cec,0xc
wrap_anim_track_start_a_i,0x00225cf0,0x00225cfc,0xc
wrap_anim_track_start_a_j,0x00225d00,0x00225d0c,0xc
wrap_anim_track_start_a_k,0x00225d10,0x00225d1c,0xc
wrap_anim_track_start_a_l,0x00225d20,0x00225d2c,0xc
wrap_anim_track_start_a_m,0x00225d30,0x00225d3c,0xc
wrap_anim_track_start_a_n,0x00225d40,0x00225d4c,0xc
wrap_anim_track_start_b_k,0x00225d50,0x00225d60,0x10
wrap_anim_track_start_b_l,0x00225d60,0x00225d70,0x10
wrap_anim_track_start_c_i,0x00225d70,0x00225d80,0x10
sub_225D80,0x00225d80,0x00225de0,0x60
return_const_1_z_18,0x00225de0,0x00225de8,0x8
pass_identity_d_clone_74,0x00225df0,0x00225e38,0x48
str_copy_n_e_clone_33,0x00225e40,0x002260d4,0x294
str_copy_n_e_clone_34,0x002260e0,0x00226510,0x430
sub_226510,0x00226510,0x0022664c,0x13c
wrap_sub_226650,0x00226650,0x00226668,0x18
mem_fill_z_325_0,0x00226670,0x002268e0,0x270
mem_fill_z_81_clone_07,0x002268e0,0x00226b30,0x250
state_byte_transition_o_1,0x00226b30,0x00226cc8,0x198
sub_226CD0,0x00226cd0,0x00226d30,0x60
return_const_1_z_19,0x00226d30,0x00226d38,0x8
wrap_anim_track_start_c_j,0x00226d40,0x00226d50,0x10
wrap_anim_track_start_a_o,0x00226d50,0x00226d5c,0xc
noop_z_107,0x00226d60,0x00226d68,0x8
sub_226D70,0x00226d70,0x00226de0,0x70
return_const_1_z_20,0x00226de0,0x00226de8,0x8
pass_identity_d_clone_75,0x00226df0,0x00226e38,0x48
sub_226E40,0x00226e40,0x00226f58,0x118
str_copy_n_e_clone_35,0x00226f60,0x00227218,0x2b8
sub_227220,0x00227220,0x00227254,0x34
wrap_sub_227260,0x00227260,0x00227278,0x18
wrap_anim_track_start_c_0_clone_01,0x00227280,0x00227290,0x10
wrap_anim_track_start_a_0_clone_02,0x00227290,0x0022729c,0xc
wrap_anim_track_start_a_p,0x002272a0,0x002272ac,0xc
sub_2272B0,0x002272b0,0x00227310,0x60
pass_identity_d_clone_76,0x00227310,0x00227358,0x48
sub_227360,0x00227360,0x002274ec,0x18c
str_copy_n_e_clone_36,0x002274f0,0x00227aa8,0x5b8
sub_227AB0,0x00227ab0,0x00227bfc,0x14c
vtable_dispatch_o_0_clone_63,0x00227c00,0x00227c18,0x18
mem_fill_z_31_clone_12,0x00227c20,0x00227d84,0x164
mem_fill_z_31_clone_13,0x00227d90,0x00227fd4,0x244
sub_227FE0,0x00227fe0,0x00228040,0x60
return_const_1_z_21,0x00228040,0x00228048,0x8
pass_identity_d_clone_77,0x00228050,0x00228098,0x48
sub_2280A0,0x002280a0,0x0022817c,0xdc
str_copy_n_e_clone_37,0x00228180,0x002283a8,0x228
noop_z_108,0x002283b0,0x002283b8,0x8
obj_set_fields___29_1,0x002283c0,0x00228440,0x80
sub_228440,0x00228440,0x002284a0,0x60
return_const_1_z_22,0x002284a0,0x002284a8,0x8
pass_identity_d_clone_78,0x002284b0,0x002284f8,0x48
obj_sub_ca60_clone_08,0x00228500,0x002286c4,0x1c4
str_copy_n_e_clone_38,0x002286d0,0x00228d1c,0x64c
wrap_obj_get_anim_entry_d,0x00228d20,0x00228d4c,0x2c
vtable_dispatch_o_0_clone_64,0x00228d50,0x00228d68,0x18
sub_228D70,0x00228d70,0x00228dd0,0x60
return_const_1_z_23,0x00228dd0,0x00228dd8,0x8
pass_identity_d_clone_79,0x00228de0,0x00228e28,0x48
mem_fill_z_121,0x00228e30,0x00228fa4,0x174
obj_sub_ca60_clone_09,0x00228fb0,0x00229114,0x164
wrap_sub_229120,0x00229120,0x00229130,0x10
wrap_sub_229130,0x00229130,0x00229148,0x18
sub_229150,0x00229150,0x002291b0,0x60
return_const_1_z_24,0x002291b0,0x002291b8,0x8
pass_identity_d_clone_80,0x002291c0,0x00229208,0x48
sub_229210,0x00229210,0x002292fc,0xec
sub_229300,0x00229300,0x0022959c,0x29c
noop_z_109,0x002295a0,0x002295a8,0x8
vtable_dispatch_o_0_clone_65,0x002295b0,0x002295c8,0x18
sub_2295D0,0x002295d0,0x00229630,0x60
return_const_1_z_25,0x00229630,0x00229638,0x8
pass_identity_d_clone_81,0x00229640,0x00229688,0x48
sub_229690,0x00229690,0x00229780,0xf0
sub_229780,0x00229780,0x00229914,0x194
noop_z_110,0x00229920,0x00229928,0x8
obj_ctor_init___232_0,0x00229930,0x002299bc,0x8c
sub_2299C0,0x002299c0,0x00229a20,0x60
return_const_1_z_26,0x00229a20,0x00229a28,0x8
pass_identity_d_clone_82,0x00229a30,0x00229a78,0x48
sub_229A80,0x00229a80,0x00229b70,0xf0
mem_fill_z_229_0,0x00229b70,0x00229d70,0x200
noop_z_111,0x00229d70,0x00229d78,0x8
obj_ctor_init___233_0,0x00229d80,0x00229e0c,0x8c
sub_229E10,0x00229e10,0x00229e70,0x60
return_const_1_z_27,0x00229e70,0x00229e78,0x8
pass_identity_d_clone_83,0x00229e80,0x00229ec8,0x48
sub_229ED0,0x00229ed0,0x00229ff0,0x120
sub_229FF0,0x00229ff0,0x0022a03c,0x4c
sub_22A040,0x0022a040,0x0022a120,0xe0
mem_fill_z_122,0x0022a120,0x0022ad78,0xc58
sub_22AD80,0x0022ad80,0x0022ae24,0xa4
singleton_lazy_init__02,0x0022ae30,0x0022afa4,0x174
vtable_dispatch_o_0_clone_66,0x0022afb0,0x0022afc8,0x18
singleton_lazy_init_0_clone_03,0x0022afd0,0x0022b1bc,0x1ec
sub_22B1C0,0x0022b1c0,0x0022b220,0x60
return_const_1_z_28,0x0022b220,0x0022b228,0x8
fighter_ctor_base,0x0022b230,0x0022b248,0x18
fighter_dtor,0x0022b250,0x0022b29c,0x4c
sub_22B2A0,0x0022b2a0,0x0022b420,0x180
pass_identity_d_clone_84,0x0022b420,0x0022b468,0x48
sub_22B470,0x0022b470,0x0022b5c8,0x158
sub_22B5D0,0x0022b5d0,0x0022b7a0,0x1d0
sub_22B7A0,0x0022b7a0,0x0022b7a8,0x8
vtable_dispatch_o_0_clone_67,0x0022b7b0,0x0022b7c8,0x18
sub_22B7D0,0x0022b7d0,0x0022b830,0x60
pass_identity_d_clone_85,0x0022b830,0x0022b878,0x48
sub_22B880,0x0022b880,0x0022b9cc,0x14c
sub_22B9D0,0x0022b9d0,0x0022bba0,0x1d0
sub_22BBA0,0x0022bba0,0x0022bba8,0x8
vtable_dispatch_o_0_clone_68,0x0022bbb0,0x0022bbc8,0x18
sub_22BBD0,0x0022bbd0,0x0022bc30,0x60
pass_identity_d_clone_86,0x0022bc30,0x0022bc78,0x48
sub_22BC80,0x0022bc80,0x0022be4c,0x1cc
sub_22BE50,0x0022be50,0x0022be9c,0x4c
sub_22BEA0,0x0022bea0,0x0022c034,0x194
sub_22C040,0x0022c040,0x0022c120,0xe0
noop_z_112,0x0022c120,0x0022c128,0x8
vtable_dispatch_o_0_clone_69,0x0022c130,0x0022c148,0x18
sub_22C150,0x0022c150,0x0022c1b0,0x60
pass_identity_d_clone_87,0x0022c1b0,0x0022c1f8,0x48
sub_22C200,0x0022c200,0x0022c2d8,0xd8
str_copy_n_e_clone_39,0x0022c2e0,0x0022c548,0x268
noop_z_113,0x0022c550,0x0022c558,0x8
vtable_dispatch_o_0_clone_70,0x0022c560,0x0022c578,0x18
sub_22C580,0x0022c580,0x0022c5e0,0x60
return_const_1_z_29,0x0022c5e0,0x0022c5e8,0x8
sub_22C5F0,0x0022c5f0,0x0022c634,0x44
wrap_obj_register,0x0022c640,0x0022c6c4,0x84
obj_set_fields___100_0,0x0022c6f0,0x0022c764,0x74
obj_set_fields___101_0,0x0022c770,0x0022c7d4,0x64
noop_wrapper_z_191,0x0022c7e0,0x0022c7f0,0x10
mem_fill_z_123,0x0022c7f0,0x0022c834,0x44
mem_fill_z_124,0x0022c840,0x0022c884,0x44
sub_22C890,0x0022c890,0x0022c8e4,0x54
sub_22C930,0x0022c930,0x0022c974,0x44
sub_22C980,0x0022c980,0x0022c9c4,0x44
wrap_obj_register_b,0x0022c9d0,0x0022ca5c,0x8c
sub_22CA80,0x0022ca80,0x0022cae4,0x64
sub_22CAF0,0x0022caf0,0x0022cb90,0xa0
obj_set_field_pair___,0x0022cb90,0x0022cba8,0x18
noop_wrapper_z_192,0x0022cbb0,0x0022cbd0,0x20
get_field_val___,0x0022cbd0,0x0022cbd8,0x8
sub_22CC50,0x0022cc50,0x0022cc94,0x44
wrap_anim_track_start_c_k,0x0022cca0,0x0022ccb0,0x10
sub_22CCB0,0x0022ccb0,0x0022cd20,0x70
singleton_lazy_init_d,0x0022cd20,0x0022cdb4,0x94
sub_22CDE0,0x0022cde0,0x0022ceac,0xcc
sub_22CEB0,0x0022ceb0,0x0022cfa8,0xf8
sub_22CFB0,0x0022cfb0,0x0022d028,0x78
obj_set_fields_z_56,0x0022d030,0x0022d0a0,0x70
sub_22D0A0,0x0022d0a0,0x0022d170,0xd0
obj_set_field_byte___,0x0022d170,0x0022d178,0x8
get_field_val___,0x0022d180,0x0022d188,0x8
obj_set_field_byte___,0x0022d190,0x0022d198,0x8
get_field_val___,0x0022d1a0,0x0022d1a8,0x8
get_field_val___,0x0022d1b0,0x0022d1b8,0x8
get_field_val___,0x0022d1c0,0x0022d1c8,0x8
sub_22D1D0,0x0022d1d0,0x0022d1d8,0x8
noop_wrapper___,0x0022d1e0,0x0022d200,0x20
obj_set_fields___,0x0022d200,0x0022d270,0x70
obj_set_field_byte___,0x0022d270,0x0022d278,0x8
get_field_val___,0x0022d280,0x0022d288,0x8
get_field_val___,0x0022d290,0x0022d298,0x8
wrap_mem_copy_b,0x0022d2a0,0x0022d2b4,0x14
noop_wrapper_o_2,0x0022d2c0,0x0022d2fc,0x3c
noop_wrapper_p_2,0x0022d300,0x0022d33c,0x3c
noop_wrapper_q_2,0x0022d340,0x0022d37c,0x3c
sub_22D380,0x0022d380,0x0022d498,0x118
sub_22D4A0,0x0022d4a0,0x0022d504,0x64
flags_test_mask_f,0x0022d510,0x0022d520,0x10
noop_wrapper_z_193,0x0022d520,0x0022d530,0x10
fighter_track_slot_ctor_clone_09,0x0022d530,0x0022d5c4,0x94
sub_22D5D0,0x0022d5d0,0x0022d614,0x44
sub_22D620,0x0022d620,0x0022d6d0,0xb0
sub_22D6D0,0x0022d6d0,0x0022d720,0x50
sub_22D720,0x0022d720,0x0022d7c4,0xa4
sub_22D7D0,0x0022d7d0,0x0022d8b8,0xe8
sub_22D8C0,0x0022d8c0,0x0022d918,0x58
scene_node_set_visible_clone_04,0x0022d920,0x0022d9bc,0x9c
sub_22D9C0,0x0022d9c0,0x0022da4c,0x8c
sub_22DA50,0x0022da50,0x0022daac,0x5c
scene_node_set_visible_clone_05,0x0022dab0,0x0022db4c,0x9c
pass_identity_d_clone_88,0x0022db50,0x0022db98,0x48
sub_22DBA0,0x0022dba0,0x0022dd80,0x1e0
mem_fill_z_40_clone_06,0x0022dd80,0x0022e1cc,0x44c
CAppOptionRanking_Tick_clone_06,0x0022e1d0,0x0022e218,0x48
vtable_dispatch_o_0_clone_71,0x0022e220,0x0022e238,0x18
sub_22E240,0x0022e240,0x0022e2a0,0x60
input_state_update_clone_04,0x0022e2a0,0x0022e2e8,0x48
sub_22E2F0,0x0022e2f0,0x0022e4bc,0x1cc
euler_to_quat_n_0,0x0022e4c0,0x0022ea50,0x590
noop_z_114,0x0022ea50,0x0022ea58,0x8
vtable_dispatch_o_0_clone_72,0x0022ea60,0x0022ea78,0x18
sub_22EA80,0x0022ea80,0x0022eae0,0x60
pass_identity_d_clone_89,0x0022eae0,0x0022eb28,0x48
sub_22EB30,0x0022eb30,0x0022ecc4,0x194
scene_graph_flush_clone_04,0x0022ecd0,0x0022f0f4,0x424
sub_22F100,0x0022f100,0x0022f1fc,0xfc
sub_22F200,0x0022f200,0x0022f458,0x258
flags_clear_mask_1,0x0022f460,0x0022f47c,0x1c
vtable_dispatch_o_0_clone_73,0x0022f480,0x0022f498,0x18
sub_22F4A0,0x0022f4a0,0x0022f500,0x60
pass_identity_d_clone_90,0x0022f500,0x0022f548,0x48
sub_22F550,0x0022f550,0x0022f688,0x138
mem_fill_z_125,0x0022f690,0x0022fbbc,0x52c
wrap_var_10_h,0x0022fbc0,0x0022fc00,0x40
vtable_dispatch_o_0_clone_74,0x0022fc00,0x0022fc18,0x18
sub_22FC20,0x0022fc20,0x0022fc80,0x60
pass_identity_d_clone_91,0x0022fc80,0x0022fcc8,0x48
sub_22FCD0,0x0022fcd0,0x0022fe34,0x164
mem_fill_z_55_clone_09,0x0022fe40,0x00230014,0x1d4
wrap_sub_230020,0x00230020,0x0023002c,0xc
wrap_sub_230030,0x00230030,0x00230048,0x18
sub_230050,0x00230050,0x002300b0,0x60
pass_identity_d_clone_92,0x002300b0,0x002300f8,0x48
sub_230100,0x00230100,0x002301e4,0xe4
mem_fill_z_230_0,0x002301f0,0x00230404,0x214
noop_z_115,0x00230410,0x00230418,0x8
wrap_sub_230420,0x00230420,0x00230438,0x18
sub_230440,0x00230440,0x002304a0,0x60
return_const_1_z_30,0x002304a0,0x002304a8,0x8
pass_identity_d_clone_93,0x002304b0,0x002304f8,0x48
sub_230500,0x00230500,0x002305f0,0xf0
state_byte_transition_i,0x002305f0,0x0023086c,0x27c
vtable_dispatch___,0x00230870,0x002308ac,0x3c
sub_2308B0,0x002308b0,0x00230964,0xb4
sub_230970,0x00230970,0x002309d0,0x60
return_const_1_z_31,0x002309d0,0x002309d8,0x8
pass_identity_d_clone_94,0x002309e0,0x00230a28,0x48
sub_230A30,0x00230a30,0x00230b14,0xe4
sub_230B20,0x00230b20,0x00230cfc,0x1dc
noop_z_116,0x00230d00,0x00230d08,0x8
vtable_dispatch_o_0_clone_75,0x00230d10,0x00230d28,0x18
sub_230D30,0x00230d30,0x00230d90,0x60
return_const_1_z_32,0x00230d90,0x00230d98,0x8
pass_identity_d_clone_95,0x00230da0,0x00230de8,0x48
sub_230DF0,0x00230df0,0x00230fa4,0x1b4
mem_fill_z_126,0x00230fb0,0x00231d88,0xdd8
mem_fill_z_127,0x00231d90,0x00231e6c,0xdc
sub_231E70,0x00231e70,0x00231ef8,0x88
sub_231F00,0x00231f00,0x00231f88,0x88
sub_231F90,0x00231f90,0x00232074,0xe4
sub_232080,0x00232080,0x002320e0,0x60
vtable_dispatch_o_0_clone_76,0x002320e0,0x002320f8,0x18
sub_232100,0x00232100,0x00232160,0x60
pass_identity_d_clone_96,0x00232160,0x002321a8,0x48
sub_2321B0,0x002321b0,0x00232310,0x160
sub_232310,0x00232310,0x0023245c,0x14c
noop_z_117,0x00232460,0x00232468,0x8
wrap_sub_232470,0x00232470,0x00232488,0x18
sub_232490,0x00232490,0x002324f0,0x60
pass_identity_d_clone_97,0x002324f0,0x00232538,0x48
sub_232540,0x00232540,0x00232668,0x128
str_copy_n_e_clone_40,0x00232670,0x002328f4,0x284
noop_z_118,0x00232900,0x00232908,0x8
wrap_sub_232910,0x00232910,0x00232928,0x18
sub_232930,0x00232930,0x00232990,0x60
return_const_1_z_33,0x00232990,0x00232998,0x8
pass_identity_d_clone_98,0x002329a0,0x002329e8,0x48
sub_2329F0,0x002329f0,0x00232b3c,0x14c
sub_232B40,0x00232b40,0x00232ce8,0x1a8
noop_z_119,0x00232cf0,0x00232cf8,0x8
vtable_dispatch_o_0_clone_77,0x00232d00,0x00232d18,0x18
sub_232D20,0x00232d20,0x00232d80,0x60
obj_ctor_init___0_clone_04,0x00232d80,0x00232dc0,0x40
sub_232DC0,0x00232dc0,0x00232e20,0x60
obj_spawn_sequence_tick,0x00232e20,0x00233044,0x224
vtable_dispatch_k_0,0x00233050,0x0023308c,0x3c
obj_collision_hit_response,0x00233090,0x0023320c,0x17c
noop_z_120,0x00233210,0x00233218,0x8
return_const_1_z_34,0x00233220,0x00233228,0x8
fighter_check_attack_flag,0x00233230,0x00233280,0x50
noop_wrapper_z_194,0x00233280,0x00233288,0x8
get_field_val___,0x00233290,0x00233298,0x8
return_zero_z_85,0x002332a0,0x002332a8,0x8
return_zero_z_86,0x002332b0,0x002332b8,0x8
euler_to_quat_o_0,0x002332c0,0x00233550,0x290
mem_fill_z_128,0x00233550,0x00233614,0xc4
sub_233620,0x00233620,0x002336cc,0xac
mem_fill_z_129,0x002336d0,0x00233940,0x270
return_const_2_i,0x00233940,0x00233948,0x8
vtable_dispatch___36_clone_01,0x00233950,0x002339b0,0x60
wrap_euler_to_quat_o_0,0x002339b0,0x002339bc,0xc
wrap_sub_233050,0x002339c0,0x002339c8,0x8
vtable_dispatch_o_0_clone_78,0x002339d0,0x002339e8,0x18
return_const_28_b,0x002339f0,0x002339f8,0x8
return_const_3_c,0x00233a00,0x00233a08,0x8
sub_233A10,0x00233a10,0x00233a70,0x60
pass_identity_d_clone_99,0x00233a70,0x00233ab8,0x48
sub_233AC0,0x00233ac0,0x00233bd4,0x114
mem_fill_z_221_clone_08,0x00233be0,0x00233e14,0x234
noop_z_121,0x00233e20,0x00233e28,0x8
vtable_dispatch_o_0_clone_79,0x00233e30,0x00233e48,0x18
sub_233E50,0x00233e50,0x00233eb0,0x60
pass_identity_d_clone_100,0x00233eb0,0x00233ef8,0x48
Entity_ResetBattleState_clone_07,0x00233f00,0x00234018,0x118
mem_fill_z_55_clone_10,0x00234020,0x002344fc,0x4dc
sub_234500,0x00234500,0x00234598,0x98
wrap_obj_get_anim_entry_e,0x002345a0,0x002345cc,0x2c
vtable_dispatch_o_0_clone_80,0x002345d0,0x002345e8,0x18
sub_2345F0,0x002345f0,0x00234650,0x60
pass_identity_d_clone_101,0x00234650,0x00234698,0x48
obj_is_flag4_clear_clone_02,0x002346a0,0x002346b8,0x18
wrap_move_input_advance_a_e,0x002346c0,0x002346d0,0x10
wrap_move_input_advance_a_f,0x002346d0,0x002346e0,0x10
sub_2346E0,0x002346e0,0x00234750,0x70
pass_identity_d_clone_102,0x00234750,0x00234798,0x48
curve_interp_call___04,0x002347a0,0x002349a8,0x208
sub_2349B0,0x002349b0,0x00234cf8,0x348
noop_z_122,0x00234d00,0x00234d08,0x8
vtable_dispatch_o_0_clone_81,0x00234d10,0x00234d28,0x18
mem_fill_z_55_clone_11,0x00234d30,0x00234eb4,0x184
sub_234EC0,0x00234ec0,0x00234f20,0x60
pass_identity_d_clone_103,0x00234f20,0x00234f68,0x48
sub_234F70,0x00234f70,0x002350b0,0x140
obj_sub_ca60_clone_10,0x002350b0,0x00235260,0x1b0
noop_z_123,0x00235260,0x00235268,0x8
wrap_sub_235270,0x00235270,0x00235288,0x18
mem_fill_z_31_clone_14,0x00235290,0x002353bc,0x12c
sub_2353C0,0x002353c0,0x00235420,0x60
return_const_1_z_35,0x00235420,0x00235428,0x8
pass_identity_d_clone_104,0x00235430,0x00235478,0x48
curve_interp_call___05,0x00235480,0x00235604,0x184
mem_fill_z_130,0x00235610,0x00235af0,0x4e0
vec3f_not_equal_clone_01,0x00235af0,0x00235b64,0x74
vtable_dispatch_o_0_clone_82,0x00235b70,0x00235b88,0x18
mem_fill_z_131,0x00235b90,0x00235f40,0x3b0
sub_235F40,0x00235f40,0x00235fa0,0x60
pass_identity_d_clone_105,0x00235fa0,0x00235fe8,0x48
sub_235FF0,0x00235ff0,0x00236148,0x158
sub_236150,0x00236150,0x002362e4,0x194
noop_z_124,0x002362f0,0x002362f8,0x8
sub_236300,0x00236300,0x00236380,0x80
str_copy_n_e_clone_41,0x00236380,0x00236490,0x110
sub_236490,0x00236490,0x002364f0,0x60
pass_identity_d_clone_106,0x002364f0,0x00236538,0x48
sub_236540,0x00236540,0x00236698,0x158
state_byte_transition_j,0x002366a0,0x00236b94,0x4f4
wrap_sub_229120_clone_11,0x00236ba0,0x00236bb0,0x10
vtable_dispatch_o_0_clone_83,0x00236bb0,0x00236bc8,0x18
return_zero_z_87,0x00236bd0,0x00236bd8,0x8
noop_wrapper_z_195,0x00236be0,0x00236bfc,0x1c
sub_236C00,0x00236c00,0x00236c60,0x60
pass_identity_d_clone_107,0x00236c60,0x00236ca8,0x48
sub_236CB0,0x00236cb0,0x00236df0,0x140
mem_fill_z_231_0,0x00236df0,0x00236fc8,0x1d8
noop_wrapper___,0x00236fd0,0x00237024,0x54
wrap_sub_237030,0x00237030,0x00237048,0x18
sub_237050,0x00237050,0x002370b0,0x60
sub_2370B0,0x002370b0,0x00237144,0x94
sub_237150,0x00237150,0x002371d0,0x80
obj_set_field_pair___,0x002371d0,0x0023720c,0x3c
sub_237210,0x00237210,0x00237280,0x70
sub_237280,0x00237280,0x0023729c,0x1c
sub_2372A0,0x002372a0,0x00237344,0xa4
obj_set_field_pair___,0x00237350,0x0023738c,0x3c
sub_237390,0x00237390,0x00237400,0x70
pass_identity_d_clone_108,0x00237400,0x00237448,0x48
sub_237450,0x00237450,0x0023756c,0x11c
mem_compare_n_0_clone_21,0x00237570,0x00237aa8,0x538
sub_237AB0,0x00237ab0,0x00237b70,0xc0
vtable_dispatch_o_0_clone_84,0x00237b70,0x00237b88,0x18
mem_compare_n_0_clone_22,0x00237b90,0x0023816c,0x5dc
mem_compare_n_0_clone_23,0x00238170,0x002382c8,0x158
sub_2382D0,0x002382d0,0x00238330,0x60
return_const_1_z_36,0x00238330,0x00238338,0x8
HankakuToZenkaku_clone_04,0x00238340,0x00238378,0x38
sub_238380,0x00238380,0x002383d0,0x50
vtable_dispatch_o_0_clone_85,0x002383d0,0x002383e8,0x18
wrap_anim_track_start_a_q,0x002383f0,0x002383fc,0xc
wrap_anim_track_start_a_0_clone_03,0x00238400,0x0023840c,0xc
wrap_anim_track_start_c_0_clone_02,0x00238410,0x00238420,0x10
wrap_anim_track_start_c_0_clone_03,0x00238420,0x00238430,0x10
wrap_anim_track_start_c_0_clone_04,0x00238430,0x00238440,0x10
sub_238440,0x00238440,0x002384b0,0x70
return_const_17_c,0x002384b0,0x002384b8,0x8
return_const_2_j,0x002384c0,0x002384c8,0x8
sub_2384D0,0x002384d0,0x00238540,0x70
noop_wrapper_z_196,0x00238540,0x00238558,0x18
sub_238560,0x00238560,0x002385d0,0x70
vtable_dispatch___36_clone_02,0x002385d0,0x00238630,0x60
wrap_euler_to_quat_o_0_clone_01,0x00238630,0x0023863c,0xc
j_vtable_dispatch_k_0,0x00238640,0x00238648,0x8
wrap_sub_238650,0x00238650,0x00238668,0x18
return_const_22,0x00238670,0x00238678,0x8
gp_field_get_z_9,0x00238680,0x00238688,0x8
sub_238690,0x00238690,0x002386f0,0x60
vtable_dispatch___36_clone_03,0x002386f0,0x00238750,0x60
wrap_euler_to_quat_o_0_clone_02,0x00238750,0x0023875c,0xc
j_vtable_dispatch_k_0_0,0x00238760,0x00238768,0x8
wrap_sub_238770,0x00238770,0x00238788,0x18
return_const_21,0x00238790,0x00238798,0x8
gp_field_get_z_10,0x002387a0,0x002387a8,0x8
sub_2387B0,0x002387b0,0x00238810,0x60
vtable_dispatch___36_clone_04,0x00238810,0x00238870,0x60
wrap_euler_to_quat_o_0_clone_03,0x00238870,0x0023887c,0xc
j_vtable_dispatch_k_0_1,0x00238880,0x00238888,0x8
wrap_sub_238890,0x00238890,0x002388a8,0x18
return_const_25_b,0x002388b0,0x002388b8,0x8
gp_field_get_z_11,0x002388c0,0x002388c8,0x8
sub_2388D0,0x002388d0,0x00238930,0x60
vtable_dispatch___36_clone_05,0x00238930,0x00238990,0x60
wrap_euler_to_quat_o_0_clone_04,0x00238990,0x0023899c,0xc
wrap_sub_233050_b,0x002389a0,0x002389a8,0x8
vtable_dispatch_o_0_clone_86,0x002389b0,0x002389c8,0x18
return_const_19,0x002389d0,0x002389d8,0x8
gp_field_get_z_12,0x002389e0,0x002389e8,0x8
sub_2389F0,0x002389f0,0x00238a50,0x60
vtable_dispatch___36_clone_06,0x00238a50,0x00238ab0,0x60
wrap_euler_to_quat_o_0_b,0x00238ab0,0x00238abc,0xc
wrap_sub_233050_c,0x00238ac0,0x00238ac8,0x8
vtable_dispatch_o_0_clone_87,0x00238ad0,0x00238ae8,0x18
return_const_23,0x00238af0,0x00238af8,0x8
gp_field_get_z_13,0x00238b00,0x00238b08,0x8
sub_238B10,0x00238b10,0x00238b70,0x60
wrap_anim_track_start_a_r,0x00238b70,0x00238ba4,0x34
sub_238BB0,0x00238bb0,0x00238c20,0x70
wrap_anim_track_start_a_s,0x00238c20,0x00238c2c,0xc
wrap_anim_track_start_a_t,0x00238c30,0x00238c3c,0xc
sub_238C40,0x00238c40,0x00238cb0,0x70
vtable_dispatch_o_0_clone_88,0x00238cb0,0x00238cc8,0x18
noop_wrapper_z_197,0x00238cd0,0x00238cf0,0x20
wrap_anim_track_start_a_u,0x00238cf0,0x00238cfc,0xc
wrap_anim_track_start_a_v,0x00238d00,0x00238d0c,0xc
wrap_anim_track_start_c_l,0x00238d10,0x00238d20,0x10
wrap_anim_track_start_c_m,0x00238d20,0x00238d30,0x10
sub_238D30,0x00238d30,0x00238da0,0x70
get_data_ptr_z_26,0x00238da0,0x00238dac,0xc
wrap_anim_track_start_a_w,0x00238db0,0x00238dbc,0xc
wrap_anim_track_start_a_x,0x00238dc0,0x00238dcc,0xc
wrap_anim_track_start_a_y,0x00238dd0,0x00238ddc,0xc
wrap_anim_track_start_a_z,0x00238de0,0x00238dec,0xc
wrap_anim_track_start_a_z_0,0x00238df0,0x00238dfc,0xc
wrap_anim_track_start_a_z_1,0x00238e00,0x00238e0c,0xc
wrap_anim_track_start_b_m,0x00238e10,0x00238e20,0x10
wrap_anim_track_start_b_n,0x00238e20,0x00238e30,0x10
wrap_anim_track_start_c_n,0x00238e30,0x00238e40,0x10
sub_238E40,0x00238e40,0x00238eb0,0x70
pass_identity_d_clone_109,0x00238eb0,0x00238ef8,0x48
vtable_dispatch_o_0_clone_89,0x00238f00,0x00238f18,0x18
vtable_dispatch_o_0_clone_90,0x00238f20,0x00238f38,0x18
sub_238F40,0x00238f40,0x00238fb0,0x70
pass_identity_d_clone_110,0x00238fb0,0x00238ff8,0x48
wrap_anim_track_start_a_0_clone_04,0x00239000,0x0023900c,0xc
sub_239010,0x00239010,0x00239080,0x70
pass_identity_d_clone_111,0x00239080,0x002390c8,0x48
wrap_anim_track_start_a_z_2,0x002390d0,0x002390dc,0xc
sub_2390E0,0x002390e0,0x00239150,0x70
noop_seq_singleton_lazy_init___7,0x00239150,0x00239194,0x44
scene_graph_flush_clone_05,0x002391a0,0x002399ac,0x80c
noop_wrapper_z_198,0x002399b0,0x002399c8,0x18
noop_wrapper___,0x002399d0,0x00239a04,0x34
noop_wrapper_z_199,0x00239a10,0x00239a28,0x18
sub_239A30,0x00239a30,0x00239aa0,0x70
sub_239AA0,0x00239aa0,0x00239cb4,0x214
sub_239CC0,0x00239cc0,0x00239d20,0x60
obj_ctor_init___,0x00239d20,0x00239d90,0x70
obj_ctor_init___,0x00239d90,0x00239e00,0x70
move_input_advance_b_clone_06,0x00239e00,0x00239ed4,0xd4
sub_239EE0,0x00239ee0,0x00239f34,0x54
move_input_advance_b_clone_07,0x00239f40,0x0023a014,0xd4
sub_23A020,0x0023a020,0x0023a074,0x54
obj_get_sub_entry_field,0x0023a080,0x0023a098,0x18
timer_field_get,0x0023a0a0,0x0023a0b0,0x10
noop_wrapper___,0x0023a0b0,0x0023a0d0,0x20
mem_fill_z_31_clone_15,0x0023a0d0,0x0023a38c,0x2bc
sub_23A390,0x0023a390,0x0023a3f0,0x60
sub_23A3F0,0x0023a3f0,0x0023a56c,0x17c
obj_update_camera_and_flags,0x0023a570,0x0023a6c4,0x154
obj_set_flag_imm,0x0023a6d0,0x0023a6e8,0x18
vtable_dispatch___09,0x0023a6f0,0x0023a79c,0xac
noop_z_125,0x0023a7a0,0x0023a7a8,0x8
noop_z_126,0x0023a7b0,0x0023a7b8,0x8
noop_z_127,0x0023a7c0,0x0023a7c8,0x8
sub_23A7D0,0x0023a7d0,0x0023a848,0x78
noop_z_128,0x0023a850,0x0023a858,0x8
noop_z_129,0x0023a860,0x0023a868,0x8
noop_z_130,0x0023a870,0x0023a878,0x8
vtable_dispatch___10_0,0x0023a880,0x0023a92c,0xac
noop_z_131,0x0023a930,0x0023a938,0x8
noop_z_132,0x0023a940,0x0023a948,0x8
noop_z_133,0x0023a950,0x0023a958,0x8
obj_set_field_pair_c,0x0023a960,0x0023a974,0x14
wrap_counter_inc64_b,0x0023a980,0x0023a9c8,0x48
vtable_dispatch___,0x0023a9d0,0x0023a9e0,0x10
noop_z_134,0x0023a9e0,0x0023a9e8,0x8
sub_23A9F0,0x0023a9f0,0x0023acac,0x2bc
j_singleton_get_battle_mgr,0x0023acb0,0x0023acb8,0x8
obj_flag_conditional_set_e,0x0023acc0,0x0023acf0,0x30
flags_test_mask_g,0x0023acf0,0x0023ad00,0x10
singleton_sub_2be0_clone_01,0x0023ad00,0x0023ad7c,0x7c
sub_23AD80,0x0023ad80,0x0023ae0c,0x8c
scene_swap_active_node,0x0023ae10,0x0023aee0,0xd0
vtable_dispatch___,0x0023aee0,0x0023aef0,0x10
vtable_dispatch___,0x0023aef0,0x0023af04,0x14
vtable_dispatch___,0x0023af10,0x0023af24,0x14
obj_set_collision_capsule,0x0023af30,0x0023b2b8,0x388
sub_23B2C0,0x0023b2c0,0x0023b378,0xb8
vtable_dispatch___,0x0023b380,0x0023b3c0,0x40
obj_tick_state_machine,0x0023b3e0,0x0023b9f0,0x610
sub_23B9F0,0x0023b9f0,0x0023bd08,0x318
obj_set_field_byte___,0x0023bd10,0x0023bd18,0x8
obj_spawn_effect,0x0023bd20,0x0023bd88,0x68
obj_ctor_char_slot,0x0023bd90,0x0023be60,0xd0
get_data_ptr_z_27,0x0023be60,0x0023be6c,0xc
sub_23BE70,0x0023be70,0x0023bed0,0x60
gp_field_get_z_14,0x0023bed0,0x0023bed8,0x8
get_data_ptr_z_28,0x0023bee0,0x0023beec,0xc
get_data_ptr_z_29,0x0023bef0,0x0023befc,0xc
get_data_ptr_z_30,0x0023bf00,0x0023bf0c,0xc
obj_ctor_init___,0x0023bf10,0x0023bf90,0x80
obj_ctor_init___,0x0023bf90,0x0023c000,0x70
singleton_lazy_init___,0x0023c000,0x0023c0d4,0xd4
sub_23C100,0x0023c100,0x0023c160,0x60
obj_set_fields_u_0,0x0023c160,0x0023c180,0x20
stack_pop,0x0023c180,0x0023c1c4,0x44
stack_push,0x0023c1d0,0x0023c1f4,0x24
singleton_lazy_init___,0x0023c200,0x0023c2d4,0xd4
obj_ctor_init___234_0,0x0023c300,0x0023c390,0x90
obj_sub_c390,0x0023c390,0x0023c3c4,0x34
stack_pop_b,0x0023c450,0x0023c494,0x44
pool_entry_push_q,0x0023c4a0,0x0023c4c4,0x24
wrap_obj_update_curve_interp_d_clone_03,0x0023c4d0,0x0023c50c,0x3c
obj_sub_ca60_clone_11,0x0023c510,0x0023c584,0x74
wrap_tree_walk_masked,0x0023c590,0x0023c5a8,0x18
wrap_noop_wrapper___675,0x0023c5b0,0x0023c5d0,0x20
obj_attach_particle,0x0023c5d0,0x0023c634,0x64
sub_23C640,0x0023c640,0x0023c6c8,0x88
return_const_1_z_37,0x0023c6d0,0x0023c6d8,0x8
wrap_obj_activate_up,0x0023c6e0,0x0023c71c,0x3c
noop_z_135,0x0023c720,0x0023c728,0x8
gp_field_get_z_15,0x0023c730,0x0023c738,0x8
gp_field_get_z_16,0x0023c740,0x0023c748,0x8
return_zero_z_88,0x0023c750,0x0023c758,0x8
noop_z_136,0x0023c760,0x0023c768,0x8
noop_z_137,0x0023c770,0x0023c778,0x8
return_zero_z_89,0x0023c780,0x0023c788,0x8
return_zero_z_90,0x0023c790,0x0023c798,0x8
noop_z_138,0x0023c7a0,0x0023c7a8,0x8
obj_set_fields___,0x0023c7b0,0x0023c7c8,0x18
sub_23C7D0,0x0023c7d0,0x0023cb60,0x390
noop_wrapper___,0x0023cb60,0x0023cb80,0x20
euler_to_quat_0_clone_02,0x0023cb80,0x0023d338,0x7b8
obj_ctor_init___,0x0023d340,0x0023d3c4,0x84
obj_set_fields___,0x0023d3d0,0x0023d3f8,0x28
sub_23D400,0x0023d400,0x0023d47c,0x7c
obj_set_flag_g,0x0023d480,0x0023d490,0x10
get_field_val___,0x0023d490,0x0023d498,0x8
j_obj_list_find_by_flags,0x0023d4a0,0x0023d4a8,0x8
flags_test_mask_h,0x0023d4b0,0x0023d4c0,0x10
flags_test_mask_i,0x0023d4c0,0x0023d4d0,0x10
flags_test_mask_j,0x0023d4d0,0x0023d4e0,0x10
flags_test_mask_k,0x0023d4e0,0x0023d4f0,0x10
obj_set_field_byte___,0x0023d4f0,0x0023d4f8,0x8
vtable_dispatch___,0x0023d500,0x0023d514,0x14
obj_set_field_pair___,0x0023d520,0x0023d52c,0xc
obj_ctor_with_vec_init_c,0x0023d530,0x0023d650,0x120
obj_set_field_pair___,0x0023d650,0x0023d65c,0xc
noop_wrapper_z_200,0x0023d660,0x0023d670,0x10
sub_23D670,0x0023d670,0x0023d7f0,0x180
obj_entry_get_offset40,0x0023d7f0,0x0023d7f8,0x8
obj_entry_get_offset30,0x0023d800,0x0023d808,0x8
obj_ctor_init___,0x0023d810,0x0023d838,0x28
sub_23D860,0x0023d860,0x0023d8d0,0x70
obj_ctor_with_vec_init,0x0023d8d0,0x0023d9f4,0x124
pool_entry_pop_c,0x0023da00,0x0023da44,0x44
pool_entry_push_c,0x0023da50,0x0023da74,0x24
singleton_lazy_init___,0x0023da80,0x0023db54,0xd4
obj_sub_ca60_clone_12,0x0023db60,0x0023dba8,0x48
sub_23DBB0,0x0023dbb0,0x0023dc2c,0x7c
noop_z_139,0x0023dc30,0x0023dc38,0x8
scene_node_build_tree,0x0023dc40,0x0023df28,0x2e8
noop_z_140,0x0023df30,0x0023df38,0x8
obj_call_vtable34,0x0023df40,0x0023df68,0x28
noop_z_141,0x0023df70,0x0023df78,0x8
scene_node_attach_overlay,0x0023df80,0x0023e0cc,0x14c
scene_node_attach_shadow,0x0023e0d0,0x0023e1d0,0x100
tree_attach_and_walk,0x0023e1d0,0x0023e214,0x44
timer_field_get,0x0023e220,0x0023e230,0x10
wrap_tree_walk_masked,0x0023e230,0x0023e248,0x18
wrap_noop_wrapper___675_b,0x0023e250,0x0023e270,0x20
gp_field_get_z_17,0x0023e270,0x0023e278,0x8
sub_23E2A0,0x0023e2a0,0x0023e300,0x60
pool_entry_pop__,0x0023e300,0x0023e344,0x44
pool_entry_push_r,0x0023e350,0x0023e374,0x24
singleton_lazy_init___,0x0023e380,0x0023e454,0xd4
obj_ctor_init___,0x0023e460,0x0023e47c,0x1c
gp_field_get_z_18,0x0023e480,0x0023e488,0x8
pool_entry_pop__,0x0023e4b0,0x0023e4f4,0x44
pool_entry_push_s,0x0023e500,0x0023e524,0x24
pool_entry_pop___,0x0023e550,0x0023e594,0x44
pool_entry_push_t,0x0023e5a0,0x0023e5c4,0x24
singleton_lazy_init___,0x0023e5d0,0x0023e68c,0xbc
singleton_lazy_init_,0x0023e690,0x0023e74c,0xbc
singleton_lazy_init___,0x0023e750,0x0023e890,0x140
sub_23E890,0x0023e890,0x0023ea9c,0x20c
pool_entry_push_u,0x0023eaa0,0x0023eac4,0x24
singleton_lazy_init___,0x0023ead0,0x0023ec10,0x140
sub_23EC10,0x0023ec10,0x0023ee1c,0x20c
pool_entry_push_v,0x0023ee20,0x0023ee44,0x24
wrap_obj_set_flag,0x0023ee50,0x0023ee70,0x20
mem_fill_z_132,0x0023ee70,0x0023f7f4,0x984
CAppDemoMainAlt_Begin_clone_01,0x0023f800,0x0023f8dc,0xdc
sub_23F8E0,0x0023f8e0,0x0023fb5c,0x27c
sub_23FB60,0x0023fb60,0x0023fbb8,0x58
noop_seq_var_10_x,0x0023fbc0,0x0023fbf8,0x38
vtable_dispatch___36_clone_07,0x0023fc00,0x0023fca0,0xa0
sub_23FCA0,0x0023fca0,0x0023fd20,0x80
obj_ctor_init_n_clone_08,0x0023fd20,0x0023fe04,0xe4
pool_entry_pop___,0x0023fe10,0x002401d8,0x3c8
pool_entry_push_b_0_clone_04,0x002401e0,0x002402b4,0xd4
wrap_counter_inc64_c,0x002402c0,0x002402c8,0x8
wrap_obj_set_flag_imm,0x002402d0,0x00240308,0x38
scene_node_requeue_clone_06,0x00240310,0x002403ac,0x9c
pool_entry_pop___,0x002403b0,0x002404bc,0x10c
pool_entry_pop___,0x002404c0,0x00240668,0x1a8
obj_set_fields_e_2,0x00240670,0x002406e0,0x70
noop_wrapper___,0x002406e0,0x002406f4,0x14
noop_wrapper___,0x00240700,0x0024070c,0xc
noop_wrapper___,0x00240710,0x00240724,0x14
noop_wrapper___,0x00240730,0x0024073c,0xc
noop_wrapper___,0x00240740,0x00240748,0x8
obj_flag_conditional_set_f,0x00240750,0x00240780,0x30
flags_test_mask_l,0x00240780,0x00240790,0x10
get_data_ptr_z_31,0x00240790,0x0024079c,0xc
noop_z_142,0x002407a0,0x002407a8,0x8
pool_entry_pop___,0x002407d0,0x00240814,0x44
pool_entry_push_w,0x00240820,0x00240844,0x24
singleton_lazy_init___,0x00240850,0x0024093c,0xec
noop_wrapper___,0x00240940,0x00240974,0x34
pool_entry_pop_,0x002409a0,0x002409e4,0x44
pool_entry_push_x,0x002409f0,0x00240a14,0x24
singleton_lazy_init___,0x00240a20,0x00240acc,0xac
noop_wrapper___,0x00240ad0,0x00240b04,0x34
sub_240B30,0x00240b30,0x00240ba0,0x70
pool_entry_pop___,0x00240ba0,0x00240be4,0x44
pool_entry_push_y,0x00240bf0,0x00240c14,0x24
singleton_lazy_init___,0x00240c20,0x00240d08,0xe8
sub_240D10,0x00240d10,0x00240d74,0x64
sub_240D80,0x00240d80,0x00240e08,0x88
obj_set_fields___,0x00240e10,0x00240e34,0x24
obj_ctor_init___235_0,0x00240e40,0x00240ea4,0x64
obj_set_field_byte___,0x00240eb0,0x00240eb8,0x8
obj_lerp_angle_to_target_clone_01,0x00240ec0,0x00241144,0x284
state_byte_transition__clone_04,0x00241150,0x00241200,0xb0
mem_fill_z_232_0,0x00241200,0x00241348,0x148
sub_241350,0x00241350,0x002413bc,0x6c
vtable_dispatch___,0x002413c0,0x00241400,0x40
sub_241400,0x00241400,0x00241488,0x88
sub_241490,0x00241490,0x002414d8,0x48
sub_2414E0,0x002414e0,0x002415b4,0xd4
sub_2415C0,0x002415c0,0x002416e8,0x128
noop_wrapper___,0x002416f0,0x00241710,0x20
sub_241710,0x00241710,0x00241790,0x80
gp_field_get_z_19,0x00241790,0x00241798,0x8
pool_entry_pop_e_clone_01,0x002417a0,0x0024188c,0xec
gp_field_get_z_20,0x00241890,0x00241898,0x8
obj_ctor_init___,0x002418a0,0x00241904,0x64
sound_play_if_in_range,0x00241910,0x00241bac,0x29c
singleton_lazy_init___,0x00241bb0,0x00241c84,0xd4
pool_entry_pop___,0x00241cd0,0x00241d14,0x44
pool_entry_push_z,0x00241d20,0x00241d44,0x24
obj_sub_ca60_clone_13,0x00241d50,0x00241d98,0x48
obj_sub_ca60_clone_14,0x00241da0,0x00241de8,0x48
set_field_byte_imm,0x00241df0,0x00241dfc,0xc
sub_241E00,0x00241e00,0x00241e88,0x88
mem_fill_z_259_0,0x00241e90,0x00241ff0,0x160
get_field_val_z_61,0x00241ff0,0x00241ff8,0x8
return_const_1_z_38,0x00242000,0x00242008,0x8
pass_identity_c_0,0x00242010,0x00242018,0x8
return_const_2_k,0x00242020,0x00242028,0x8
noop_wrapper_z_201,0x00242030,0x00242044,0x14
return_const_2_l,0x00242050,0x00242058,0x8
noop_wrapper_z_202,0x00242060,0x00242074,0x14
noop_wrapper_z_203,0x00242080,0x00242094,0x14
return_const_3_d,0x002420a0,0x002420a8,0x8
noop_wrapper_z_204,0x002420b0,0x002420c4,0x14
noop_wrapper_z_205,0x002420d0,0x002420e4,0x14
noop_wrapper_z_206,0x002420f0,0x00242104,0x14
noop_wrapper_z_207,0x00242110,0x00242124,0x14
noop_wrapper_z_208,0x00242130,0x00242144,0x14
gp_field_get_z_21,0x00242150,0x00242158,0x8
return_zero_z_91,0x00242160,0x00242168,0x8
noop_wrapper_z_209,0x00242170,0x002421a4,0x34
noop_wrapper_z_210,0x002421b0,0x002421cc,0x1c
noop_wrapper_z_211,0x002421d0,0x002421e4,0x14
noop_wrapper_z_212,0x002421f0,0x00242204,0x14
noop_wrapper_z_213,0x00242210,0x00242224,0x14
noop_wrapper_z_214,0x00242230,0x00242244,0x14
get_data_ptr_e_0,0x00242250,0x0024225c,0xc
mem_fill_z_133,0x00242260,0x00242430,0x1d0
noop_z_143,0x00242430,0x00242438,0x8
noop_z_144,0x00242440,0x00242448,0x8
sub_242450,0x00242450,0x0024265c,0x20c
sub_242660,0x00242660,0x002426a8,0x48
sub_2426B0,0x002426b0,0x00242850,0x1a0
noop_z_145,0x00242850,0x00242858,0x8
j_obj_update_camera_and_flags,0x00242860,0x00242868,0x8
return_zero_z_92,0x00242870,0x00242878,0x8
wrap_obj_ctor_char_slot,0x00242880,0x002428bc,0x3c
get_data_ptr_z_32,0x002428c0,0x002428cc,0xc
obj_ctor_init___,0x002428d0,0x00242940,0x70
obj_ctor_init_,0x00242940,0x002429b0,0x70
obj_ctor_init___,0x002429b0,0x00242a20,0x70
obj_ctor_init___,0x00242a20,0x00242a90,0x70
obj_ctor_init___,0x00242a90,0x00242b00,0x70
obj_ctor_init___,0x00242b00,0x00242b70,0x70
obj_ctor_init___,0x00242b70,0x00242be0,0x70
obj_ctor_init___,0x00242be0,0x00242c50,0x70
obj_ctor_init___,0x00242c50,0x00242cc0,0x70
obj_ctor_init___,0x00242cc0,0x00242d40,0x80
obj_ctor_init___,0x00242d40,0x00242dc0,0x80
obj_ctor_init___,0x00242dc0,0x00242e30,0x70
obj_ctor_init___,0x00242e30,0x00242eb0,0x80
obj_ctor_init___,0x00242eb0,0x00242f30,0x80
obj_ctor_init___,0x00242f30,0x00242fb0,0x80
obj_ctor_init___,0x00242fb0,0x00243030,0x80
obj_ctor_init___,0x00243030,0x002430b0,0x80
obj_ctor_init___,0x002430b0,0x00243130,0x80
obj_ctor_init___,0x00243130,0x002431b0,0x80
obj_ctor_init___,0x002431b0,0x00243230,0x80
obj_ctor_init___,0x00243230,0x002432b0,0x80
obj_ctor_init___,0x002432b0,0x00243330,0x80
obj_ctor_init___,0x00243330,0x002433b0,0x80
obj_ctor_init___,0x002433b0,0x00243430,0x80
obj_ctor_init___,0x00243430,0x002434b0,0x80
obj_ctor_init___,0x002434b0,0x00243530,0x80
obj_ctor_init___,0x00243530,0x002435b0,0x80
obj_ctor_init___,0x002435b0,0x00243630,0x80
obj_ctor_init___,0x00243630,0x002436a0,0x70
obj_ctor_init___,0x002436a0,0x00243710,0x70
obj_ctor_init___,0x00243710,0x00243790,0x80
obj_ctor_init___,0x00243790,0x00243810,0x80
obj_ctor_init___,0x00243810,0x00243890,0x80
obj_ctor_init___,0x00243890,0x00243910,0x80
obj_ctor_init___,0x00243910,0x00243990,0x80
obj_ctor_init___,0x00243990,0x00243a10,0x80
obj_ctor_init___,0x00243a10,0x00243a90,0x80
obj_ctor_init___,0x00243a90,0x00243b10,0x80
obj_ctor_init___,0x00243b10,0x00243b90,0x80
obj_ctor_init___,0x00243b90,0x00243c10,0x80
obj_ctor_init___,0x00243c10,0x00243c90,0x80
obj_ctor_init___,0x00243c90,0x00243d10,0x80
obj_ctor_init___,0x00243d10,0x00243d90,0x80
obj_ctor_init___,0x00243d90,0x00243e10,0x80
particle_debris_init_b,0x00243e10,0x00244a2c,0xc1c
quat_from_neg_euler,0x00244a30,0x00244a4c,0x1c
get_field_ptr_b,0x00244a50,0x00244a58,0x8
return_zero_z_93,0x00244a60,0x00244a68,0x8
debris_tick_i,0x00244a70,0x00244e40,0x3d0
quat_normalize,0x00244e40,0x00244ec4,0x84
quat_apply_to_vec,0x00244ed0,0x00244f14,0x44
mem_fill_z_134,0x00244f20,0x00244fa8,0x88
obj_set_quat_at30,0x00244fb0,0x00244fd4,0x24
noop_z_146,0x00244fe0,0x00244fe8,0x8
obj_play_sound_at_node,0x00244ff0,0x0024502c,0x3c
obj_play_sound_at_node_b,0x00245030,0x0024506c,0x3c
gp_field_get_z_22,0x00245070,0x00245078,0x8
euler_to_quat_p_0_clone_04,0x00245080,0x00245a74,0x9f4
return_zero_z_94,0x00245a80,0x00245a88,0x8
return_zero_z_95,0x00245a90,0x00245a98,0x8
str_copy_n_e_clone_42,0x00245aa0,0x00245de0,0x340
noop_z_147,0x00245de0,0x00245de8,0x8
obj_play_sound_at_node,0x00245df0,0x00245e2c,0x3c
obj_play_sound_at_node_b,0x00245e30,0x00245e6c,0x3c
gp_field_get_z_23,0x00245e70,0x00245e78,0x8
wrap_tree_find_node,0x00245e80,0x00245ea4,0x24
obj_set_fields_z_57,0x00245eb0,0x00245f0c,0x5c
gp_field_get_z_24,0x00245f10,0x00245f18,0x8
get_data_ptr_z_33,0x00245f20,0x00245f2c,0xc
return_const_2_m,0x00245f30,0x00245f38,0x8
gp_field_get_z_25,0x00245f40,0x00245f48,0x8
particle_emitter_spawn,0x00245f50,0x00246a28,0xad8
return_zero_z_96,0x00246a30,0x00246a38,0x8
gp_field_get_z_26,0x00246a40,0x00246a48,0x8
debris_tick_a,0x00246a50,0x00246e2c,0x3dc
noop_z_148,0x00246e30,0x00246e38,0x8
obj_play_sound_at_node,0x00246e40,0x00246e7c,0x3c
obj_play_sound_at_node_b,0x00246e80,0x00246ebc,0x3c
return_const_1_z_39,0x00246ec0,0x00246ec8,0x8
singleton_lazy_init___,0x00246ed0,0x00247d18,0xe48
str_copy_n_e_clone_43,0x00247d20,0x002481e4,0x4c4
noop_z_149,0x002481f0,0x002481f8,0x8
obj_play_sound_at_node_c,0x00248200,0x0024823c,0x3c
obj_play_sound_at_node_d,0x00248240,0x0024827c,0x3c
wrap_tree_find_node_b,0x00248280,0x002482a4,0x24
obj_set_fields_z_58,0x002482b0,0x0024830c,0x5c
gp_field_get_z_27,0x00248310,0x00248318,0x8
get_data_ptr_z_34,0x00248320,0x0024832c,0xc
return_const_5_d,0x00248330,0x00248338,0x8
return_const_5_e,0x00248340,0x00248348,0x8
gp_field_get_z_28,0x00248350,0x00248358,0x8
wrap_tree_find_node_c,0x00248360,0x00248384,0x24
obj_set_fields_z_59,0x00248390,0x002483ec,0x5c
gp_field_get_z_29,0x002483f0,0x002483f8,0x8
get_data_ptr_z_35,0x00248400,0x0024840c,0xc
return_const_8,0x00248410,0x00248418,0x8
return_const_6_b,0x00248420,0x00248428,0x8
return_const_9_b,0x00248430,0x00248438,0x8
gp_field_get_z_30,0x00248440,0x00248448,0x8
obj_set_fields_z_60,0x00248450,0x002484ac,0x5c
gp_field_get_z_31,0x002484b0,0x002484b8,0x8
get_data_ptr_z_36,0x002484c0,0x002484cc,0xc
return_const_6_c,0x002484d0,0x002484d8,0x8
return_const_6_d,0x002484e0,0x002484e8,0x8
return_const_9_c,0x002484f0,0x002484f8,0x8
gp_field_get_z_32,0x00248500,0x00248508,0x8
wrap_tree_find_node_d,0x00248510,0x00248534,0x24
obj_set_fields_z_61,0x00248540,0x0024859c,0x5c
gp_field_get_z_33,0x002485a0,0x002485a8,0x8
get_data_ptr_z_37,0x002485b0,0x002485bc,0xc
return_const_8_b,0x002485c0,0x002485c8,0x8
return_const_6_e,0x002485d0,0x002485d8,0x8
return_const_9_d,0x002485e0,0x002485e8,0x8
gp_field_get_z_34,0x002485f0,0x002485f8,0x8
obj_set_fields_z_62,0x00248600,0x0024865c,0x5c
gp_field_get_z_35,0x00248660,0x00248668,0x8
get_data_ptr_z_38,0x00248670,0x0024867c,0xc
return_const_6_f,0x00248680,0x00248688,0x8
return_const_6_g,0x00248690,0x00248698,0x8
return_const_9_e,0x002486a0,0x002486a8,0x8
gp_field_get_z_36,0x002486b0,0x002486b8,0x8
wrap_tree_find_node_e,0x002486c0,0x002486e4,0x24
obj_set_fields_z_63,0x002486f0,0x0024874c,0x5c
gp_field_get_z_37,0x00248750,0x00248758,0x8
euler_to_quat_p_0,0x00248760,0x00248b7c,0x41c
sub_248B80,0x00248b80,0x00248da4,0x224
obj_play_sound_at_node_e,0x00248db0,0x00248dec,0x3c
obj_play_sound_at_node_f,0x00248df0,0x00248e50,0x60
gp_field_get_z_38,0x00248e50,0x00248e58,0x8
wrap_tree_find_node_f,0x00248e60,0x00248e84,0x24
obj_set_fields_z_64,0x00248e90,0x00248eec,0x5c
gp_field_get_z_39,0x00248ef0,0x00248ef8,0x8
return_zero_z_97,0x00248f00,0x00248f08,0x8
gp_field_get_z_40,0x00248f10,0x00248f18,0x8
sub_248F20,0x00248f20,0x00249148,0x228
euler_to_quat_q_0,0x00249150,0x00249608,0x4b8
gp_field_get_z_41,0x00249610,0x00249618,0x8
sub_249620,0x00249620,0x00249690,0x70
sub_249690,0x00249690,0x002498b8,0x228
euler_to_quat_r_0,0x002498c0,0x00249ce8,0x428
gp_field_get_z_42,0x00249cf0,0x00249cf8,0x8
sub_249D00,0x00249d00,0x00249d70,0x70
wrap_tree_find_node_g,0x00249d70,0x00249d94,0x24
obj_set_fields_z_65,0x00249da0,0x00249dfc,0x5c
gp_field_get_z_43,0x00249e00,0x00249e08,0x8
get_data_ptr_z_39,0x00249e10,0x00249e1c,0xc
return_const_5_f,0x00249e20,0x00249e28,0x8
return_const_3_e,0x00249e30,0x00249e38,0x8
gp_field_get_z_44,0x00249e40,0x00249e48,0x8
wrap_tree_find_node_h,0x00249e50,0x00249e74,0x24
obj_set_fields_z_66,0x00249e80,0x00249edc,0x5c
gp_field_get_z_45,0x00249ee0,0x00249ee8,0x8
get_data_ptr_z_40,0x00249ef0,0x00249efc,0xc
return_const_6_h,0x00249f00,0x00249f08,0x8
return_const_4_b,0x00249f10,0x00249f18,0x8
gp_field_get_z_46,0x00249f20,0x00249f28,0x8
wrap_tree_find_node_i,0x00249f30,0x00249f54,0x24
obj_set_fields_z_67,0x00249f60,0x00249fbc,0x5c
gp_field_get_z_47,0x00249fc0,0x00249fc8,0x8
get_data_ptr_z_41,0x00249fd0,0x00249fdc,0xc
return_const_7_b,0x00249fe0,0x00249fe8,0x8
return_const_5_g,0x00249ff0,0x00249ff8,0x8
gp_field_get_z_48,0x0024a000,0x0024a008,0x8
wrap_tree_find_node_j,0x0024a010,0x0024a034,0x24
obj_set_fields_z_68,0x0024a040,0x0024a09c,0x5c
gp_field_get_z_49,0x0024a0a0,0x0024a0a8,0x8
get_data_ptr_z_42,0x0024a0b0,0x0024a0bc,0xc
return_const_6_i,0x0024a0c0,0x0024a0c8,0x8
return_const_4_c,0x0024a0d0,0x0024a0d8,0x8
gp_field_get_z_50,0x0024a0e0,0x0024a0e8,0x8
wrap_tree_find_node_k,0x0024a0f0,0x0024a114,0x24
obj_set_fields_z_69,0x0024a120,0x0024a17c,0x5c
gp_field_get_z_51,0x0024a180,0x0024a188,0x8
get_data_ptr_z_43,0x0024a190,0x0024a19c,0xc
return_const_6_j,0x0024a1a0,0x0024a1a8,0x8
return_const_4_d,0x0024a1b0,0x0024a1b8,0x8
gp_field_get_z_52,0x0024a1c0,0x0024a1c8,0x8
wrap_tree_find_node_l,0x0024a1d0,0x0024a1f4,0x24
obj_set_fields_z_70,0x0024a200,0x0024a25c,0x5c
gp_field_get_z_53,0x0024a260,0x0024a268,0x8
get_data_ptr_z_44,0x0024a270,0x0024a27c,0xc
return_const_6_k,0x0024a280,0x0024a288,0x8
return_const_4_e,0x0024a290,0x0024a298,0x8
gp_field_get_z_54,0x0024a2a0,0x0024a2a8,0x8
particle_debris_init_c,0x0024a2b0,0x0024af74,0xcc4
return_zero_z_98,0x0024af80,0x0024af88,0x8
debris_tick_c,0x0024af90,0x0024b358,0x3c8
noop_z_150,0x0024b360,0x0024b368,0x8
obj_play_sound_at_node_c,0x0024b370,0x0024b3ac,0x3c
obj_play_sound_at_node_d,0x0024b3b0,0x0024b3ec,0x3c
gp_field_get_z_55,0x0024b3f0,0x0024b3f8,0x8
wrap_tree_find_node_m,0x0024b400,0x0024b424,0x24
obj_set_fields_z_71,0x0024b430,0x0024b48c,0x5c
gp_field_get_z_56,0x0024b490,0x0024b498,0x8
get_data_ptr_z_45,0x0024b4a0,0x0024b4ac,0xc
return_const_5_h,0x0024b4b0,0x0024b4b8,0x8
return_const_3_f,0x0024b4c0,0x0024b4c8,0x8
return_const_4_f,0x0024b4d0,0x0024b4d8,0x8
gp_field_get_z_57,0x0024b4e0,0x0024b4e8,0x8
wrap_tree_find_node_n,0x0024b4f0,0x0024b514,0x24
obj_set_fields_z_72,0x0024b520,0x0024b57c,0x5c
gp_field_get_z_58,0x0024b580,0x0024b588,0x8
get_data_ptr_z_46,0x0024b590,0x0024b59c,0xc
return_const_6_l,0x0024b5a0,0x0024b5a8,0x8
return_const_4_g,0x0024b5b0,0x0024b5b8,0x8
return_const_4_h,0x0024b5c0,0x0024b5c8,0x8
gp_field_get_z_59,0x0024b5d0,0x0024b5d8,0x8
wrap_tree_find_node_o,0x0024b5e0,0x0024b604,0x24
obj_set_fields_z_73,0x0024b610,0x0024b66c,0x5c
gp_field_get_z_60,0x0024b670,0x0024b678,0x8
return_zero_z_99,0x0024b680,0x0024b688,0x8
gp_field_get_z_61,0x0024b690,0x0024b698,0x8
mem_fill_z_135,0x0024b6a0,0x0024bd18,0x678
euler_to_quat_s_0,0x0024bd20,0x0024c1ac,0x48c
noop_z_151,0x0024c1b0,0x0024c1b8,0x8
wrap_tree_find_node_p,0x0024c1c0,0x0024c1e4,0x24
obj_set_fields_z_74,0x0024c1f0,0x0024c24c,0x5c
gp_field_get_z_62,0x0024c250,0x0024c258,0x8
sub_24C260,0x0024c260,0x0024c268,0x8
gp_field_get_z_63,0x0024c270,0x0024c278,0x8
wrap_tree_find_node_q,0x0024c280,0x0024c2a4,0x24
obj_set_fields_z_75,0x0024c2b0,0x0024c30c,0x5c
gp_field_get_z_64,0x0024c310,0x0024c318,0x8
return_zero_z_100,0x0024c320,0x0024c328,0x8
gp_field_get_z_65,0x0024c330,0x0024c338,0x8
sub_24C340,0x0024c340,0x0024cad4,0x794
return_zero_z_101,0x0024cae0,0x0024cae8,0x8
euler_to_quat_t,0x0024caf0,0x0024cf34,0x444
noop_z_152,0x0024cf40,0x0024cf48,0x8
obj_play_sound_at_node_g,0x0024cf50,0x0024cf8c,0x3c
obj_play_sound_at_node_h,0x0024cf90,0x0024cfcc,0x3c
gp_field_get_z_66,0x0024cfd0,0x0024cfd8,0x8
wrap_tree_find_node_r,0x0024cfe0,0x0024d004,0x24
obj_set_fields_z_76,0x0024d010,0x0024d06c,0x5c
gp_field_get_z_67,0x0024d070,0x0024d078,0x8
return_const_7_c,0x0024d080,0x0024d088,0x8
gp_field_get_z_68,0x0024d090,0x0024d098,0x8
euler_to_quat_u,0x0024d0a0,0x0024d9f4,0x954
str_copy_n_e_clone_44,0x0024da00,0x0024de9c,0x49c
noop_z_153,0x0024dea0,0x0024dea8,0x8
obj_play_sound_at_node_i,0x0024deb0,0x0024deec,0x3c
obj_play_sound_at_node_j,0x0024def0,0x0024df2c,0x3c
wrap_tree_find_node_s,0x0024df30,0x0024df54,0x24
obj_set_fields_z_77,0x0024df60,0x0024dfbc,0x5c
gp_field_get_z_69,0x0024dfc0,0x0024dfc8,0x8
gp_field_get_z_70,0x0024dfd0,0x0024dfd8,0x8
wrap_tree_find_node_t,0x0024dfe0,0x0024e004,0x24
obj_set_fields_z_78,0x0024e010,0x0024e06c,0x5c
gp_field_get_z_71,0x0024e070,0x0024e078,0x8
get_data_ptr_z_47,0x0024e080,0x0024e08c,0xc
return_const_5_i,0x0024e090,0x0024e098,0x8
return_const_4_i,0x0024e0a0,0x0024e0a8,0x8
return_const_3_g,0x0024e0b0,0x0024e0b8,0x8
gp_field_get_z_72,0x0024e0c0,0x0024e0c8,0x8
wrap_tree_find_node_u,0x0024e0d0,0x0024e0f4,0x24
obj_set_fields_z_79,0x0024e100,0x0024e15c,0x5c
gp_field_get_z_73,0x0024e160,0x0024e168,0x8
get_data_ptr_z_48,0x0024e170,0x0024e17c,0xc
return_const_8_c,0x0024e180,0x0024e188,0x8
return_const_8_d,0x0024e190,0x0024e198,0x8
return_const_11,0x0024e1a0,0x0024e1a8,0x8
gp_field_get_z_74,0x0024e1b0,0x0024e1b8,0x8
wrap_tree_find_node_v,0x0024e1c0,0x0024e1e4,0x24
obj_set_fields_z_80,0x0024e1f0,0x0024e24c,0x5c
gp_field_get_z_75,0x0024e250,0x0024e258,0x8
get_data_ptr_z_49,0x0024e260,0x0024e26c,0xc
return_const_6_m,0x0024e270,0x0024e278,0x8
return_const_6_n,0x0024e280,0x0024e288,0x8
return_const_11_b,0x0024e290,0x0024e298,0x8
gp_field_get_z_76,0x0024e2a0,0x0024e2a8,0x8
wrap_tree_find_node_w,0x0024e2b0,0x0024e2d4,0x24
obj_set_fields_z_81,0x0024e2e0,0x0024e33c,0x5c
gp_field_get_z_77,0x0024e340,0x0024e348,0x8
get_data_ptr_z_50,0x0024e350,0x0024e35c,0xc
return_const_7_d,0x0024e360,0x0024e368,0x8
return_const_7_e,0x0024e370,0x0024e378,0x8
return_const_11_c,0x0024e380,0x0024e388,0x8
gp_field_get_z_78,0x0024e390,0x0024e398,0x8
wrap_tree_find_node_x,0x0024e3a0,0x0024e3c4,0x24
obj_set_fields_z_82,0x0024e3d0,0x0024e42c,0x5c
gp_field_get_z_79,0x0024e430,0x0024e438,0x8
gp_field_get_z_80,0x0024e440,0x0024e448,0x8
wrap_tree_find_node_y,0x0024e450,0x0024e474,0x24
obj_set_fields_z_83,0x0024e480,0x0024e4dc,0x5c
gp_field_get_z_81,0x0024e4e0,0x0024e4e8,0x8
return_const_7_f,0x0024e4f0,0x0024e4f8,0x8
gp_field_get_z_82,0x0024e500,0x0024e508,0x8
slerp_quat_b,0x0024e510,0x0024f2f8,0xde8
return_zero_z_102,0x0024f300,0x0024f308,0x8
debris_tick_d,0x0024f310,0x0024f808,0x4f8
noop_z_154,0x0024f810,0x0024f818,0x8
obj_play_sound_at_node_e,0x0024f820,0x0024f85c,0x3c
obj_play_sound_at_node_f,0x0024f860,0x0024f89c,0x3c
gp_field_get_z_83,0x0024f8a0,0x0024f8a8,0x8
wrap_tree_find_node_z,0x0024f8b0,0x0024f8d4,0x24
obj_set_fields_z_84,0x0024f8e0,0x0024f93c,0x5c
gp_field_get_z_84,0x0024f940,0x0024f948,0x8
return_const_7_g,0x0024f950,0x0024f958,0x8
gp_field_get_z_85,0x0024f960,0x0024f968,0x8
wrap_tree_find_node__,0x0024f970,0x0024f994,0x24
obj_set_fields_z_85,0x0024f9a0,0x0024f9fc,0x5c
gp_field_get_z_86,0x0024fa00,0x0024fa08,0x8
get_data_ptr_z_51,0x0024fa10,0x0024fa1c,0xc
return_const_6_o,0x0024fa20,0x0024fa28,0x8
return_const_6_p,0x0024fa30,0x0024fa38,0x8
return_const_8_e,0x0024fa40,0x0024fa48,0x8
gp_field_get_z_87,0x0024fa50,0x0024fa58,0x8
mem_fill_z_136,0x0024fa60,0x0025080c,0xdac
str_copy_n_e_clone_45,0x00250810,0x00250ca0,0x490
noop_z_155,0x00250ca0,0x00250ca8,0x8
obj_play_sound_at_node_k,0x00250cb0,0x00250cec,0x3c
obj_play_sound_at_node_l,0x00250cf0,0x00250d2c,0x3c
wrap_tree_find_node__,0x00250d30,0x00250d54,0x24
obj_set_fields_z_86,0x00250d60,0x00250dbc,0x5c
gp_field_get_z_88,0x00250dc0,0x00250dc8,0x8
get_data_ptr_z_52,0x00250dd0,0x00250ddc,0xc
return_const_7_h,0x00250de0,0x00250de8,0x8
return_const_5_j,0x00250df0,0x00250df8,0x8
gp_field_get_z_89,0x00250e00,0x00250e08,0x8
particle_burst_init_c,0x00250e10,0x00251cd4,0xec4
return_zero_z_103,0x00251ce0,0x00251ce8,0x8
debris_tick_e,0x00251cf0,0x002521ec,0x4fc
noop_z_156,0x002521f0,0x002521f8,0x8
obj_play_sound_at_node_c,0x00252200,0x0025223c,0x3c
obj_play_sound_at_node_d,0x00252240,0x0025227c,0x3c
return_const_1_z_40,0x00252280,0x00252288,0x8
gp_field_get_z_90,0x00252290,0x00252298,0x8
wrap_tree_find_node__,0x002522a0,0x002522c4,0x24
obj_set_fields_z_87,0x002522d0,0x0025232c,0x5c
gp_field_get_z_91,0x00252330,0x00252338,0x8
get_data_ptr_z_53,0x00252340,0x0025234c,0xc
return_const_3_h,0x00252350,0x00252358,0x8
gp_field_get_z_92,0x00252360,0x00252368,0x8
wrap_tree_find_node__,0x00252370,0x00252394,0x24
obj_set_fields_z_88,0x002523a0,0x002523fc,0x5c
gp_field_get_z_93,0x00252400,0x00252408,0x8
get_data_ptr_z_54,0x00252410,0x0025241c,0xc
return_const_3_i,0x00252420,0x00252428,0x8
gp_field_get_z_94,0x00252430,0x00252438,0x8
wrap_tree_find_node__,0x00252440,0x00252464,0x24
obj_set_fields_z_89,0x00252470,0x002524cc,0x5c
gp_field_get_z_95,0x002524d0,0x002524d8,0x8
get_data_ptr_z_55,0x002524e0,0x002524ec,0xc
return_const_3_j,0x002524f0,0x002524f8,0x8
gp_field_get_z_96,0x00252500,0x00252508,0x8
wrap_tree_find_node___,0x00252510,0x00252534,0x24
obj_set_fields_z_90,0x00252540,0x0025259c,0x5c
gp_field_get_z_97,0x002525a0,0x002525a8,0x8
return_zero_z_104,0x002525b0,0x002525b8,0x8
gp_field_get_z_98,0x002525c0,0x002525c8,0x8
obj_set_fields_z_91,0x002525d0,0x0025262c,0x5c
gp_field_get_z_99,0x00252630,0x00252638,0x8
get_data_ptr_z_56,0x00252640,0x0025264c,0xc
return_const_8_f,0x00252650,0x00252658,0x8
return_const_8_g,0x00252660,0x00252668,0x8
return_const_10_b,0x00252670,0x00252678,0x8
gp_field_get_z_100,0x00252680,0x00252688,0x8
wrap_tree_find_node___,0x00252690,0x002526b4,0x24
obj_set_fields_z_92,0x002526c0,0x0025271c,0x5c
gp_field_get_z_101,0x00252720,0x00252728,0x8
get_data_ptr_z_57,0x00252730,0x0025273c,0xc
return_const_8_h,0x00252740,0x00252748,0x8
return_const_5_k,0x00252750,0x00252758,0x8
return_const_10_c,0x00252760,0x00252768,0x8
gp_field_get_z_102,0x00252770,0x00252778,0x8
return_zero_z_105,0x00252780,0x00252788,0x8
return_const_1_z_41,0x00252790,0x00252798,0x8
pass_identity_d_0,0x002527a0,0x002527a8,0x8
return_zero_z_106,0x002527b0,0x002527b8,0x8
noop_wrapper_z_215,0x002527c0,0x002527d4,0x14
return_zero_z_107,0x002527e0,0x002527e8,0x8
noop_wrapper_z_216,0x002527f0,0x00252804,0x14
noop_wrapper_z_217,0x00252810,0x00252824,0x14
return_const_1_z_42,0x00252830,0x00252838,0x8
noop_wrapper_z_218,0x00252840,0x00252854,0x14
noop_wrapper_z_219,0x00252860,0x00252874,0x14
noop_wrapper_z_220,0x00252880,0x00252894,0x14
noop_wrapper_z_221,0x002528a0,0x002528b4,0x14
noop_wrapper_z_222,0x002528c0,0x002528d4,0x14
gp_field_get_z_103,0x002528e0,0x002528e8,0x8
return_zero_z_108,0x002528f0,0x002528f8,0x8
noop_wrapper_z_223,0x00252900,0x00252934,0x34
noop_wrapper_z_224,0x00252940,0x0025295c,0x1c
noop_wrapper_z_225,0x00252960,0x00252974,0x14
noop_wrapper_z_226,0x00252980,0x00252994,0x14
noop_wrapper_z_227,0x002529a0,0x002529b4,0x14
noop_wrapper_z_228,0x002529c0,0x002529d4,0x14
sub_2529E0,0x002529e0,0x002529e8,0x8
noop_z_157,0x002529f0,0x002529f8,0x8
noop_z_158,0x00252a00,0x00252a08,0x8
noop_z_159,0x00252a10,0x00252a18,0x8
noop_seq_var_10_y,0x00252a20,0x00252a64,0x44
flags_clear_mask_b,0x00252a70,0x00252a84,0x14
noop_z_160,0x00252a90,0x00252a98,0x8
noop_z_161,0x00252aa0,0x00252aa8,0x8
j_obj_update_camera_and_flags_0,0x00252ab0,0x00252ab8,0x8
return_zero_z_109,0x00252ac0,0x00252ac8,0x8
wrap_obj_ctor_char_slot_b,0x00252ad0,0x00252b08,0x38
get_data_ptr_z_58,0x00252b10,0x00252b1c,0xc
obj_ctor_init___,0x00252b20,0x00252b90,0x70
get_field_val_z_62,0x00252b90,0x00252b98,0x8
return_const_2_n,0x00252ba0,0x00252ba8,0x8
pass_identity_e_0,0x00252bb0,0x00252bb8,0x8
return_const_1_z_43,0x00252bc0,0x00252bc8,0x8
noop_wrapper_z_229,0x00252bd0,0x00252be4,0x14
return_const_1_z_44,0x00252bf0,0x00252bf8,0x8
noop_wrapper_z_230,0x00252c00,0x00252c14,0x14
noop_wrapper_z_231,0x00252c20,0x00252c34,0x14
return_const_2_o,0x00252c40,0x00252c48,0x8
noop_wrapper_z_232,0x00252c50,0x00252c64,0x14
noop_wrapper_z_233,0x00252c70,0x00252c84,0x14
noop_wrapper_z_234,0x00252c90,0x00252ca4,0x14
noop_wrapper_z_235,0x00252cb0,0x00252cc4,0x14
noop_wrapper_z_236,0x00252cd0,0x00252ce4,0x14
gp_field_get_z_104,0x00252cf0,0x00252cf8,0x8
return_zero_z_110,0x00252d00,0x00252d08,0x8
noop_wrapper_z_237,0x00252d10,0x00252d44,0x34
noop_wrapper_z_238,0x00252d50,0x00252d70,0x20
noop_wrapper_z_239,0x00252d70,0x00252d84,0x14
noop_wrapper_z_240,0x00252d90,0x00252da4,0x14
noop_wrapper_z_241,0x00252db0,0x00252dc4,0x14
noop_wrapper_z_242,0x00252dd0,0x00252de4,0x14
get_data_ptr_f_0,0x00252df0,0x00252dfc,0xc
mem_fill_z_40_clone_07,0x00252e00,0x00253010,0x210
noop_z_162,0x00253010,0x00253018,0x8
noop_z_163,0x00253020,0x00253028,0x8
mem_fill_z_137,0x00253030,0x002532b0,0x280
obj_ctor_init___,0x002532b0,0x00253340,0x90
euler_to_quat_z_1_clone_01,0x00253340,0x002534a0,0x160
vtable_sub_efc0_clone_03,0x002534a0,0x002534f4,0x54
scene_node_requeue_clone_07,0x00253500,0x00253570,0x70
sub_253570,0x00253570,0x00253688,0x118
noop_z_164,0x00253690,0x00253698,0x8
j_obj_update_camera_and_flags_1,0x002536a0,0x002536a8,0x8
obj_tick_camera_track_clone_04,0x002536b0,0x00253818,0x168
wrap_obj_ctor_char_slot_c,0x00253820,0x0025385c,0x3c
get_data_ptr_z_59,0x00253860,0x0025386c,0xc
obj_ctor_init___,0x00253870,0x002538e0,0x70
obj_ctor_init___,0x002538e0,0x00253950,0x70
obj_ctor_init___,0x00253950,0x002539c0,0x70
obj_set_fields_z_93,0x002539c0,0x00253a20,0x60
sub_253A20,0x00253a20,0x00253b4c,0x12c
mem_fill_z_138,0x00253b50,0x0025424c,0x6fc
gp_field_get_z_105,0x00254250,0x00254258,0x8
sub_254260,0x00254260,0x002542d0,0x70
wrap_tree_find_node___,0x002542d0,0x002542f4,0x24
wrap_sub_254300,0x00254300,0x00254310,0x10
mem_fill_z_347_0,0x00254310,0x00254760,0x450
obj_set_fields_b,0x00254760,0x00254784,0x24
obj_set_fields_f_4,0x00254790,0x002547e8,0x58
wrap_tree_walk_predicate_d,0x002547f0,0x00254818,0x28
obj_set_fields_g_3,0x00254820,0x00254844,0x24
obj_flag_conditional_set_g,0x00254850,0x00254880,0x30
sub_254880,0x00254880,0x00254a40,0x1c0
gp_field_get_z_106,0x00254a40,0x00254a48,0x8
sub_254A50,0x00254a50,0x00254ac0,0x70
noop_z_165,0x00254ac0,0x00254ac8,0x8
noop_z_166,0x00254ad0,0x00254ad8,0x8
sub_254AE0,0x00254ae0,0x00254d1c,0x23c
euler_to_quat_v,0x00254d20,0x0025529c,0x57c
gp_field_get_z_107,0x002552a0,0x002552a8,0x8
sub_2552B0,0x002552b0,0x00255320,0x70
mem_fill_z_139,0x00255320,0x002559d0,0x6b0
mem_fill_z_140,0x002559d0,0x0025603c,0x66c
mem_fill_z_141,0x00256040,0x002564ac,0x46c
mem_fill_z_142,0x002564b0,0x00256960,0x4b0
euler_to_quat_z_1_clone_02,0x00257980,0x00257ae0,0x160
noop_wrapper___,0x00257ae0,0x00257b24,0x44
sub_257B30,0x00257b30,0x00257ba4,0x74
wrap_tree_find_node___,0x00257bb0,0x00257bd4,0x24
obj_set_fields_z_94,0x00257be0,0x00257c3c,0x5c
gp_field_get_z_108,0x00257c40,0x00257c48,0x8
get_data_ptr_z_60,0x00257c50,0x00257c5c,0xc
mem_fill_z_143,0x00257c60,0x00258514,0x8b4
str_copy_n_e_clone_46,0x00258520,0x002589a4,0x484
obj_set_fields_z_95,0x002589b0,0x002589c8,0x18
noop_z_167,0x002589d0,0x002589d8,0x8
obj_play_sound_at_node_m,0x002589e0,0x00258a1c,0x3c
obj_play_sound_at_node_n,0x00258a20,0x00258a5c,0x3c
gp_field_get_z_109,0x00258a60,0x00258a68,0x8
wrap_tree_find_node___,0x00258a70,0x00258a94,0x24
obj_set_fields_z_96,0x00258aa0,0x00258afc,0x5c
gp_field_get_z_110,0x00258b00,0x00258b08,0x8
get_data_ptr_z_61,0x00258b10,0x00258b1c,0xc
mem_fill_z_144,0x00258b20,0x00259068,0x548
sub_259070,0x00259070,0x00259470,0x400
mem_fill_z_145,0x00259470,0x002599e8,0x578
str_copy_n_e_clone_47,0x002599f0,0x00259de8,0x3f8
mem_fill_z_146,0x00259df0,0x00259ff0,0x200
sub_259FF0,0x00259ff0,0x0025a03c,0x4c
noop_z_168,0x0025a040,0x0025a048,0x8
obj_play_sound_at_node_o,0x0025a050,0x0025a08c,0x3c
obj_play_sound_at_node_p,0x0025a090,0x0025a0cc,0x3c
gp_field_get_z_111,0x0025a0d0,0x0025a0d8,0x8
get_field_val_z_63,0x0025a0e0,0x0025a0e8,0x8
return_const_1_z_45,0x0025a0f0,0x0025a0f8,0x8
pass_identity_f_0,0x0025a100,0x0025a108,0x8
return_const_2_p,0x0025a110,0x0025a118,0x8
noop_wrapper_z_243,0x0025a120,0x0025a134,0x14
return_const_2_q,0x0025a140,0x0025a148,0x8
noop_wrapper_z_244,0x0025a150,0x0025a164,0x14
noop_wrapper_z_245,0x0025a170,0x0025a184,0x14
return_const_3_k,0x0025a190,0x0025a198,0x8
noop_wrapper_z_246,0x0025a1a0,0x0025a1b4,0x14
noop_wrapper_z_247,0x0025a1c0,0x0025a1d4,0x14
noop_wrapper_z_248,0x0025a1e0,0x0025a1f4,0x14
noop_wrapper_z_249,0x0025a200,0x0025a214,0x14
noop_wrapper_z_250,0x0025a220,0x0025a234,0x14
gp_field_get_z_112,0x0025a240,0x0025a248,0x8
return_zero_z_111,0x0025a250,0x0025a258,0x8
noop_wrapper_z_251,0x0025a260,0x0025a294,0x34
noop_wrapper_z_252,0x0025a2a0,0x0025a2bc,0x1c
noop_wrapper_z_253,0x0025a2c0,0x0025a2d4,0x14
noop_wrapper_z_254,0x0025a2e0,0x0025a2f4,0x14
noop_wrapper_z_255,0x0025a300,0x0025a314,0x14
noop_wrapper_z_256,0x0025a320,0x0025a334,0x14
get_data_ptr_g_0,0x0025a340,0x0025a34c,0xc
mem_fill_z_147,0x0025a350,0x0025a520,0x1d0
noop_z_169,0x0025a520,0x0025a528,0x8
noop_z_170,0x0025a530,0x0025a538,0x8
sub_25A540,0x0025a540,0x0025a74c,0x20c
sub_25A750,0x0025a750,0x0025a798,0x48
sub_25A7A0,0x0025a7a0,0x0025a940,0x1a0
noop_z_171,0x0025a940,0x0025a948,0x8
j_obj_update_camera_and_flags_2,0x0025a950,0x0025a958,0x8
return_zero_z_112,0x0025a960,0x0025a968,0x8
wrap_obj_ctor_char_slot_d,0x0025a970,0x0025a9ac,0x3c
get_data_ptr_z_62,0x0025a9b0,0x0025a9bc,0xc
obj_ctor_init___,0x0025a9c0,0x0025aa30,0x70
get_field_val_z_64,0x0025aa30,0x0025aa38,0x8
return_const_1_z_46,0x0025aa40,0x0025aa48,0x8
pass_identity_g_0,0x0025aa50,0x0025aa58,0x8
return_const_2_r,0x0025aa60,0x0025aa68,0x8
noop_wrapper_z_257,0x0025aa70,0x0025aa84,0x14
return_const_1_z_47,0x0025aa90,0x0025aa98,0x8
noop_wrapper_z_258,0x0025aaa0,0x0025aab4,0x14
noop_wrapper_z_259,0x0025aac0,0x0025aad4,0x14
return_const_6_q,0x0025aae0,0x0025aae8,0x8
noop_wrapper_z_260,0x0025aaf0,0x0025ab04,0x14
noop_wrapper_z_261,0x0025ab10,0x0025ab24,0x14
noop_wrapper_z_262,0x0025ab30,0x0025ab44,0x14
noop_wrapper_z_263,0x0025ab50,0x0025ab64,0x14
noop_wrapper_z_264,0x0025ab70,0x0025ab84,0x14
gp_field_get_z_113,0x0025ab90,0x0025ab98,0x8
return_zero_z_113,0x0025aba0,0x0025aba8,0x8
noop_wrapper_z_265,0x0025abb0,0x0025abe4,0x34
noop_wrapper_z_266,0x0025abf0,0x0025ac0c,0x1c
noop_wrapper_z_267,0x0025ac10,0x0025ac24,0x14
noop_wrapper_z_268,0x0025ac30,0x0025ac44,0x14
noop_wrapper_z_269,0x0025ac50,0x0025ac64,0x14
noop_wrapper_z_270,0x0025ac70,0x0025ac84,0x14
get_data_ptr_h_0,0x0025ac90,0x0025ac9c,0xc
mem_fill_z_55_clone_12,0x0025aca0,0x0025ae14,0x174
noop_z_172,0x0025ae20,0x0025ae28,0x8
noop_z_173,0x0025ae30,0x0025ae38,0x8
sub_25AE40,0x0025ae40,0x0025afcc,0x18c
sub_25AFD0,0x0025afd0,0x0025b018,0x48
mem_fill_z_148,0x0025b020,0x0025b570,0x550
noop_z_174,0x0025b570,0x0025b578,0x8
j_obj_update_camera_and_flags_3,0x0025b580,0x0025b588,0x8
return_zero_z_114,0x0025b590,0x0025b598,0x8
wrap_obj_ctor_char_slot_e,0x0025b5a0,0x0025b5dc,0x3c
get_data_ptr_z_63,0x0025b5e0,0x0025b5ec,0xc
obj_ctor_init___,0x0025b5f0,0x0025b660,0x70
obj_ctor_init___,0x0025b660,0x0025b6d0,0x70
obj_ctor_init___,0x0025b6d0,0x0025b740,0x70
obj_ctor_init___,0x0025b740,0x0025b7b0,0x70
obj_ctor_init___,0x0025b7b0,0x0025b820,0x70
obj_ctor_init___,0x0025b820,0x0025b890,0x70
obj_ctor_init___,0x0025b890,0x0025b900,0x70
obj_ctor_init___,0x0025b900,0x0025b980,0x80
obj_ctor_init___,0x0025b980,0x0025ba00,0x80
obj_ctor_init___,0x0025ba00,0x0025ba80,0x80
obj_ctor_init___,0x0025ba80,0x0025bb00,0x80
obj_ctor_init___,0x0025bb00,0x0025bb80,0x80
wrap_tree_find_node_,0x0025bb80,0x0025bba4,0x24
obj_set_fields_z_97,0x0025bbb0,0x0025bc0c,0x5c
gp_field_get_z_114,0x0025bc10,0x0025bc18,0x8
get_data_ptr_z_64,0x0025bc20,0x0025bc2c,0xc
mem_fill_z_149,0x0025bc30,0x0025c724,0xaf4
mem_fill_z_150,0x0025c730,0x0025cb7c,0x44c
noop_z_175,0x0025cb80,0x0025cb88,0x8
obj_play_sound_at_node_q,0x0025cb90,0x0025cbcc,0x3c
obj_play_sound_at_node_r,0x0025cbd0,0x0025cc0c,0x3c
gp_field_get_z_115,0x0025cc10,0x0025cc18,0x8
sub_25CC20,0x0025cc20,0x0025ce1c,0x1fc
mem_fill_z_151,0x0025ce20,0x0025d7ec,0x9cc
gp_field_get_z_116,0x0025d7f0,0x0025d7f8,0x8
sub_25D800,0x0025d800,0x0025d870,0x70
mem_fill_z_152,0x0025d870,0x0025dd88,0x518
vtable_dispatch___,0x0025dd90,0x0025ddd0,0x40
noop_z_176,0x0025ddd0,0x0025ddd8,0x8
obj_play_sound_at_node_s,0x0025dde0,0x0025de1c,0x3c
obj_play_sound_at_node_t,0x0025de20,0x0025de5c,0x3c
wrap_tree_find_node___,0x0025de60,0x0025de84,0x24
obj_set_fields_z_98,0x0025de90,0x0025deec,0x5c
gp_field_get_z_117,0x0025def0,0x0025def8,0x8
gp_field_get_z_118,0x0025df00,0x0025df08,0x8
wrap_tree_find_node___,0x0025df10,0x0025df34,0x24
obj_set_fields_z_99,0x0025df40,0x0025df9c,0x5c
gp_field_get_z_119,0x0025dfa0,0x0025dfa8,0x8
get_data_ptr_z_65,0x0025dfb0,0x0025dfbc,0xc
return_const_7_i,0x0025dfc0,0x0025dfc8,0x8
return_const_7_j,0x0025dfd0,0x0025dfd8,0x8
gp_field_get_z_120,0x0025dfe0,0x0025dfe8,0x8
wrap_tree_find_node___,0x0025dff0,0x0025e014,0x24
obj_set_fields_z_100,0x0025e020,0x0025e07c,0x5c
gp_field_get_z_121,0x0025e080,0x0025e088,0x8
get_data_ptr_z_66,0x0025e090,0x0025e09c,0xc
return_const_7_k,0x0025e0a0,0x0025e0a8,0x8
return_const_7_l,0x0025e0b0,0x0025e0b8,0x8
gp_field_get_z_122,0x0025e0c0,0x0025e0c8,0x8
wrap_tree_find_node___,0x0025e0d0,0x0025e0f4,0x24
obj_set_fields_z_101,0x0025e100,0x0025e15c,0x5c
gp_field_get_z_123,0x0025e160,0x0025e168,0x8
get_data_ptr_z_67,0x0025e170,0x0025e17c,0xc
return_const_8_i,0x0025e180,0x0025e188,0x8
return_const_8_j,0x0025e190,0x0025e198,0x8
gp_field_get_z_124,0x0025e1a0,0x0025e1a8,0x8
wrap_tree_find_node___,0x0025e1b0,0x0025e1d4,0x24
obj_set_fields_z_102,0x0025e1e0,0x0025e23c,0x5c
gp_field_get_z_125,0x0025e240,0x0025e248,0x8
get_data_ptr_z_68,0x0025e250,0x0025e25c,0xc
return_const_8_k,0x0025e260,0x0025e268,0x8
return_const_8_l,0x0025e270,0x0025e278,0x8
gp_field_get_z_126,0x0025e280,0x0025e288,0x8
particle_burst_init_d,0x0025e290,0x0025ec70,0x9e0
return_zero_z_115,0x0025ec70,0x0025ec78,0x8
debris_tick_h,0x0025ec80,0x0025ef04,0x284
noop_z_177,0x0025ef10,0x0025ef18,0x8
obj_play_sound_at_node_e,0x0025ef20,0x0025ef5c,0x3c
obj_play_sound_at_node_f,0x0025ef60,0x0025ef9c,0x3c
return_const_1_z_48,0x0025efa0,0x0025efa8,0x8
gp_field_get_z_127,0x0025efb0,0x0025efb8,0x8
wrap_tree_find_node___,0x0025efc0,0x0025efe4,0x24
obj_set_fields_z_103,0x0025eff0,0x0025f04c,0x5c
gp_field_get_z_128,0x0025f050,0x0025f058,0x8
get_data_ptr_z_69,0x0025f060,0x0025f06c,0xc
mem_fill_z_153,0x0025f070,0x0025fb60,0xaf0
mem_fill_z_154,0x0025fb60,0x0025ffac,0x44c
noop_z_178,0x0025ffb0,0x0025ffb8,0x8
obj_play_sound_at_node_u,0x0025ffc0,0x0025fffc,0x3c
obj_play_sound_at_node_v,0x00260000,0x0026003c,0x3c
gp_field_get_z_129,0x00260040,0x00260048,0x8
wrap_tree_find_node___,0x00260050,0x00260074,0x24
obj_set_fields_z_104,0x00260080,0x002600dc,0x5c
gp_field_get_z_130,0x002600e0,0x002600e8,0x8
get_data_ptr_z_70,0x002600f0,0x002600fc,0xc
mem_fill_z_155,0x00260100,0x00260be8,0xae8
mem_fill_z_156,0x00260bf0,0x0026103c,0x44c
noop_z_179,0x00261040,0x00261048,0x8
obj_play_sound_at_node_w,0x00261050,0x0026108c,0x3c
obj_play_sound_at_node_x,0x00261090,0x002610cc,0x3c
return_const_1_z_49,0x002610d0,0x002610d8,0x8
gp_field_get_z_131,0x002610e0,0x002610e8,0x8
effect_spawn_colored_clone_01,0x002610f0,0x00261410,0x320
return_zero_z_116,0x00261410,0x00261418,0x8
mem_fill_z_157,0x00261420,0x00261920,0x500
return_zero_z_117,0x00261920,0x00261928,0x8
str_copy_n_e_clone_48,0x00261930,0x00261e80,0x550
euler_to_quat_w,0x00261e80,0x00261f5c,0xdc
mem_fill_z_158,0x00261f60,0x002623ac,0x44c
mem_fill_z_159,0x002623b0,0x00262c20,0x870
mem_compare_n_0_clone_24,0x00262c20,0x00262e58,0x238
noop_z_180,0x00262e60,0x00262e68,0x8
obj_play_sound_at_node_y,0x00262e70,0x00262eac,0x3c
obj_play_sound_at_node_z,0x00262eb0,0x00262eec,0x3c
wrap_obj_fire_particle,0x00262ef0,0x00262f18,0x28
gp_field_get_z_132,0x00262f20,0x00262f28,0x8
wrap_tree_find_node___,0x00262f30,0x00262f54,0x24
obj_set_fields_z_105,0x00262f60,0x00262fbc,0x5c
gp_field_get_z_133,0x00262fc0,0x00262fc8,0x8
get_data_ptr_z_71,0x00262fd0,0x00262fdc,0xc
gp_field_get_z_134,0x00262fe0,0x00262fe8,0x8
get_field_val_z_65,0x00262ff0,0x00262ff8,0x8
return_const_1_z_50,0x00263000,0x00263008,0x8
pass_identity_h_0,0x00263010,0x00263018,0x8
return_const_1_z_51,0x00263020,0x00263028,0x8
noop_wrapper_z_271,0x00263030,0x00263044,0x14
return_const_1_z_52,0x00263050,0x00263058,0x8
noop_wrapper_z_272,0x00263060,0x00263074,0x14
noop_wrapper_z_273,0x00263080,0x00263094,0x14
return_const_3_l,0x002630a0,0x002630a8,0x8
noop_wrapper_z_274,0x002630b0,0x002630c4,0x14
noop_wrapper_z_275,0x002630d0,0x002630e4,0x14
noop_wrapper_z_276,0x002630f0,0x00263104,0x14
noop_wrapper_z_277,0x00263110,0x00263124,0x14
noop_wrapper_z_278,0x00263130,0x00263144,0x14
gp_field_get_z_135,0x00263150,0x00263158,0x8
return_zero_z_118,0x00263160,0x00263168,0x8
noop_wrapper_z_279,0x00263170,0x002631a4,0x34
noop_wrapper_z_280,0x002631b0,0x002631cc,0x1c
noop_wrapper_z_281,0x002631d0,0x002631e4,0x14
noop_wrapper_z_282,0x002631f0,0x00263204,0x14
noop_wrapper_z_283,0x00263210,0x00263224,0x14
noop_wrapper_z_284,0x00263230,0x00263244,0x14
get_data_ptr_i_0,0x00263250,0x0026325c,0xc
mem_fill_z_160,0x00263260,0x0026348c,0x22c
noop_z_181,0x00263490,0x00263498,0x8
noop_z_182,0x002634a0,0x002634a8,0x8
sub_2634B0,0x002634b0,0x00263554,0xa4
sub_263560,0x00263560,0x002636f0,0x190
sub_2636F0,0x002636f0,0x00263760,0x70
noop_wrapper___,0x00263760,0x002637ac,0x4c
noop_z_183,0x002637b0,0x002637b8,0x8
j_obj_update_camera_and_flags_4,0x002637c0,0x002637c8,0x8
return_zero_z_119,0x002637d0,0x002637d8,0x8
wrap_obj_ctor_char_slot_f,0x002637e0,0x0026381c,0x3c
get_data_ptr_z_72,0x00263820,0x0026382c,0xc
obj_ctor_init___,0x00263830,0x002638a0,0x70
obj_ctor_init___,0x002638a0,0x00263910,0x70
obj_ctor_init___,0x00263910,0x00263980,0x70
obj_ctor_init___,0x00263980,0x002639f0,0x70
obj_ctor_init___,0x002639f0,0x00263a60,0x70
obj_ctor_init___,0x00263a60,0x00263ad0,0x70
obj_ctor_init___,0x00263ad0,0x00263b40,0x70
obj_ctor_init___,0x00263b40,0x00263bc0,0x80
obj_ctor_init___,0x00263bc0,0x00263c40,0x80
obj_ctor_init___,0x00263c40,0x00263cc0,0x80
obj_ctor_init___,0x00263cc0,0x00263d40,0x80
obj_ctor_init___,0x00263d40,0x00263dc0,0x80
obj_ctor_init___,0x00263dc0,0x00263e40,0x80
obj_ctor_init___,0x00263e40,0x00263ec0,0x80
obj_ctor_init___,0x00263ec0,0x00263f40,0x80
obj_ctor_init___,0x00263f40,0x00263fc0,0x80
obj_ctor_init___,0x00263fc0,0x00264040,0x80
obj_ctor_init___,0x00264040,0x002640c0,0x80
obj_ctor_init___,0x002640c0,0x00264140,0x80
obj_ctor_init___,0x00264140,0x002641c0,0x80
obj_ctor_init___,0x002641c0,0x00264240,0x80
obj_ctor_init___,0x00264240,0x002642c0,0x80
obj_ctor_init___,0x002642c0,0x00264340,0x80
obj_ctor_init___,0x00264340,0x002643c0,0x80
obj_ctor_init___,0x002643c0,0x00264440,0x80
obj_ctor_init___,0x00264440,0x002644c0,0x80
obj_ctor_init___,0x002644c0,0x00264530,0x70
obj_ctor_init___,0x00264530,0x002645b0,0x80
obj_ctor_init___,0x002645b0,0x00264620,0x70
obj_ctor_init___,0x00264620,0x002646a0,0x80
obj_ctor_init___,0x002646a0,0x00264720,0x80
obj_ctor_init___,0x00264720,0x002647a0,0x80
obj_ctor_init___,0x002647a0,0x00264820,0x80
wrap_tree_find_node___,0x00264820,0x00264844,0x24
obj_set_fields_z_106,0x00264850,0x002648ac,0x5c
gp_field_get_z_136,0x002648b0,0x002648b8,0x8
get_data_ptr_z_73,0x002648c0,0x002648cc,0xc
return_const_7_m,0x002648d0,0x002648d8,0x8
return_zero_z_120,0x002648e0,0x002648e8,0x8
return_const_5_l,0x002648f0,0x002648f8,0x8
gp_field_get_z_137,0x00264900,0x00264908,0x8
euler_to_quat_p_0_clone_05,0x00264910,0x00265304,0x9f4
return_zero_z_121,0x00265310,0x00265318,0x8
return_zero_z_122,0x00265320,0x00265328,0x8
str_copy_n_e_clone_49,0x00265330,0x0026564c,0x31c
noop_z_184,0x00265650,0x00265658,0x8
obj_play_sound_at_node__,0x00265660,0x0026569c,0x3c
obj_play_sound_at_node__,0x002656a0,0x002656dc,0x3c
gp_field_get_z_138,0x002656e0,0x002656e8,0x8
wrap_tree_find_node___,0x002656f0,0x00265714,0x24
obj_set_fields_z_107,0x00265720,0x0026577c,0x5c
gp_field_get_z_139,0x00265780,0x00265788,0x8
euler_to_quat_c,0x00265790,0x00265ecc,0x73c
str_copy_n_e_clone_50,0x00265ed0,0x002663d4,0x504
noop_z_185,0x002663e0,0x002663e8,0x8
obj_play_sound_at_node__,0x002663f0,0x0026642c,0x3c
obj_play_sound_at_node__,0x00266430,0x0026646c,0x3c
gp_field_get_z_140,0x00266470,0x00266478,0x8
wrap_tree_find_node___,0x00266480,0x002664a4,0x24
obj_set_fields_z_108,0x002664b0,0x0026650c,0x5c
gp_field_get_z_141,0x00266510,0x00266518,0x8
get_data_ptr_z_74,0x00266520,0x0026652c,0xc
return_const_8_m,0x00266530,0x00266538,0x8
return_const_5_m,0x00266540,0x00266548,0x8
return_const_1_z_53,0x00266550,0x00266558,0x8
gp_field_get_z_142,0x00266560,0x00266568,0x8
wrap_tree_find_node___,0x00266570,0x00266594,0x24
obj_set_fields_z_109,0x002665a0,0x002665fc,0x5c
gp_field_get_z_143,0x00266600,0x00266608,0x8
get_data_ptr_z_75,0x00266610,0x0026661c,0xc
return_const_7_n,0x00266620,0x00266628,0x8
return_const_5_n,0x00266630,0x00266638,0x8
return_const_1_z_54,0x00266640,0x00266648,0x8
gp_field_get_z_144,0x00266650,0x00266658,0x8
mem_compare_n_0_clone_25,0x00266660,0x002669e0,0x380
flags_clear_mask,0x002669e0,0x002669f4,0x14
obj_set_flag_h,0x00266a00,0x00266a10,0x10
mem_fill_z_161,0x00266a10,0x002678d8,0xec8
gp_field_get_z_145,0x002678e0,0x002678e8,0x8
sub_2678F0,0x002678f0,0x00267960,0x70
vtable_dispatch___,0x00267960,0x00267994,0x34
fighter_track_tick_clone_03,0x002679a0,0x00267bf8,0x258
str_copy_n_e_clone_51,0x00267c00,0x00268650,0xa50
gp_field_get_z_146,0x00268650,0x00268658,0x8
sub_268660,0x00268660,0x002686d0,0x70
wrap_tree_find_node___,0x002686d0,0x002686f4,0x24
obj_set_fields_z_110,0x00268700,0x0026875c,0x5c
gp_field_get_z_147,0x00268760,0x00268768,0x8
get_data_ptr_z_76,0x00268770,0x0026877c,0xc
return_const_8_n,0x00268780,0x00268788,0x8
return_const_4_j,0x00268790,0x00268798,0x8
gp_field_get_z_148,0x002687a0,0x002687a8,0x8
wrap_tree_find_node___,0x002687b0,0x002687d4,0x24
obj_set_fields_z_111,0x002687e0,0x0026883c,0x5c
gp_field_get_z_149,0x00268840,0x00268848,0x8
get_data_ptr_z_77,0x00268850,0x0026885c,0xc
return_const_7_o,0x00268860,0x00268868,0x8
return_const_3_m,0x00268870,0x00268878,0x8
gp_field_get_z_150,0x00268880,0x00268888,0x8
wrap_tree_find_node___,0x00268890,0x002688b4,0x24
obj_set_fields_z_112,0x002688c0,0x0026891c,0x5c
gp_field_get_z_151,0x00268920,0x00268928,0x8
get_data_ptr_z_78,0x00268930,0x0026893c,0xc
return_const_4_k,0x00268940,0x00268948,0x8
return_const_4_l,0x00268950,0x00268958,0x8
gp_field_get_z_152,0x00268960,0x00268968,0x8
wrap_tree_find_node___,0x00268970,0x00268994,0x24
obj_set_fields_z_113,0x002689a0,0x002689fc,0x5c
gp_field_get_z_153,0x00268a00,0x00268a08,0x8
get_data_ptr_z_79,0x00268a10,0x00268a1c,0xc
return_const_8_o,0x00268a20,0x00268a28,0x8
return_const_5_o,0x00268a30,0x00268a38,0x8
return_const_4_m,0x00268a40,0x00268a48,0x8
gp_field_get_z_154,0x00268a50,0x00268a58,0x8
wrap_tree_find_node___,0x00268a60,0x00268a84,0x24
obj_set_fields_z_114,0x00268a90,0x00268aec,0x5c
gp_field_get_z_155,0x00268af0,0x00268af8,0x8
get_data_ptr_z_80,0x00268b00,0x00268b0c,0xc
return_const_8_p,0x00268b10,0x00268b18,0x8
return_const_5_p,0x00268b20,0x00268b28,0x8
return_const_4_n,0x00268b30,0x00268b38,0x8
gp_field_get_z_156,0x00268b40,0x00268b48,0x8
wrap_tree_find_node___,0x00268b50,0x00268b74,0x24
obj_set_fields_z_115,0x00268b80,0x00268bdc,0x5c
gp_field_get_z_157,0x00268be0,0x00268be8,0x8
get_data_ptr_z_81,0x00268bf0,0x00268bfc,0xc
return_const_6_r,0x00268c00,0x00268c08,0x8
return_const_2_s,0x00268c10,0x00268c18,0x8
return_const_4_o,0x00268c20,0x00268c28,0x8
gp_field_get_z_158,0x00268c30,0x00268c38,0x8
wrap_tree_find_node___,0x00268c40,0x00268c64,0x24
obj_set_fields_z_116,0x00268c70,0x00268ccc,0x5c
gp_field_get_z_159,0x00268cd0,0x00268cd8,0x8
get_data_ptr_z_82,0x00268ce0,0x00268cec,0xc
return_const_8_q,0x00268cf0,0x00268cf8,0x8
return_const_4_p,0x00268d00,0x00268d08,0x8
return_const_4_q,0x00268d10,0x00268d18,0x8
gp_field_get_z_160,0x00268d20,0x00268d28,0x8
wrap_tree_find_node___,0x00268d30,0x00268d54,0x24
obj_set_fields_z_117,0x00268d60,0x00268dbc,0x5c
gp_field_get_z_161,0x00268dc0,0x00268dc8,0x8
get_data_ptr_z_83,0x00268dd0,0x00268ddc,0xc
return_const_8_r,0x00268de0,0x00268de8,0x8
return_const_8_s,0x00268df0,0x00268df8,0x8
return_const_6_s,0x00268e00,0x00268e08,0x8
gp_field_get_z_162,0x00268e10,0x00268e18,0x8
wrap_tree_find_node___,0x00268e20,0x00268e44,0x24
obj_set_fields_z_118,0x00268e50,0x00268eac,0x5c
gp_field_get_z_163,0x00268eb0,0x00268eb8,0x8
get_data_ptr_z_84,0x00268ec0,0x00268ecc,0xc
return_const_8_t,0x00268ed0,0x00268ed8,0x8
return_const_8_u,0x00268ee0,0x00268ee8,0x8
return_const_6_t,0x00268ef0,0x00268ef8,0x8
gp_field_get_z_164,0x00268f00,0x00268f08,0x8
wrap_tree_find_node___,0x00268f10,0x00268f34,0x24
obj_set_fields_z_119,0x00268f40,0x00268f9c,0x5c
gp_field_get_z_165,0x00268fa0,0x00268fa8,0x8
get_data_ptr_z_85,0x00268fb0,0x00268fbc,0xc
return_const_7_p,0x00268fc0,0x00268fc8,0x8
return_const_8_v,0x00268fd0,0x00268fd8,0x8
return_const_6_u,0x00268fe0,0x00268fe8,0x8
gp_field_get_z_166,0x00268ff0,0x00268ff8,0x8
wrap_tree_find_node___,0x00269000,0x00269024,0x24
obj_set_fields_z_120,0x00269030,0x0026908c,0x5c
gp_field_get_z_167,0x00269090,0x00269098,0x8
get_data_ptr_z_86,0x002690a0,0x002690ac,0xc
return_const_7_q,0x002690b0,0x002690b8,0x8
return_const_8_w,0x002690c0,0x002690c8,0x8
return_const_6_v,0x002690d0,0x002690d8,0x8
gp_field_get_z_168,0x002690e0,0x002690e8,0x8
wrap_tree_find_node___,0x002690f0,0x00269114,0x24
obj_set_fields_z_121,0x00269120,0x0026917c,0x5c
gp_field_get_z_169,0x00269180,0x00269188,0x8
get_data_ptr_z_87,0x00269190,0x0026919c,0xc
return_const_7_r,0x002691a0,0x002691a8,0x8
return_const_8_x,0x002691b0,0x002691b8,0x8
return_const_6_w,0x002691c0,0x002691c8,0x8
gp_field_get_z_170,0x002691d0,0x002691d8,0x8
wrap_tree_find_node___,0x002691e0,0x00269204,0x24
obj_set_fields_z_122,0x00269210,0x0026926c,0x5c
gp_field_get_z_171,0x00269270,0x00269278,0x8
get_data_ptr_z_88,0x00269280,0x0026928c,0xc
return_const_8_y,0x00269290,0x00269298,0x8
return_const_8_z,0x002692a0,0x002692a8,0x8
return_const_6_x,0x002692b0,0x002692b8,0x8
gp_field_get_z_172,0x002692c0,0x002692c8,0x8
wrap_tree_find_node___,0x002692d0,0x002692f4,0x24
obj_set_fields_z_123,0x00269300,0x0026935c,0x5c
gp_field_get_z_173,0x00269360,0x00269368,0x8
get_data_ptr_z_89,0x00269370,0x0026937c,0xc
return_const_8_z_0,0x00269380,0x00269388,0x8
return_const_8_z_1,0x00269390,0x00269398,0x8
return_const_6_y,0x002693a0,0x002693a8,0x8
gp_field_get_z_174,0x002693b0,0x002693b8,0x8
wrap_tree_find_node_,0x002693c0,0x002693e4,0x24
obj_set_fields_z_124,0x002693f0,0x0026944c,0x5c
gp_field_get_z_175,0x00269450,0x00269458,0x8
get_data_ptr_z_90,0x00269460,0x0026946c,0xc
return_const_7_s,0x00269470,0x00269478,0x8
return_const_8_z_2,0x00269480,0x00269488,0x8
return_const_6_z,0x00269490,0x00269498,0x8
gp_field_get_z_176,0x002694a0,0x002694a8,0x8
wrap_tree_find_node___,0x002694b0,0x002694d4,0x24
obj_set_fields_z_125,0x002694e0,0x0026953c,0x5c
gp_field_get_z_177,0x00269540,0x00269548,0x8
get_data_ptr_z_91,0x00269550,0x0026955c,0xc
return_const_8_z_3,0x00269560,0x00269568,0x8
return_const_8_z_4,0x00269570,0x00269578,0x8
return_const_6_z_0,0x00269580,0x00269588,0x8
gp_field_get_z_178,0x00269590,0x00269598,0x8
euler_to_quat_d,0x002695a0,0x00269d30,0x790
return_zero_z_123,0x00269d30,0x00269d38,0x8
return_zero_z_124,0x00269d40,0x00269d48,0x8
str_copy_n_e_clone_52,0x00269d50,0x0026a110,0x3c0
noop_z_186,0x0026a110,0x0026a118,0x8
obj_play_sound_at_node__,0x0026a120,0x0026a15c,0x3c
obj_play_sound_at_node___,0x0026a160,0x0026a19c,0x3c
gp_field_get_z_179,0x0026a1a0,0x0026a1a8,0x8
wrap_tree_find_node___,0x0026a1b0,0x0026a1d4,0x24
obj_set_fields_z_126,0x0026a1e0,0x0026a23c,0x5c
gp_field_get_z_180,0x0026a240,0x0026a248,0x8
sub_26A250,0x0026a250,0x0026a258,0x8
gp_field_get_z_181,0x0026a260,0x0026a268,0x8
wrap_tree_find_node___,0x0026a270,0x0026a294,0x24
obj_set_fields_z_127,0x0026a2a0,0x0026a2fc,0x5c
gp_field_get_z_182,0x0026a300,0x0026a308,0x8
get_data_ptr_z_92,0x0026a310,0x0026a31c,0xc
return_const_8_z_5,0x0026a320,0x0026a328,0x8
gp_field_get_z_183,0x0026a330,0x0026a338,0x8
wrap_tree_find_node___,0x0026a340,0x0026a364,0x24
obj_set_fields_z_128,0x0026a370,0x0026a3cc,0x5c
gp_field_get_z_184,0x0026a3d0,0x0026a3d8,0x8
get_data_ptr_z_93,0x0026a3e0,0x0026a3ec,0xc
return_const_8_z_6,0x0026a3f0,0x0026a3f8,0x8
return_zero_z_125,0x0026a400,0x0026a408,0x8
gp_field_get_z_185,0x0026a410,0x0026a418,0x8
wrap_tree_find_node___,0x0026a420,0x0026a444,0x24
obj_set_fields_z_129,0x0026a450,0x0026a4ac,0x5c
gp_field_get_z_186,0x0026a4b0,0x0026a4b8,0x8
get_data_ptr_z_94,0x0026a4c0,0x0026a4cc,0xc
return_const_8_z_7,0x0026a4d0,0x0026a4d8,0x8
return_zero_z_126,0x0026a4e0,0x0026a4e8,0x8
gp_field_get_z_187,0x0026a4f0,0x0026a4f8,0x8
particle_burst_init_e,0x0026a500,0x0026b3dc,0xedc
return_zero_z_127,0x0026b3e0,0x0026b3e8,0x8
debris_tick_f,0x0026b3f0,0x0026b874,0x484
noop_z_187,0x0026b880,0x0026b888,0x8
obj_play_sound_at_node_g,0x0026b890,0x0026b8cc,0x3c
obj_play_sound_at_node_h,0x0026b8d0,0x0026b90c,0x3c
return_const_1_z_55,0x0026b910,0x0026b918,0x8
gp_field_get_z_188,0x0026b920,0x0026b928,0x8
particle_system_update,0x0026b930,0x0026c4b8,0xb88
return_zero_z_128,0x0026c4c0,0x0026c4c8,0x8
particle_system_tick,0x0026c4d0,0x0026c820,0x350
noop_z_188,0x0026c820,0x0026c828,0x8
obj_play_sound_hit_light,0x0026c830,0x0026c86c,0x3c
obj_play_sound_hit_heavy,0x0026c870,0x0026c8ac,0x3c
gp_field_get_z_189,0x0026c8b0,0x0026c8b8,0x8
particle_burst_init_f,0x0026c8c0,0x0026d4f4,0xc34
return_zero_z_129,0x0026d500,0x0026d508,0x8
debris_tick_j,0x0026d510,0x0026d860,0x350
noop_z_189,0x0026d860,0x0026d868,0x8
obj_play_sound_at_node_i,0x0026d870,0x0026d8ac,0x3c
obj_play_sound_at_node_j,0x0026d8b0,0x0026d8ec,0x3c
gp_field_get_z_190,0x0026d8f0,0x0026d8f8,0x8
wrap_tree_find_node___,0x0026d900,0x0026d924,0x24
obj_set_fields_z_130,0x0026d930,0x0026d98c,0x5c
gp_field_get_z_191,0x0026d990,0x0026d998,0x8
get_data_ptr_z_95,0x0026d9a0,0x0026d9ac,0xc
return_const_5_q,0x0026d9b0,0x0026d9b8,0x8
return_const_2_t,0x0026d9c0,0x0026d9c8,0x8
mem_fill_z_162,0x0026d9d0,0x0026e488,0xab8
str_copy_n_e_clone_53,0x0026e490,0x0026e920,0x490
noop_z_190,0x0026e920,0x0026e928,0x8
obj_play_sound_at_node___,0x0026e930,0x0026e96c,0x3c
obj_play_sound_at_node___,0x0026e970,0x0026e9ac,0x3c
return_const_1_z_56,0x0026e9b0,0x0026e9b8,0x8
return_const_1_z_57,0x0026e9c0,0x0026e9c8,0x8
gp_field_get_z_192,0x0026e9d0,0x0026e9d8,0x8
wrap_tree_find_node___,0x0026e9e0,0x0026ea04,0x24
obj_set_fields_z_131,0x0026ea10,0x0026ea6c,0x5c
gp_field_get_z_193,0x0026ea70,0x0026ea78,0x8
get_data_ptr_z_96,0x0026ea80,0x0026ea8c,0xc
return_const_7_t,0x0026ea90,0x0026ea98,0x8
return_const_2_u,0x0026eaa0,0x0026eaa8,0x8
gp_field_get_z_194,0x0026eab0,0x0026eab8,0x8
get_field_val_z_66,0x0026eac0,0x0026eac8,0x8
return_const_1_z_58,0x0026ead0,0x0026ead8,0x8
return_zero_z_130,0x0026eae0,0x0026eae8,0x8
return_const_1_z_59,0x0026eaf0,0x0026eaf8,0x8
noop_wrapper_z_285,0x0026eb00,0x0026eb14,0x14
return_const_1_z_60,0x0026eb20,0x0026eb28,0x8
noop_wrapper_z_286,0x0026eb30,0x0026eb44,0x14
noop_wrapper_z_287,0x0026eb50,0x0026eb64,0x14
return_const_4_r,0x0026eb70,0x0026eb78,0x8
noop_wrapper_z_288,0x0026eb80,0x0026eb94,0x14
noop_wrapper_z_289,0x0026eba0,0x0026ebb4,0x14
noop_wrapper_z_290,0x0026ebc0,0x0026ebd4,0x14
noop_wrapper_z_291,0x0026ebe0,0x0026ebf4,0x14
noop_wrapper_z_292,0x0026ec00,0x0026ec14,0x14
gp_field_get_z_195,0x0026ec20,0x0026ec28,0x8
return_zero_z_131,0x0026ec30,0x0026ec38,0x8
noop_wrapper_z_293,0x0026ec40,0x0026ec74,0x34
noop_wrapper_z_294,0x0026ec80,0x0026ec9c,0x1c
noop_wrapper_z_295,0x0026eca0,0x0026ecb4,0x14
noop_wrapper_z_296,0x0026ecc0,0x0026ecd4,0x14
noop_wrapper_z_297,0x0026ece0,0x0026ecf4,0x14
noop_wrapper_z_298,0x0026ed00,0x0026ed14,0x14
get_data_ptr_j_0,0x0026ed20,0x0026ed2c,0xc
mem_fill_z_348_0,0x0026ed30,0x0026f028,0x2f8
sub_26F030,0x0026f030,0x0026f070,0x40
wrap_obj_set_fields___85,0x0026f070,0x0026f0c0,0x50
obj_set_flag_imm_1,0x0026f0c0,0x0026f0d4,0x14
sub_26F0E0,0x0026f0e0,0x0026f114,0x34
mem_compare_n_0_clone_26,0x0026f120,0x0026f900,0x7e0
sub_26F900,0x0026f900,0x00270088,0x788
sub_270090,0x00270090,0x00270428,0x398
sub_270430,0x00270430,0x00270d48,0x918
str_copy_n_e_clone_54,0x00270d50,0x00271428,0x6d8
sub_271430,0x00271430,0x00271478,0x48
noop_wrapper___,0x00271480,0x002714bc,0x3c
noop_z_191,0x002714c0,0x002714c8,0x8
j_obj_update_camera_and_flags_5,0x002714d0,0x002714d8,0x8
return_zero_z_132,0x002714e0,0x002714e8,0x8
noop_wrapper_z_299,0x002714f0,0x00271500,0x10
wrap_obj_ctor_char_slot_g,0x00271500,0x0027153c,0x3c
get_data_ptr_z_97,0x00271540,0x0027154c,0xc
obj_ctor_init___,0x00271550,0x002715c0,0x70
obj_ctor_init___,0x002715c0,0x00271630,0x70
obj_ctor_init___,0x00271630,0x002716a0,0x70
obj_ctor_init___,0x002716a0,0x00271710,0x70
obj_ctor_init___,0x00271710,0x00271780,0x70
obj_ctor_init___,0x00271780,0x002717f0,0x70
obj_ctor_init___,0x002717f0,0x00271870,0x80
obj_ctor_init___,0x00271870,0x002718f0,0x80
obj_ctor_init___,0x002718f0,0x00271970,0x80
obj_ctor_init___,0x00271970,0x002719f0,0x80
obj_ctor_init___,0x002719f0,0x00271a70,0x80
obj_ctor_init___,0x00271a70,0x00271af0,0x80
obj_ctor_init___,0x00271af0,0x00271b70,0x80
obj_ctor_init___,0x00271b70,0x00271bf0,0x80
obj_ctor_init___,0x00271bf0,0x00271c70,0x80
obj_ctor_init___,0x00271c70,0x00271cf0,0x80
obj_ctor_init___,0x00271cf0,0x00271d70,0x80
obj_ctor_init___,0x00271d70,0x00271df0,0x80
obj_ctor_init___,0x00271df0,0x00271e70,0x80
obj_ctor_init___,0x00271e70,0x00271ef0,0x80
obj_ctor_init___,0x00271ef0,0x00271f70,0x80
obj_ctor_init___,0x00271f70,0x00271ff0,0x80
obj_ctor_init___,0x00271ff0,0x00272070,0x80
obj_ctor_init___,0x00272070,0x002720f0,0x80
particle_burst_init_g,0x002720f0,0x00273040,0xf50
return_zero_z_133,0x00273040,0x00273048,0x8
str_copy_n_e_clone_55,0x00273050,0x00273528,0x4d8
noop_z_192,0x00273530,0x00273538,0x8
obj_play_sound_at_node_k,0x00273540,0x0027357c,0x3c
obj_play_sound_at_node_l,0x00273580,0x002735bc,0x3c
gp_field_get_z_196,0x002735c0,0x002735c8,0x8
wrap_tree_find_node___,0x002735d0,0x002735f4,0x24
obj_set_fields_z_132,0x00273600,0x0027365c,0x5c
gp_field_get_z_197,0x00273660,0x00273668,0x8
get_data_ptr_z_98,0x00273670,0x0027367c,0xc
return_const_5_r,0x00273680,0x00273688,0x8
gp_field_get_z_198,0x00273690,0x00273698,0x8
wrap_tree_find_node___,0x002736a0,0x002736c4,0x24
obj_set_fields_z_133,0x002736d0,0x0027372c,0x5c
gp_field_get_z_199,0x00273730,0x00273738,0x8
get_data_ptr_z_99,0x00273740,0x0027374c,0xc
return_const_5_s,0x00273750,0x00273758,0x8
gp_field_get_z_200,0x00273760,0x00273768,0x8
wrap_tree_find_node___,0x00273770,0x00273794,0x24
obj_set_fields_z_134,0x002737a0,0x002737fc,0x5c
gp_field_get_z_201,0x00273800,0x00273808,0x8
get_data_ptr_z_100,0x00273810,0x0027381c,0xc
return_const_5_t,0x00273820,0x00273828,0x8
gp_field_get_z_202,0x00273830,0x00273838,0x8
euler_to_quat_p_0_clone_06,0x00273840,0x0027426c,0xa2c
return_zero_z_134,0x00274270,0x00274278,0x8
return_zero_z_135,0x00274280,0x00274288,0x8
str_copy_n_e_clone_56,0x00274290,0x002745cc,0x33c
noop_z_193,0x002745d0,0x002745d8,0x8
obj_play_sound_at_node___,0x002745e0,0x0027461c,0x3c
obj_play_sound_at_node___,0x00274620,0x0027465c,0x3c
gp_field_get_z_203,0x00274660,0x00274668,0x8
wrap_tree_find_node___,0x00274670,0x00274694,0x24
obj_set_fields_z_135,0x002746a0,0x002746fc,0x5c
gp_field_get_z_204,0x00274700,0x00274708,0x8
get_data_ptr_z_101,0x00274710,0x0027471c,0xc
return_const_4_s,0x00274720,0x00274728,0x8
gp_field_get_z_205,0x00274730,0x00274738,0x8
sub_274740,0x00274740,0x00274980,0x240
euler_to_quat,0x00274980,0x00274a70,0xf0
sub_274A70,0x00274a70,0x00274dfc,0x38c
gp_field_get_z_206,0x00274e00,0x00274e08,0x8
sub_274E10,0x00274e10,0x00274e80,0x70
sub_274E80,0x00274e80,0x002750b8,0x238
sub_2750C0,0x002750c0,0x00275464,0x3a4
gp_field_get_z_207,0x00275470,0x00275478,0x8
sub_275480,0x00275480,0x002754f0,0x70
sub_2754F0,0x002754f0,0x002756f0,0x200
euler_to_quat_x,0x002756f0,0x00275a54,0x364
gp_field_get_z_208,0x00275a60,0x00275a68,0x8
sub_275A70,0x00275a70,0x00275ae0,0x70
sub_275AE0,0x00275ae0,0x00275cd8,0x1f8
euler_to_quat_y,0x00275ce0,0x00276034,0x354
gp_field_get_z_209,0x00276040,0x00276048,0x8
sub_276050,0x00276050,0x002760c0,0x70
wrap_tree_find_node___,0x002760c0,0x002760e4,0x24
obj_set_fields_z_136,0x002760f0,0x0027614c,0x5c
gp_field_get_z_210,0x00276150,0x00276158,0x8
get_data_ptr_z_102,0x00276160,0x0027616c,0xc
return_const_8_z_8,0x00276170,0x00276178,0x8
return_const_6_z_1,0x00276180,0x00276188,0x8
gp_field_get_z_211,0x00276190,0x00276198,0x8
wrap_tree_find_node___,0x002761a0,0x002761c4,0x24
obj_set_fields_z_137,0x002761d0,0x0027622c,0x5c
gp_field_get_z_212,0x00276230,0x00276238,0x8
get_data_ptr_z_103,0x00276240,0x0027624c,0xc
return_const_8_z_9,0x00276250,0x00276258,0x8
return_const_6_z_2,0x00276260,0x00276268,0x8
gp_field_get_z_213,0x00276270,0x00276278,0x8
wrap_tree_find_node___,0x00276280,0x002762a4,0x24
obj_set_fields_z_138,0x002762b0,0x0027630c,0x5c
gp_field_get_z_214,0x00276310,0x00276318,0x8
get_data_ptr_z_104,0x00276320,0x0027632c,0xc
return_const_8_z_10,0x00276330,0x00276338,0x8
return_const_6_z_3,0x00276340,0x00276348,0x8
gp_field_get_z_215,0x00276350,0x00276358,0x8
wrap_tree_find_node___,0x00276360,0x00276384,0x24
obj_set_fields_z_139,0x00276390,0x002763ec,0x5c
gp_field_get_z_216,0x002763f0,0x002763f8,0x8
get_data_ptr_z_105,0x00276400,0x0027640c,0xc
return_const_8_z_11,0x00276410,0x00276418,0x8
return_const_6_z_4,0x00276420,0x00276428,0x8
gp_field_get_z_217,0x00276430,0x00276438,0x8
wrap_tree_find_node___,0x00276440,0x00276464,0x24
obj_set_fields_z_140,0x00276470,0x002764cc,0x5c
gp_field_get_z_218,0x002764d0,0x002764d8,0x8
get_data_ptr_z_106,0x002764e0,0x002764ec,0xc
return_const_8_z_12,0x002764f0,0x002764f8,0x8
return_const_6_z_5,0x00276500,0x00276508,0x8
gp_field_get_z_219,0x00276510,0x00276518,0x8
wrap_tree_find_node___,0x00276520,0x00276544,0x24
obj_set_fields_z_141,0x00276550,0x002765ac,0x5c
gp_field_get_z_220,0x002765b0,0x002765b8,0x8
get_data_ptr_z_107,0x002765c0,0x002765cc,0xc
return_const_8_z_13,0x002765d0,0x002765d8,0x8
return_const_6_z_6,0x002765e0,0x002765e8,0x8
gp_field_get_z_221,0x002765f0,0x002765f8,0x8
particle_burst_init_h,0x00276600,0x002773dc,0xddc
return_zero_z_136,0x002773e0,0x002773e8,0x8
debris_tick_d,0x002773f0,0x002777b8,0x3c8
noop_z_194,0x002777c0,0x002777c8,0x8
obj_play_sound_at_node_g,0x002777d0,0x0027780c,0x3c
obj_play_sound_at_node_h,0x00277810,0x0027784c,0x3c
gp_field_get_z_222,0x00277850,0x00277858,0x8
wrap_tree_find_node___,0x00277860,0x00277884,0x24
obj_set_fields_z_142,0x00277890,0x002778ec,0x5c
gp_field_get_z_223,0x002778f0,0x002778f8,0x8
get_data_ptr_z_108,0x00277900,0x0027790c,0xc
return_const_6_z_7,0x00277910,0x00277918,0x8
gp_field_get_z_224,0x00277920,0x00277928,0x8
wrap_tree_find_node___,0x00277930,0x00277954,0x24
obj_set_fields_z_143,0x00277960,0x002779bc,0x5c
gp_field_get_z_225,0x002779c0,0x002779c8,0x8
get_data_ptr_z_109,0x002779d0,0x002779dc,0xc
return_const_5_u,0x002779e0,0x002779e8,0x8
gp_field_get_z_226,0x002779f0,0x002779f8,0x8
wrap_tree_find_node___,0x00277a00,0x00277a24,0x24
obj_set_fields_z_144,0x00277a30,0x00277a8c,0x5c
gp_field_get_z_227,0x00277a90,0x00277a98,0x8
get_data_ptr_z_110,0x00277aa0,0x00277aac,0xc
return_const_5_v,0x00277ab0,0x00277ab8,0x8
gp_field_get_z_228,0x00277ac0,0x00277ac8,0x8
wrap_tree_find_node___,0x00277ad0,0x00277af4,0x24
obj_set_fields_z_145,0x00277b00,0x00277b5c,0x5c
gp_field_get_z_229,0x00277b60,0x00277b68,0x8
get_data_ptr_z_111,0x00277b70,0x00277b7c,0xc
return_const_4_t,0x00277b80,0x00277b88,0x8
gp_field_get_z_230,0x00277b90,0x00277b98,0x8
wrap_tree_find_node___,0x00277ba0,0x00277bc4,0x24
obj_set_fields_z_146,0x00277bd0,0x00277c2c,0x5c
gp_field_get_z_231,0x00277c30,0x00277c38,0x8
get_data_ptr_z_112,0x00277c40,0x00277c4c,0xc
return_const_4_u,0x00277c50,0x00277c58,0x8
gp_field_get_z_232,0x00277c60,0x00277c68,0x8
particle_burst_init_i,0x00277c70,0x00278854,0xbe4
return_zero_z_137,0x00278860,0x00278868,0x8
debris_tick_g,0x00278870,0x00278c4c,0x3dc
noop_z_195,0x00278c50,0x00278c58,0x8
obj_play_sound_at_node_i,0x00278c60,0x00278c9c,0x3c
obj_play_sound_at_node_j,0x00278ca0,0x00278cdc,0x3c
gp_field_get_z_233,0x00278ce0,0x00278ce8,0x8
wrap_tree_find_node___,0x00278cf0,0x00278d14,0x24
obj_set_fields_z_147,0x00278d20,0x00278d7c,0x5c
gp_field_get_z_234,0x00278d80,0x00278d88,0x8
get_data_ptr_z_113,0x00278d90,0x00278d9c,0xc
return_const_3_n,0x00278da0,0x00278da8,0x8
return_zero_z_138,0x00278db0,0x00278db8,0x8
gp_field_get_z_235,0x00278dc0,0x00278dc8,0x8
wrap_tree_find_node___,0x00278dd0,0x00278df4,0x24
obj_set_fields_z_148,0x00278e00,0x00278e5c,0x5c
gp_field_get_z_236,0x00278e60,0x00278e68,0x8
get_data_ptr_z_114,0x00278e70,0x00278e7c,0xc
return_const_3_o,0x00278e80,0x00278e88,0x8
return_const_1_z_61,0x00278e90,0x00278e98,0x8
gp_field_get_z_237,0x00278ea0,0x00278ea8,0x8
wrap_tree_find_node___,0x00278eb0,0x00278ed4,0x24
obj_set_fields_z_149,0x00278ee0,0x00278f3c,0x5c
gp_field_get_z_238,0x00278f40,0x00278f48,0x8
get_data_ptr_z_115,0x00278f50,0x00278f5c,0xc
return_const_3_p,0x00278f60,0x00278f68,0x8
return_const_1_z_62,0x00278f70,0x00278f78,0x8
gp_field_get_z_239,0x00278f80,0x00278f88,0x8
particle_burst_init_j,0x00278f90,0x00279828,0x898
return_zero_z_139,0x00279830,0x00279838,0x8
debris_tick_k,0x00279840,0x00279c24,0x3e4
noop_z_196,0x00279c30,0x00279c38,0x8
obj_play_sound_at_node_m,0x00279c40,0x00279c7c,0x3c
obj_play_sound_at_node_n,0x00279c80,0x00279cbc,0x3c
gp_field_get_z_240,0x00279cc0,0x00279cc8,0x8
get_field_val_z_67,0x00279cd0,0x00279cd8,0x8
return_const_2_v,0x00279ce0,0x00279ce8,0x8
pass_identity_i_0,0x00279cf0,0x00279cf8,0x8
return_const_4_v,0x00279d00,0x00279d08,0x8
noop_wrapper_z_300,0x00279d10,0x00279d28,0x18
return_const_3_q,0x00279d30,0x00279d38,0x8
noop_wrapper_z_301,0x00279d40,0x00279d58,0x18
noop_wrapper_z_302,0x00279d60,0x00279d74,0x14
return_const_4_w,0x00279d80,0x00279d88,0x8
noop_wrapper_z_303,0x00279d90,0x00279da4,0x14
noop_wrapper_z_304,0x00279db0,0x00279dc4,0x14
noop_wrapper_z_305,0x00279dd0,0x00279de4,0x14
noop_wrapper_z_306,0x00279df0,0x00279e04,0x14
noop_wrapper_z_307,0x00279e10,0x00279e24,0x14
gp_field_get_z_241,0x00279e30,0x00279e38,0x8
return_zero_z_140,0x00279e40,0x00279e48,0x8
noop_wrapper_z_308,0x00279e50,0x00279e84,0x34
noop_wrapper_z_309,0x00279e90,0x00279eb0,0x20
noop_wrapper_z_310,0x00279eb0,0x00279ec4,0x14
noop_wrapper_z_311,0x00279ed0,0x00279ee4,0x14
noop_wrapper_z_312,0x00279ef0,0x00279f04,0x14
noop_wrapper_z_313,0x00279f10,0x00279f24,0x14
get_data_ptr_k_0,0x00279f30,0x00279f3c,0xc
mem_fill_z_163,0x00279f40,0x0027a0f4,0x1b4
noop_z_197,0x0027a100,0x0027a108,0x8
noop_z_198,0x0027a110,0x0027a118,0x8
sub_27A120,0x0027a120,0x0027a264,0x144
sub_27A270,0x0027a270,0x0027a2b8,0x48
obj_set_fields___34_1,0x0027a2c0,0x0027a430,0x170
noop_z_199,0x0027a430,0x0027a438,0x8
j_obj_update_camera_and_flags_6,0x0027a440,0x0027a448,0x8
mem_fill_z_31_clone_16,0x0027a450,0x0027a7c4,0x374
wrap_obj_ctor_char_slot_h,0x0027a7d0,0x0027a80c,0x3c
get_data_ptr_z_116,0x0027a810,0x0027a81c,0xc
obj_ctor_init___,0x0027a820,0x0027a890,0x70
obj_ctor_init___,0x0027a890,0x0027a900,0x70
obj_ctor_init___,0x0027a900,0x0027a970,0x70
obj_ctor_init___,0x0027a970,0x0027a9e0,0x70
obj_ctor_init___,0x0027a9e0,0x0027aa50,0x70
obj_ctor_init___,0x0027aa50,0x0027aac0,0x70
obj_ctor_init___,0x0027aac0,0x0027ab30,0x70
obj_ctor_init___,0x0027ab30,0x0027aba0,0x70
obj_ctor_init___,0x0027aba0,0x0027ac20,0x80
obj_ctor_init___,0x0027ac20,0x0027aca0,0x80
obj_ctor_init___,0x0027aca0,0x0027ad20,0x80
obj_ctor_init___,0x0027ad20,0x0027ada0,0x80
obj_ctor_init___,0x0027ada0,0x0027ae20,0x80
obj_ctor_init___,0x0027ae20,0x0027aea0,0x80
obj_ctor_init___,0x0027aea0,0x0027af20,0x80
obj_ctor_init___,0x0027af20,0x0027afa0,0x80
obj_ctor_init___,0x0027afa0,0x0027b020,0x80
obj_ctor_init___,0x0027b020,0x0027b0a0,0x80
obj_ctor_init___,0x0027b0a0,0x0027b120,0x80
obj_ctor_init___,0x0027b120,0x0027b1a0,0x80
obj_ctor_init___,0x0027b1a0,0x0027b220,0x80
vtable_dispatch___,0x0027b220,0x0027b254,0x34
obj_set_field_pair___,0x0027b260,0x0027b290,0x30
sub_27B290,0x0027b290,0x0027b698,0x408
mem_fill_z_164,0x0027b6a0,0x0027c8e0,0x1240
gp_field_get_z_242,0x0027c8e0,0x0027c8e8,0x8
sub_27C8F0,0x0027c8f0,0x0027c960,0x70
vtable_dispatch___,0x0027c960,0x0027c994,0x34
mem_fill_z_165,0x0027c9a0,0x0027cbd8,0x238
euler_to_quat_z,0x0027cbe0,0x0027cd50,0x170
gp_field_get_z_243,0x0027cd50,0x0027cd58,0x8
sub_27CD60,0x0027cd60,0x0027cdd0,0x70
vtable_dispatch___,0x0027cdd0,0x0027ce04,0x34
sub_27CE10,0x0027ce10,0x0027d1f0,0x3e0
euler_to_quat_z_0,0x0027d1f0,0x0027e458,0x1268
noop_wrapper_z_314,0x0027e460,0x0027e48c,0x2c
gp_field_get_z_244,0x0027e490,0x0027e498,0x8
sub_27E4A0,0x0027e4a0,0x0027e510,0x70
sub_27E510,0x0027e510,0x0027e628,0x118
sub_27E630,0x0027e630,0x0027e788,0x158
mem_fill_z_55_clone_13,0x0027e790,0x0027eae0,0x350
sub_27EAE0,0x0027eae0,0x0027ec10,0x130
sub_27EC10,0x0027ec10,0x0027edf4,0x1e4
euler_to_quat_z_1,0x0027ee00,0x0027f528,0x728
scene_node_requeue_clone_08,0x00280550,0x00280600,0xb0
wrap_tree_find_node___,0x00280600,0x00280624,0x24
obj_set_fields_z_150,0x00280630,0x0028068c,0x5c
gp_field_get_z_245,0x00280690,0x00280698,0x8
get_data_ptr_z_117,0x002806a0,0x002806ac,0xc
return_const_8_z_14,0x002806b0,0x002806b8,0x8
return_const_7_u,0x002806c0,0x002806c8,0x8
mem_fill_z_166,0x002806d0,0x002810d8,0xa08
str_copy_n_e_clone_57,0x002810e0,0x002813f0,0x310
noop_z_200,0x002813f0,0x002813f8,0x8
obj_play_sound_at_node_,0x00281400,0x0028143c,0x3c
obj_play_sound_at_node___,0x00281440,0x0028147c,0x3c
gp_field_get_z_246,0x00281480,0x00281488,0x8
wrap_tree_find_node___,0x00281490,0x002814b4,0x24
obj_set_fields_z_151,0x002814c0,0x0028151c,0x5c
gp_field_get_z_247,0x00281520,0x00281528,0x8
get_data_ptr_z_118,0x00281530,0x0028153c,0xc
return_const_8_z_15,0x00281540,0x00281548,0x8
return_const_1_z_63,0x00281550,0x00281558,0x8
mem_fill_z_167,0x00281560,0x00281f2c,0x9cc
mem_fill_z_168,0x00281f30,0x00282304,0x3d4
noop_z_201,0x00282310,0x00282318,0x8
obj_play_sound_at_node___,0x00282320,0x0028235c,0x3c
obj_play_sound_at_node___,0x00282360,0x0028239c,0x3c
gp_field_get_z_248,0x002823a0,0x002823a8,0x8
effect_spawn_colored_clone_02,0x002823b0,0x002826cc,0x31c
return_zero_z_141,0x002826d0,0x002826d8,0x8
particle_burst_init_d_clone_01,0x002826e0,0x002829f8,0x318
return_zero_z_142,0x00282a00,0x00282a08,0x8
str_copy_n_e_clone_58,0x00282a10,0x00282f54,0x544
mem_fill_z_169,0x00282f60,0x002833ac,0x44c
mem_fill_z_170,0x002833b0,0x00283c28,0x878
mem_compare_n_0_clone_27,0x00283c30,0x00283e68,0x238
noop_z_202,0x00283e70,0x00283e78,0x8
obj_play_sound_at_node___,0x00283e80,0x00283ebc,0x3c
obj_play_sound_at_node___,0x00283ec0,0x00283efc,0x3c
wrap_obj_fire_particle_b,0x00283f00,0x00283f28,0x28
gp_field_get_z_249,0x00283f30,0x00283f38,0x8
wrap_tree_find_node___,0x00283f40,0x00283f64,0x24
obj_set_fields_z_152,0x00283f70,0x00283fcc,0x5c
gp_field_get_z_250,0x00283fd0,0x00283fd8,0x8
get_data_ptr_z_119,0x00283fe0,0x00283fec,0xc
gp_field_get_z_251,0x00283ff0,0x00283ff8,0x8
wrap_tree_find_node___,0x00284000,0x00284024,0x24
obj_set_fields_z_153,0x00284030,0x0028408c,0x5c
gp_field_get_z_252,0x00284090,0x00284098,0x8
get_data_ptr_z_120,0x002840a0,0x002840ac,0xc
gp_field_get_z_253,0x002840b0,0x002840b8,0x8
particle_burst_init_a,0x002840c0,0x00284edc,0xe1c
return_zero_z_143,0x00284ee0,0x00284ee8,0x8
return_zero_z_144,0x00284ef0,0x00284ef8,0x8
return_zero_z_145,0x00284f00,0x00284f08,0x8
anim_bone_tick,0x00284f10,0x0028540c,0x4fc
anim_bone_tick_b,0x00285410,0x00285418,0x8
obj_play_sound_at_node_k,0x00285420,0x0028545c,0x3c
obj_play_sound_at_node_l,0x00285460,0x0028549c,0x3c
return_const_1_z_64,0x002854a0,0x002854a8,0x8
gp_field_get_z_254,0x002854b0,0x002854b8,0x8
wrap_tree_find_node___,0x002854c0,0x002854e4,0x24
obj_set_fields_z_154,0x002854f0,0x0028554c,0x5c
gp_field_get_z_255,0x00285550,0x00285558,0x8
get_data_ptr_z_121,0x00285560,0x0028556c,0xc
return_const_1_z_65,0x00285570,0x00285578,0x8
gp_field_get_z_256,0x00285580,0x00285588,0x8
wrap_tree_find_node___,0x00285590,0x002855b4,0x24
obj_set_fields_z_155,0x002855c0,0x0028561c,0x5c
gp_field_get_z_257,0x00285620,0x00285628,0x8
get_data_ptr_z_122,0x00285630,0x0028563c,0xc
return_const_1_z_66,0x00285640,0x00285648,0x8
gp_field_get_z_258,0x00285650,0x00285658,0x8
wrap_tree_find_node___,0x00285660,0x00285684,0x24
obj_set_fields_z_156,0x00285690,0x002856ec,0x5c
gp_field_get_z_259,0x002856f0,0x002856f8,0x8
get_data_ptr_z_123,0x00285700,0x0028570c,0xc
return_const_4_x,0x00285710,0x00285718,0x8
gp_field_get_z_260,0x00285720,0x00285728,0x8
wrap_tree_find_node___,0x00285730,0x00285754,0x24
obj_set_fields_z_157,0x00285760,0x002857bc,0x5c
gp_field_get_z_261,0x002857c0,0x002857c8,0x8
get_data_ptr_z_124,0x002857d0,0x002857dc,0xc
return_const_4_y,0x002857e0,0x002857e8,0x8
gp_field_get_z_262,0x002857f0,0x002857f8,0x8
return_const_1_z_67,0x00285800,0x00285808,0x8
wrap_tree_find_node___,0x00285810,0x00285834,0x24
obj_set_fields_z_158,0x00285840,0x0028589c,0x5c
gp_field_get_z_263,0x002858a0,0x002858a8,0x8
get_data_ptr_z_125,0x002858b0,0x002858bc,0xc
return_const_4_z,0x002858c0,0x002858c8,0x8
gp_field_get_z_264,0x002858d0,0x002858d8,0x8
return_const_1_z_68,0x002858e0,0x002858e8,0x8
wrap_tree_find_node___,0x002858f0,0x00285914,0x24
obj_set_fields_z_159,0x00285920,0x0028597c,0x5c
gp_field_get_z_265,0x00285980,0x00285988,0x8
get_data_ptr_z_126,0x00285990,0x0028599c,0xc
return_const_1_z_69,0x002859a0,0x002859a8,0x8
gp_field_get_z_266,0x002859b0,0x002859b8,0x8
wrap_tree_find_node___,0x002859c0,0x002859e4,0x24
obj_set_fields_z_160,0x002859f0,0x00285a4c,0x5c
gp_field_get_z_267,0x00285a50,0x00285a58,0x8
get_data_ptr_z_127,0x00285a60,0x00285a6c,0xc
return_const_4_z_0,0x00285a70,0x00285a78,0x8
gp_field_get_z_268,0x00285a80,0x00285a88,0x8
wrap_tree_find_node___,0x00285a90,0x00285ab4,0x24
obj_set_fields_z_161,0x00285ac0,0x00285b1c,0x5c
gp_field_get_z_269,0x00285b20,0x00285b28,0x8
get_data_ptr_z_128,0x00285b30,0x00285b3c,0xc
return_const_4_z_1,0x00285b40,0x00285b48,0x8
gp_field_get_z_270,0x00285b50,0x00285b58,0x8
return_const_1_z_70,0x00285b60,0x00285b68,0x8
wrap_tree_find_node___,0x00285b70,0x00285b94,0x24
obj_set_fields_z_162,0x00285ba0,0x00285bfc,0x5c
gp_field_get_z_271,0x00285c00,0x00285c08,0x8
get_data_ptr_z_129,0x00285c10,0x00285c1c,0xc
return_const_1_z_71,0x00285c20,0x00285c28,0x8
gp_field_get_z_272,0x00285c30,0x00285c38,0x8
str_copy_n_e_clone_59,0x00285c40,0x0028650c,0x8cc
return_zero_z_146,0x00286510,0x00286518,0x8
return_zero_z_147,0x00286520,0x00286528,0x8
str_copy_n_e_clone_60,0x00286530,0x0028693c,0x40c
noop_z_203,0x00286940,0x00286948,0x8
obj_play_sound_at_node___,0x00286950,0x0028698c,0x3c
obj_play_sound_at_node___,0x00286990,0x002869cc,0x3c
return_const_1_z_72,0x002869d0,0x002869d8,0x8
return_const_1_z_73,0x002869e0,0x002869e8,0x8
gp_field_get_z_273,0x002869f0,0x002869f8,0x8
wrap_tree_find_node___,0x00286a00,0x00286a24,0x24
obj_set_fields_z_163,0x00286a30,0x00286a8c,0x5c
gp_field_get_z_274,0x00286a90,0x00286a98,0x8
get_data_ptr_z_130,0x00286aa0,0x00286aac,0xc
gp_field_get_z_275,0x00286ab0,0x00286ab8,0x8
wrap_tree_find_node___,0x00286ac0,0x00286ae4,0x24
obj_set_fields_z_164,0x00286af0,0x00286b4c,0x5c
gp_field_get_z_276,0x00286b50,0x00286b58,0x8
get_data_ptr_z_131,0x00286b60,0x00286b6c,0xc
gp_field_get_z_277,0x00286b70,0x00286b78,0x8
wrap_tree_find_node___,0x00286b80,0x00286ba4,0x24
obj_set_fields_z_165,0x00286bb0,0x00286c0c,0x5c
gp_field_get_z_278,0x00286c10,0x00286c18,0x8
get_data_ptr_z_132,0x00286c20,0x00286c2c,0xc
return_const_8_z_16,0x00286c30,0x00286c38,0x8
return_const_5_w,0x00286c40,0x00286c48,0x8
mem_fill_z_171,0x00286c50,0x00287850,0xc00
mem_fill_z_172,0x00287850,0x00287c9c,0x44c
noop_z_204,0x00287ca0,0x00287ca8,0x8
obj_play_sound_at_node___,0x00287cb0,0x00287cec,0x3c
obj_play_sound_at_node___,0x00287cf0,0x00287d2c,0x3c
gp_field_get_z_279,0x00287d30,0x00287d38,0x8
get_field_val_z_68,0x00287d40,0x00287d48,0x8
return_const_1_z_74,0x00287d50,0x00287d58,0x8
pass_identity_j_0,0x00287d60,0x00287d68,0x8
return_zero_z_148,0x00287d70,0x00287d78,0x8
noop_wrapper_z_315,0x00287d80,0x00287d94,0x14
return_zero_z_149,0x00287da0,0x00287da8,0x8
noop_wrapper_z_316,0x00287db0,0x00287dc4,0x14
noop_wrapper_z_317,0x00287dd0,0x00287de4,0x14
return_const_2_w,0x00287df0,0x00287df8,0x8
noop_wrapper_z_318,0x00287e00,0x00287e14,0x14
noop_wrapper_z_319,0x00287e20,0x00287e34,0x14
noop_wrapper_z_320,0x00287e40,0x00287e54,0x14
noop_wrapper_z_321,0x00287e60,0x00287e74,0x14
noop_wrapper_z_322,0x00287e80,0x00287e94,0x14
gp_field_get_z_280,0x00287ea0,0x00287ea8,0x8
return_zero_z_150,0x00287eb0,0x00287eb8,0x8
noop_wrapper_z_323,0x00287ec0,0x00287ef4,0x34
noop_wrapper_z_324,0x00287f00,0x00287f1c,0x1c
noop_wrapper_z_325,0x00287f20,0x00287f34,0x14
noop_wrapper_z_326,0x00287f40,0x00287f54,0x14
noop_wrapper_z_327,0x00287f60,0x00287f74,0x14
noop_wrapper_z_328,0x00287f80,0x00287f94,0x14
get_data_ptr_l_0,0x00287fa0,0x00287fac,0xc
sub_287FB0,0x00287fb0,0x0028818c,0x1dc
noop_z_205,0x00288190,0x00288198,0x8
noop_z_206,0x002881a0,0x002881a8,0x8
sub_2881B0,0x002881b0,0x00288254,0xa4
sub_288260,0x00288260,0x00288408,0x1a8
sub_288410,0x00288410,0x00288458,0x48
sub_288460,0x00288460,0x002885f0,0x190
noop_z_207,0x002885f0,0x002885f8,0x8
j_obj_update_camera_and_flags_7,0x00288600,0x00288608,0x8
return_zero_z_151,0x00288610,0x00288618,0x8
wrap_obj_ctor_char_slot_i,0x00288620,0x0028865c,0x3c
get_data_ptr_z_133,0x00288660,0x0028866c,0xc
obj_ctor_init___,0x00288670,0x002886e0,0x70
obj_ctor_init___,0x002886e0,0x00288750,0x70
obj_ctor_init___,0x00288750,0x002887c0,0x70
obj_ctor_init___,0x002887c0,0x00288830,0x70
obj_ctor_init___,0x00288830,0x002888a0,0x70
obj_ctor_init___,0x002888a0,0x00288910,0x70
obj_ctor_init___,0x00288910,0x00288990,0x80
obj_ctor_init___,0x00288990,0x00288a10,0x80
obj_ctor_init___,0x00288a10,0x00288a90,0x80
obj_ctor_init___,0x00288a90,0x00288b10,0x80
obj_ctor_init___,0x00288b10,0x00288b90,0x80
obj_ctor_init___,0x00288b90,0x00288c10,0x80
obj_ctor_init___,0x00288c10,0x00288c90,0x80
obj_ctor_init___,0x00288c90,0x00288d10,0x80
obj_ctor_init___,0x00288d10,0x00288d90,0x80
obj_ctor_init___,0x00288d90,0x00288e10,0x80
obj_ctor_init___,0x00288e10,0x00288e90,0x80
obj_ctor_init___,0x00288e90,0x00288f10,0x80
obj_ctor_init___,0x00288f10,0x00288f90,0x80
obj_ctor_init___,0x00288f90,0x00289010,0x80
obj_ctor_init___,0x00289010,0x00289090,0x80
obj_ctor_init___,0x00289090,0x00289110,0x80
get_field_val_z_69,0x00289110,0x00289118,0x8
return_const_1_z_75,0x00289120,0x00289128,0x8
pass_identity_k_0,0x00289130,0x00289138,0x8
return_const_1_z_76,0x00289140,0x00289148,0x8
noop_wrapper_z_329,0x00289150,0x00289164,0x14
return_const_1_z_77,0x00289170,0x00289178,0x8
noop_wrapper_z_330,0x00289180,0x00289194,0x14
noop_wrapper_z_331,0x002891a0,0x002891b4,0x14
return_const_2_x,0x002891c0,0x002891c8,0x8
noop_wrapper_z_332,0x002891d0,0x002891e4,0x14
noop_wrapper_z_333,0x002891f0,0x00289204,0x14
noop_wrapper_z_334,0x00289210,0x00289224,0x14
noop_wrapper_z_335,0x00289230,0x00289244,0x14
noop_wrapper_z_336,0x00289250,0x00289264,0x14
gp_field_get_z_281,0x00289270,0x00289278,0x8
return_zero_z_152,0x00289280,0x00289288,0x8
noop_wrapper_z_337,0x00289290,0x002892c4,0x34
noop_wrapper_z_338,0x002892d0,0x002892ec,0x1c
noop_wrapper_z_339,0x002892f0,0x00289304,0x14
noop_wrapper_z_340,0x00289310,0x00289324,0x14
noop_wrapper_z_341,0x00289330,0x00289344,0x14
noop_wrapper_z_342,0x00289350,0x00289364,0x14
get_data_ptr_m_0,0x00289370,0x0028937c,0xc
sub_289380,0x00289380,0x002894b8,0x138
noop_z_208,0x002894c0,0x002894c8,0x8
noop_z_209,0x002894d0,0x002894d8,0x8
sub_2894E0,0x002894e0,0x00289584,0xa4
sub_289590,0x00289590,0x0028974c,0x1bc
sub_289750,0x00289750,0x00289798,0x48
sub_2897A0,0x002897a0,0x00289a10,0x270
noop_z_210,0x00289a10,0x00289a18,0x8
j_obj_update_camera_and_flags_8,0x00289a20,0x00289a28,0x8
return_zero_z_153,0x00289a30,0x00289a38,0x8
wrap_obj_ctor_char_slot_j,0x00289a40,0x00289a7c,0x3c
get_data_ptr_z_134,0x00289a80,0x00289a8c,0xc
obj_ctor_init___,0x00289a90,0x00289b00,0x70
wrap_tree_find_node___,0x00289b00,0x00289b24,0x24
obj_set_fields_z_166,0x00289b30,0x00289b8c,0x5c
gp_field_get_z_282,0x00289b90,0x00289b98,0x8
get_data_ptr_z_135,0x00289ba0,0x00289bac,0xc
return_const_5_x,0x00289bb0,0x00289bb8,0x8
gp_field_get_z_283,0x00289bc0,0x00289bc8,0x8
wrap_tree_find_node___,0x00289bd0,0x00289bf4,0x24
obj_set_fields_z_167,0x00289c00,0x00289c5c,0x5c
gp_field_get_z_284,0x00289c60,0x00289c68,0x8
get_data_ptr_z_136,0x00289c70,0x00289c7c,0xc
return_const_5_y,0x00289c80,0x00289c88,0x8
gp_field_get_z_285,0x00289c90,0x00289c98,0x8
euler_to_quat_p_0_clone_07,0x00289ca0,0x0028a694,0x9f4
return_zero_z_154,0x0028a6a0,0x0028a6a8,0x8
return_zero_z_155,0x0028a6b0,0x0028a6b8,0x8
str_copy_n_e_clone_61,0x0028a6c0,0x0028a9fc,0x33c
noop_z_211,0x0028aa00,0x0028aa08,0x8
obj_play_sound_at_node___,0x0028aa10,0x0028aa4c,0x3c
obj_play_sound_at_node___,0x0028aa50,0x0028aa8c,0x3c
gp_field_get_z_286,0x0028aa90,0x0028aa98,0x8
scene_graph_flush_clone_06,0x0028aaa0,0x0028adf8,0x358
mem_fill_z_173,0x0028ae00,0x0028b44c,0x64c
gp_field_get_z_287,0x0028b450,0x0028b458,0x8
sub_28B460,0x0028b460,0x0028b4d0,0x70
pass_identity_d_clone_112,0x0028b4d0,0x0028b508,0x38
obj_set_fields_z_168,0x0028b510,0x0028b56c,0x5c
return_zero_z_156,0x0028b570,0x0028b578,0x8
gp_field_get_z_288,0x0028b580,0x0028b588,0x8
gp_field_get_z_289,0x0028b590,0x0028b598,0x8
pass_identity_d_clone_113,0x0028b5a0,0x0028b5d4,0x34
obj_set_fields_z_169,0x0028b5e0,0x0028b63c,0x5c
return_const_2_y,0x0028b640,0x0028b648,0x8
gp_field_get_z_290,0x0028b650,0x0028b658,0x8
wrap_tree_find_node___,0x0028b660,0x0028b684,0x24
get_data_ptr_z_137,0x0028b690,0x0028b69c,0xc
singleton_lazy_init___,0x0028b6a0,0x0028c158,0xab8
str_copy_n_e_clone_62,0x0028c160,0x0028c52c,0x3cc
noop_z_212,0x0028c530,0x0028c538,0x8
obj_set_fields___,0x0028c540,0x0028c5b4,0x74
obj_play_sound_at_node___,0x0028c5c0,0x0028c5fc,0x3c
obj_play_sound_at_node___,0x0028c600,0x0028c63c,0x3c
gp_field_get_z_291,0x0028c640,0x0028c648,0x8
mem_fill_z_174,0x0028c650,0x0028ce6c,0x81c
mem_fill_z_175,0x0028ce70,0x0028d58c,0x71c
noop_z_213,0x0028d590,0x0028d598,0x8
wrap_tree_find_node___,0x0028d5a0,0x0028d5c4,0x24
obj_set_fields_z_170,0x0028d5d0,0x0028d62c,0x5c
gp_field_get_z_292,0x0028d630,0x0028d638,0x8
get_data_ptr_z_138,0x0028d640,0x0028d64c,0xc
gp_field_get_z_293,0x0028d650,0x0028d658,0x8
wrap_tree_find_node___,0x0028d660,0x0028d684,0x24
obj_set_fields_z_171,0x0028d690,0x0028d6ec,0x5c
gp_field_get_z_294,0x0028d6f0,0x0028d6f8,0x8
get_data_ptr_z_139,0x0028d700,0x0028d70c,0xc
return_const_8_z_17,0x0028d710,0x0028d718,0x8
return_const_8_z_18,0x0028d720,0x0028d728,0x8
return_const_4_z_2,0x0028d730,0x0028d738,0x8
gp_field_get_z_295,0x0028d740,0x0028d748,0x8
wrap_tree_find_node___,0x0028d750,0x0028d774,0x24
obj_set_fields_z_172,0x0028d780,0x0028d7dc,0x5c
gp_field_get_z_296,0x0028d7e0,0x0028d7e8,0x8
get_data_ptr_z_140,0x0028d7f0,0x0028d7fc,0xc
return_const_8_z_19,0x0028d800,0x0028d808,0x8
return_const_8_z_20,0x0028d810,0x0028d818,0x8
return_const_3_r,0x0028d820,0x0028d828,0x8
gp_field_get_z_297,0x0028d830,0x0028d838,0x8
wrap_tree_find_node___,0x0028d840,0x0028d864,0x24
obj_set_fields_z_173,0x0028d870,0x0028d8cc,0x5c
gp_field_get_z_298,0x0028d8d0,0x0028d8d8,0x8
get_data_ptr_z_141,0x0028d8e0,0x0028d8ec,0xc
return_const_8_z_21,0x0028d8f0,0x0028d8f8,0x8
return_const_8_z_22,0x0028d900,0x0028d908,0x8
return_const_3_s,0x0028d910,0x0028d918,0x8
gp_field_get_z_299,0x0028d920,0x0028d928,0x8
singleton_lazy_init_e,0x0028d930,0x0028e820,0xef0
return_zero_z_157,0x0028e820,0x0028e828,0x8
debris_tick_b,0x0028e830,0x0028ece0,0x4b0
noop_z_214,0x0028ece0,0x0028ece8,0x8
obj_play_sound_at_node_m,0x0028ecf0,0x0028ed2c,0x3c
obj_play_sound_at_node_n,0x0028ed30,0x0028ed6c,0x3c
gp_field_get_z_300,0x0028ed70,0x0028ed78,0x8
wrap_tree_find_node___,0x0028ed80,0x0028eda4,0x24
obj_set_fields_z_174,0x0028edb0,0x0028ee0c,0x5c
gp_field_get_z_301,0x0028ee10,0x0028ee18,0x8
get_data_ptr_z_142,0x0028ee20,0x0028ee2c,0xc
gp_field_get_z_302,0x0028ee30,0x0028ee38,0x8
wrap_tree_find_node___,0x0028ee40,0x0028ee64,0x24
obj_set_fields_z_175,0x0028ee70,0x0028eecc,0x5c
gp_field_get_z_303,0x0028eed0,0x0028eed8,0x8
get_data_ptr_z_143,0x0028eee0,0x0028eeec,0xc
gp_field_get_z_304,0x0028eef0,0x0028eef8,0x8
wrap_tree_find_node___,0x0028ef00,0x0028ef24,0x24
obj_set_fields_z_176,0x0028ef30,0x0028ef8c,0x5c
gp_field_get_z_305,0x0028ef90,0x0028ef98,0x8
get_data_ptr_z_144,0x0028efa0,0x0028efac,0xc
gp_field_get_z_306,0x0028efb0,0x0028efb8,0x8
wrap_tree_find_node___,0x0028efc0,0x0028efe4,0x24
obj_set_fields_z_177,0x0028eff0,0x0028f04c,0x5c
gp_field_get_z_307,0x0028f050,0x0028f058,0x8
get_data_ptr_z_145,0x0028f060,0x0028f06c,0xc
gp_field_get_z_308,0x0028f070,0x0028f078,0x8
particle_burst_init_b,0x0028f080,0x0028fe6c,0xdec
return_zero_z_158,0x0028fe70,0x0028fe78,0x8
return_zero_z_159,0x0028fe80,0x0028fe88,0x8
debris_tick_c,0x0028fe90,0x002903d0,0x540
noop_z_215,0x002903d0,0x002903d8,0x8
obj_play_sound_at_node_o,0x002903e0,0x0029041c,0x3c
obj_play_sound_at_node_p,0x00290420,0x0029045c,0x3c
return_const_1_z_78,0x00290460,0x00290468,0x8
gp_field_get_z_309,0x00290470,0x00290478,0x8
wrap_tree_find_node___,0x00290480,0x002904a4,0x24
obj_set_fields_z_178,0x002904b0,0x0029050c,0x5c
gp_field_get_z_310,0x00290510,0x00290518,0x8
get_data_ptr_z_146,0x00290520,0x0029052c,0xc
return_const_8_z_23,0x00290530,0x00290538,0x8
return_const_8_z_24,0x00290540,0x00290548,0x8
return_const_4_z_3,0x00290550,0x00290558,0x8
gp_field_get_z_311,0x00290560,0x00290568,0x8
wrap_tree_find_node___,0x00290570,0x00290594,0x24
obj_set_fields_z_179,0x002905a0,0x002905fc,0x5c
gp_field_get_z_312,0x00290600,0x00290608,0x8
get_data_ptr_z_147,0x00290610,0x0029061c,0xc
return_const_8_z_25,0x00290620,0x00290628,0x8
return_const_8_z_26,0x00290630,0x00290638,0x8
return_const_4_z_4,0x00290640,0x00290648,0x8
gp_field_get_z_313,0x00290650,0x00290658,0x8
wrap_tree_find_node___,0x00290660,0x00290684,0x24
obj_set_fields_z_180,0x00290690,0x002906ec,0x5c
gp_field_get_z_314,0x002906f0,0x002906f8,0x8
get_data_ptr_z_148,0x00290700,0x0029070c,0xc
return_const_8_z_27,0x00290710,0x00290718,0x8
return_const_8_z_28,0x00290720,0x00290728,0x8
return_const_3_t,0x00290730,0x00290738,0x8
gp_field_get_z_315,0x00290740,0x00290748,0x8
wrap_tree_find_node___,0x00290750,0x00290774,0x24
obj_set_fields_z_181,0x00290780,0x002907dc,0x5c
gp_field_get_z_316,0x002907e0,0x002907e8,0x8
get_data_ptr_z_149,0x002907f0,0x002907fc,0xc
return_const_8_z_29,0x00290800,0x00290808,0x8
return_const_8_z_30,0x00290810,0x00290818,0x8
return_const_3_u,0x00290820,0x00290828,0x8
gp_field_get_z_317,0x00290830,0x00290838,0x8
wrap_tree_find_node___,0x00290840,0x00290864,0x24
obj_set_fields_z_182,0x00290870,0x002908cc,0x5c
gp_field_get_z_318,0x002908d0,0x002908d8,0x8
get_data_ptr_z_150,0x002908e0,0x002908ec,0xc
return_const_8_z_31,0x002908f0,0x002908f8,0x8
return_const_8_z_32,0x00290900,0x00290908,0x8
return_const_3_v,0x00290910,0x00290918,0x8
gp_field_get_z_319,0x00290920,0x00290928,0x8
obj_fire_particle,0x00290930,0x00290a28,0xf8
noop_wrapper___,0x00290a30,0x00290a40,0x10
noop_wrapper___,0x00290a40,0x00290a4c,0xc
noop_wrapper___,0x00290a50,0x00290a68,0x18
noop_wrapper___,0x00290a70,0x00290a80,0x10
noop_wrapper___,0x00290a80,0x00290a8c,0xc
sub_290A90,0x00290a90,0x00290ac4,0x34
slerp_quat_b,0x00290ad0,0x00290e64,0x394
euler_to_quat_e,0x00290e70,0x00291494,0x624
noop_wrapper_z_343,0x002914a0,0x002914b0,0x10
gp_field_get_z_320,0x002914b0,0x002914b8,0x8
sub_2914C0,0x002914c0,0x00291530,0x70
sub_291530,0x00291530,0x0029166c,0x13c
sub_291670,0x00291670,0x00291770,0x100
gp_field_get_z_321,0x00291770,0x00291778,0x8
sub_291780,0x00291780,0x002917f0,0x70
obj_set_fields_z_183,0x002917f0,0x0029184c,0x5c
obj_play_sound_at_node___,0x00291850,0x002918a8,0x58
return_const_1_z_79,0x002918b0,0x002918b8,0x8
gp_field_get_z_322,0x002918c0,0x002918c8,0x8
wrap_tree_find_node___,0x002918d0,0x002918f4,0x24
vtable_dispatch___5_clone_04,0x00291900,0x00291938,0x38
sub_291940,0x00291940,0x00291dc4,0x484
mem_fill_z_176,0x00291dd0,0x00291fd0,0x200
gp_field_get_z_323,0x00291fd0,0x00291fd8,0x8
sub_291FE0,0x00291fe0,0x00292050,0x70
mem_fill_z_177,0x00292050,0x00292290,0x240
mem_fill_z_31_clone_17,0x00292290,0x002923b4,0x124
gp_field_get_z_324,0x002923c0,0x002923c8,0x8
sub_2923D0,0x002923d0,0x00292440,0x70
noop_z_216,0x00292440,0x00292448,0x8
sub_292450,0x00292450,0x00292568,0x118
sub_292570,0x00292570,0x002926c8,0x158
mem_fill_z_31_clone_18,0x002926d0,0x002928fc,0x22c
sub_292900,0x00292900,0x00293200,0x900
sub_2944E0,0x002944e0,0x002945b4,0xd4
fighter_track_tick_clone_04,0x002945c0,0x00294900,0x340
sub_294900,0x00294900,0x00294a8c,0x18c
sub_294A90,0x00294a90,0x00294b40,0xb0
sub_294B40,0x00294b40,0x00294ba8,0x68
sub_294BB0,0x00294bb0,0x00294cc8,0x118
vtable_sub_fa80_clone_01,0x00294cd0,0x00295228,0x558
sub_295230,0x00295230,0x002952fc,0xcc
sub_295300,0x00295300,0x00295bd8,0x8d8
GS_DispatchPending_clone_01,0x00297240,0x002972e8,0xa8
pool_entry_pop___,0x00297310,0x00297354,0x44
pool_entry_push__,0x00297360,0x00297384,0x24
singleton_lazy_init___,0x00297390,0x00297464,0xd4
obj_sub_ca60_clone_15,0x00297470,0x002974dc,0x6c
vtable_dispatch___,0x002974e0,0x00297518,0x38
noop_seq_var_10_z,0x00297520,0x00297574,0x54
noop_z_217,0x00297580,0x00297588,0x8
vtable_dispatch_g,0x00297590,0x002975c4,0x34
noop_z_218,0x002975d0,0x002975d8,0x8
timer_field_get_b,0x002975e0,0x002975f0,0x10
mem_fill_i_02,0x002975f0,0x002976d8,0xe8
gp_field_get_z_325,0x002976e0,0x002976e8,0x8
sub_2976F0,0x002976f0,0x0029773c,0x4c
return_const_1_z_80,0x00297740,0x00297748,0x8
pass_identity_l_0,0x00297750,0x00297758,0x8
return_zero_z_160,0x00297760,0x00297768,0x8
noop_wrapper_z_344,0x00297770,0x00297784,0x14
return_zero_z_161,0x00297790,0x00297798,0x8
noop_wrapper_z_345,0x002977a0,0x002977b4,0x14
noop_wrapper_z_346,0x002977c0,0x002977d4,0x14
return_const_1_z_81,0x002977e0,0x002977e8,0x8
noop_wrapper_z_347,0x002977f0,0x00297804,0x14
noop_wrapper_z_348,0x00297810,0x00297824,0x14
noop_wrapper_z_349,0x00297830,0x00297844,0x14
noop_wrapper_z_350,0x00297850,0x00297864,0x14
noop_wrapper_z_351,0x00297870,0x00297884,0x14
gp_field_get_z_326,0x00297890,0x00297898,0x8
return_zero_z_162,0x002978a0,0x002978a8,0x8
noop_wrapper_z_352,0x002978b0,0x002978e4,0x34
noop_wrapper_z_353,0x002978f0,0x0029790c,0x1c
noop_wrapper_z_354,0x00297910,0x00297924,0x14
noop_wrapper_z_355,0x00297930,0x00297944,0x14
noop_wrapper_z_356,0x00297950,0x00297964,0x14
noop_wrapper_z_357,0x00297970,0x00297984,0x14
get_data_ptr_z_151,0x00297990,0x0029799c,0xc
noop_z_219,0x002979a0,0x002979a8,0x8
noop_z_220,0x002979b0,0x002979b8,0x8
noop_z_221,0x002979c0,0x002979c8,0x8
mem_fill_z_178,0x002979d0,0x00297c30,0x260
sub_297C30,0x00297c30,0x00297c78,0x48
noop_z_222,0x00297c80,0x00297c88,0x8
noop_z_223,0x00297c90,0x00297c98,0x8
sub_297CA0,0x00297ca0,0x00297cd4,0x34
return_zero_z_163,0x00297ce0,0x00297ce8,0x8
wrap_obj_ctor_char_slot_k,0x00297cf0,0x00297d2c,0x3c
obj_set_fields___,0x00297d30,0x00297d4c,0x1c
sub_297D50,0x00297d50,0x00298124,0x3d4
sub_298130,0x00298130,0x00298334,0x204
noop_wrapper___,0x00298340,0x00298374,0x34
get_data_ptr_z_152,0x00298380,0x0029838c,0xc
obj_ctor_init___,0x00298390,0x00298400,0x70
obj_ctor_init___,0x00298400,0x00298470,0x70
obj_ctor_init___,0x00298470,0x002984e0,0x70
obj_ctor_init___,0x002984e0,0x00298560,0x80
obj_ctor_init___,0x00298560,0x002985e0,0x80
obj_ctor_init___,0x002985e0,0x00298660,0x80
obj_ctor_init___,0x00298660,0x002986e0,0x80
obj_ctor_init___,0x002986e0,0x00298760,0x80
obj_ctor_init___,0x00298760,0x002987e0,0x80
obj_ctor_init___,0x002987e0,0x00298860,0x80
obj_ctor_init___,0x00298860,0x002988e0,0x80
obj_ctor_init___,0x002988e0,0x00298960,0x80
vtable_dispatch___,0x00298960,0x00298994,0x34
fighter_track_tick_clone_05,0x002989a0,0x00298d74,0x3d4
mem_fill_z_179,0x00298d80,0x00299a40,0xcc0
gp_field_get_z_327,0x00299a40,0x00299a48,0x8
sub_299A50,0x00299a50,0x00299ac0,0x70
vtable_dispatch___,0x00299ac0,0x00299af4,0x34
fighter_track_tick_clone_06,0x00299b00,0x00299d98,0x298
mem_fill_z_180,0x00299da0,0x0029b264,0x14c4
obj_set_fields___,0x0029b270,0x0029b2a4,0x34
gp_field_get_z_328,0x0029b2b0,0x0029b2b8,0x8
sub_29B2C0,0x0029b2c0,0x0029b330,0x70
get_field_val_z_70,0x0029b330,0x0029b338,0x8
return_const_1_z_82,0x0029b340,0x0029b348,0x8
pass_identity_m_0,0x0029b350,0x0029b358,0x8
return_const_3_w,0x0029b360,0x0029b368,0x8
noop_wrapper_z_358,0x0029b370,0x0029b388,0x18
return_const_1_z_83,0x0029b390,0x0029b398,0x8
noop_wrapper_z_359,0x0029b3a0,0x0029b3b4,0x14
noop_wrapper_z_360,0x0029b3c0,0x0029b3d4,0x14
return_const_1_z_84,0x0029b3e0,0x0029b3e8,0x8
noop_wrapper_z_361,0x0029b3f0,0x0029b404,0x14
noop_wrapper_z_362,0x0029b410,0x0029b424,0x14
noop_wrapper_z_363,0x0029b430,0x0029b444,0x14
noop_wrapper_z_364,0x0029b450,0x0029b464,0x14
noop_wrapper_z_365,0x0029b470,0x0029b484,0x14
gp_field_get_z_329,0x0029b490,0x0029b498,0x8
return_zero_z_164,0x0029b4a0,0x0029b4a8,0x8
noop_wrapper_z_366,0x0029b4b0,0x0029b4e4,0x34
noop_wrapper_z_367,0x0029b4f0,0x0029b50c,0x1c
noop_wrapper_z_368,0x0029b510,0x0029b524,0x14
noop_wrapper_z_369,0x0029b530,0x0029b544,0x14
noop_wrapper_z_370,0x0029b550,0x0029b564,0x14
noop_wrapper_z_371,0x0029b570,0x0029b584,0x14
sub_29B590,0x0029b590,0x0029b598,0x8
sub_29B5A0,0x0029b5a0,0x0029b7d8,0x238
noop_z_224,0x0029b7e0,0x0029b7e8,0x8
noop_z_225,0x0029b7f0,0x0029b7f8,0x8
sub_29B800,0x0029b800,0x0029b900,0x100
scene_node_requeue_clone_09,0x0029b900,0x0029b978,0x78
noop_z_226,0x0029b980,0x0029b988,0x8
sub_29B990,0x0029b990,0x0029bc00,0x270
j_obj_update_camera_and_flags_9,0x0029bc00,0x0029bc08,0x8
return_zero_z_165,0x0029bc10,0x0029bc18,0x8
wrap_obj_ctor_char_slot_l,0x0029bc20,0x0029bc5c,0x3c
noop_wrapper_z_372,0x0029bc60,0x0029bc6c,0xc
double_deref_field_get_b,0x0029bc70,0x0029bc7c,0xc
double_deref_field_get_c,0x0029bc80,0x0029bc8c,0xc
path_eval_pos,0x0029bc90,0x0029be10,0x180
anim_keyframe_interp,0x0029be10,0x0029bfd0,0x1c0
obj_clear_param,0x0029bfd0,0x0029bfd8,0x8
get_data_ptr_z_153,0x0029bfe0,0x0029bfec,0xc
obj_ctor_init___,0x0029bff0,0x0029c060,0x70
noop_wrapper_z_373,0x0029c060,0x0029c080,0x20
obj_set_fields___,0x0029c080,0x0029c0b4,0x34
get_field_val_e,0x0029c0c0,0x0029c0c8,0x8
vtable_dispatch___,0x0029c0d0,0x0029c104,0x34
str_copy_n_e_clone_63,0x0029c110,0x0029c280,0x170
mem_fill_z_55_clone_14,0x0029c280,0x0029c670,0x3f0
euler_to_quat_z_2,0x0029c670,0x0029cb10,0x4a0
euler_to_quat_f,0x0029cb10,0x0029cbf4,0xe4
gp_field_get_z_330,0x0029cc00,0x0029cc08,0x8
sub_29CC10,0x0029cc10,0x0029cc80,0x70
noop_wrapper___,0x0029cc80,0x0029ccec,0x6c
obj_get_entry_by_index,0x0029ccf0,0x0029cd04,0x14
noop_wrapper_z_374,0x0029cd10,0x0029cd20,0x10
noop_z_227,0x0029cd20,0x0029cd28,0x8
sub_29CD30,0x0029cd30,0x0029d494,0x764
slerp_quat_c_clone_04,0x0029d4a0,0x0029d814,0x374
obj_set_fields_c,0x0029d820,0x0029d870,0x50
gp_field_get_z_331,0x0029d870,0x0029d878,0x8
sub_29D880,0x0029d880,0x0029d8f0,0x70
noop_z_228,0x0029d8f0,0x0029d8f8,0x8
obj_set_field_pair___,0x0029d900,0x0029d930,0x30
sub_29D930,0x0029d930,0x0029daa8,0x178
euler_to_quat_z_3,0x0029dab0,0x0029e560,0xab0
gp_field_get_z_332,0x0029e560,0x0029e568,0x8
sub_29E570,0x0029e570,0x0029e5e0,0x70
noop_z_229,0x0029e5e0,0x0029e5e8,0x8
sub_29E5F0,0x0029e5f0,0x0029e7ec,0x1fc
noop_z_230,0x0029e7f0,0x0029e7f8,0x8
gp_field_get_z_333,0x0029e800,0x0029e808,0x8
sub_29E810,0x0029e810,0x0029e880,0x70
scene_graph_flush_clone_07,0x0029e880,0x0029eb50,0x2d0
sub_29EB50,0x0029eb50,0x0029ebd0,0x80
mem_fill_z_181,0x0029ebd0,0x0029f2b4,0x6e4
gp_field_get_z_334,0x0029f2c0,0x0029f2c8,0x8
sub_29F2D0,0x0029f2d0,0x0029f340,0x70
sub_29F340,0x0029f340,0x0029f440,0x100
sub_29F440,0x0029f440,0x0029f728,0x2e8
mem_fill_z_296_0,0x0029f730,0x0029fa94,0x364
euler_to_quat_z_4,0x0029faa0,0x0029fb30,0x90
gp_field_get_z_335,0x0029fb30,0x0029fb38,0x8
sub_29FB40,0x0029fb40,0x0029fbb0,0x70
return_zero_z_166,0x0029fbb0,0x0029fbb8,0x8
return_const_1_z_85,0x0029fbc0,0x0029fbc8,0x8
pass_identity_n_0,0x0029fbd0,0x0029fbd8,0x8
return_const_1_z_86,0x0029fbe0,0x0029fbe8,0x8
noop_wrapper_z_375,0x0029fbf0,0x0029fc04,0x14
return_const_1_z_87,0x0029fc10,0x0029fc18,0x8
noop_wrapper_z_376,0x0029fc20,0x0029fc34,0x14
noop_wrapper_z_377,0x0029fc40,0x0029fc54,0x14
return_const_1_z_88,0x0029fc60,0x0029fc68,0x8
noop_wrapper_z_378,0x0029fc70,0x0029fc84,0x14
noop_wrapper_z_379,0x0029fc90,0x0029fca4,0x14
noop_wrapper_z_380,0x0029fcb0,0x0029fcc4,0x14
noop_wrapper_z_381,0x0029fcd0,0x0029fce4,0x14
noop_wrapper_z_382,0x0029fcf0,0x0029fd04,0x14
gp_field_get_z_336,0x0029fd10,0x0029fd18,0x8
return_const_1_z_89,0x0029fd20,0x0029fd28,0x8
noop_wrapper_z_383,0x0029fd30,0x0029fd64,0x34
noop_wrapper_z_384,0x0029fd70,0x0029fd8c,0x1c
noop_wrapper_z_385,0x0029fd90,0x0029fda4,0x14
noop_wrapper_z_386,0x0029fdb0,0x0029fdc4,0x14
noop_wrapper_z_387,0x0029fdd0,0x0029fde4,0x14
noop_wrapper_z_388,0x0029fdf0,0x0029fe04,0x14
get_data_ptr_n_0,0x0029fe10,0x0029fe1c,0xc
sub_29FE20,0x0029fe20,0x0029fee8,0xc8
noop_z_231,0x0029fef0,0x0029fef8,0x8
sub_29FF00,0x0029ff00,0x0029ff9c,0x9c
sub_29FFA0,0x0029ffa0,0x002a0014,0x74
sub_2A0020,0x002a0020,0x002a0130,0x110
sub_2A0130,0x002a0130,0x002a0178,0x48
mem_fill_z_182,0x002a0180,0x002a05bc,0x43c
noop_z_232,0x002a05c0,0x002a05c8,0x8
j_obj_update_camera_and_flags_10,0x002a05d0,0x002a05d8,0x8
return_zero_z_167,0x002a05e0,0x002a05e8,0x8
wrap_obj_ctor_char_slot_m,0x002a05f0,0x002a062c,0x3c
get_data_ptr_z_154,0x002a0630,0x002a063c,0xc
obj_ctor_init___,0x002a0640,0x002a06b0,0x70
obj_ctor_init___,0x002a06b0,0x002a0720,0x70
obj_ctor_init___,0x002a0720,0x002a0790,0x70
obj_ctor_init___,0x002a0790,0x002a0800,0x70
obj_ctor_init___,0x002a0800,0x002a0870,0x70
obj_ctor_init___,0x002a0870,0x002a08f0,0x80
obj_ctor_init___,0x002a08f0,0x002a0970,0x80
obj_ctor_init___,0x002a0970,0x002a09f0,0x80
obj_ctor_init___,0x002a09f0,0x002a0a70,0x80
obj_ctor_init___,0x002a0a70,0x002a0af0,0x80
obj_ctor_init___,0x002a0af0,0x002a0b70,0x80
obj_ctor_init___,0x002a0b70,0x002a0bf0,0x80
obj_ctor_init___,0x002a0bf0,0x002a0c70,0x80
obj_ctor_init___,0x002a0c70,0x002a0cf0,0x80
noop_wrapper_z_389,0x002a0cf0,0x002a0d10,0x20
obj_set_fields___,0x002a0d10,0x002a0d44,0x34
double_deref_field_get,0x002a0d50,0x002a0d5c,0xc
double_deref_field_get_d,0x002a0d60,0x002a0d6c,0xc
vtable_dispatch___,0x002a0d70,0x002a0da4,0x34
str_copy_n_e_clone_64,0x002a0db0,0x002a0f8c,0x1dc
mem_fill_z_55_clone_15,0x002a0f90,0x002a1460,0x4d0
euler_to_quat_z_5,0x002a1460,0x002a1900,0x4a0
gp_field_get_z_337,0x002a1900,0x002a1908,0x8
sub_2A1910,0x002a1910,0x002a1980,0x70
particle_burst_hitbox_init_a,0x002a1980,0x002a2480,0xb00
particle_burst_hitbox_init_stub,0x002a2480,0x002a2488,0x8
debris_tick_e,0x002a2490,0x002a2874,0x3e4
noop_z_233,0x002a2880,0x002a2888,0x8
obj_play_sound_at_node_o,0x002a2890,0x002a28cc,0x3c
obj_play_sound_at_node_p,0x002a28d0,0x002a290c,0x3c
gp_field_get_z_338,0x002a2910,0x002a2918,0x8
wrap_tree_find_node___,0x002a2920,0x002a2944,0x24
obj_set_fields_z_184,0x002a2950,0x002a29ac,0x5c
gp_field_get_z_339,0x002a29b0,0x002a29b8,0x8
get_data_ptr_z_155,0x002a29c0,0x002a29cc,0xc
return_const_8_z_33,0x002a29d0,0x002a29d8,0x8
return_const_7_v,0x002a29e0,0x002a29e8,0x8
gp_field_get_z_340,0x002a29f0,0x002a29f8,0x8
wrap_tree_find_node___,0x002a2a00,0x002a2a24,0x24
obj_set_fields_z_185,0x002a2a30,0x002a2a8c,0x5c
gp_field_get_z_341,0x002a2a90,0x002a2a98,0x8
get_data_ptr_z_156,0x002a2aa0,0x002a2aac,0xc
return_const_8_z_34,0x002a2ab0,0x002a2ab8,0x8
return_const_7_w,0x002a2ac0,0x002a2ac8,0x8
gp_field_get_z_342,0x002a2ad0,0x002a2ad8,0x8
wrap_tree_find_node___,0x002a2ae0,0x002a2b04,0x24
obj_set_fields_z_186,0x002a2b10,0x002a2b6c,0x5c
gp_field_get_z_343,0x002a2b70,0x002a2b78,0x8
get_data_ptr_z_157,0x002a2b80,0x002a2b8c,0xc
return_const_7_x,0x002a2b90,0x002a2b98,0x8
return_const_5_z,0x002a2ba0,0x002a2ba8,0x8
gp_field_get_z_344,0x002a2bb0,0x002a2bb8,0x8
wrap_tree_find_node___,0x002a2bc0,0x002a2be4,0x24
obj_set_fields_z_187,0x002a2bf0,0x002a2c4c,0x5c
gp_field_get_z_345,0x002a2c50,0x002a2c58,0x8
get_data_ptr_z_158,0x002a2c60,0x002a2c6c,0xc
return_const_8_z_35,0x002a2c70,0x002a2c78,0x8
return_const_7_y,0x002a2c80,0x002a2c88,0x8
gp_field_get_z_346,0x002a2c90,0x002a2c98,0x8
wrap_tree_find_node___,0x002a2ca0,0x002a2cc4,0x24
obj_set_fields_z_188,0x002a2cd0,0x002a2d2c,0x5c
gp_field_get_z_347,0x002a2d30,0x002a2d38,0x8
get_data_ptr_z_159,0x002a2d40,0x002a2d4c,0xc
return_const_7_z,0x002a2d50,0x002a2d58,0x8
return_const_5_z_0,0x002a2d60,0x002a2d68,0x8
gp_field_get_z_348,0x002a2d70,0x002a2d78,0x8
wrap_tree_find_node___,0x002a2d80,0x002a2da4,0x24
obj_set_fields_z_189,0x002a2db0,0x002a2e0c,0x5c
gp_field_get_z_349,0x002a2e10,0x002a2e18,0x8
get_data_ptr_z_160,0x002a2e20,0x002a2e2c,0xc
return_const_2_z,0x002a2e30,0x002a2e38,0x8
return_const_1_z_90,0x002a2e40,0x002a2e48,0x8
gp_field_get_z_350,0x002a2e50,0x002a2e58,0x8
wrap_tree_find_node___,0x002a2e60,0x002a2e84,0x24
obj_set_fields_z_190,0x002a2e90,0x002a2eec,0x5c
gp_field_get_z_351,0x002a2ef0,0x002a2ef8,0x8
get_data_ptr_z_161,0x002a2f00,0x002a2f0c,0xc
return_const_7_z_0,0x002a2f10,0x002a2f18,0x8
return_const_5_z_1,0x002a2f20,0x002a2f28,0x8
gp_field_get_z_352,0x002a2f30,0x002a2f38,0x8
particle_burst_hitbox_init_c,0x002a2f40,0x002a3a40,0xb00
return_zero_z_168,0x002a3a40,0x002a3a48,0x8
debris_tick_l,0x002a3a50,0x002a3e34,0x3e4
noop_z_234,0x002a3e40,0x002a3e48,0x8
obj_play_sound_at_node_q,0x002a3e50,0x002a3e8c,0x3c
obj_play_sound_at_node_r,0x002a3e90,0x002a3ecc,0x3c
gp_field_get_z_353,0x002a3ed0,0x002a3ed8,0x8
vtable_dispatch___,0x002a3ee0,0x002a3f14,0x34
sub_2A3F20,0x002a3f20,0x002a41bc,0x29c
mem_fill_z_183,0x002a41c0,0x002a4cb0,0xaf0
gp_field_get_z_354,0x002a4cb0,0x002a4cb8,0x8
sub_2A4CC0,0x002a4cc0,0x002a4d30,0x70
wrap_tree_find_node___,0x002a4d30,0x002a4d54,0x24
obj_set_fields_z_191,0x002a4d60,0x002a4dbc,0x5c
gp_field_get_z_355,0x002a4dc0,0x002a4dc8,0x8
get_data_ptr_z_162,0x002a4dd0,0x002a4ddc,0xc
return_const_2_z_0,0x002a4de0,0x002a4de8,0x8
return_const_1_z_91,0x002a4df0,0x002a4df8,0x8
gp_field_get_z_356,0x002a4e00,0x002a4e08,0x8
wrap_tree_find_node___,0x002a4e10,0x002a4e34,0x24
obj_set_fields_z_192,0x002a4e40,0x002a4e9c,0x5c
gp_field_get_z_357,0x002a4ea0,0x002a4ea8,0x8
get_data_ptr_z_163,0x002a4eb0,0x002a4ebc,0xc
return_const_2_z_1,0x002a4ec0,0x002a4ec8,0x8
return_const_1_z_92,0x002a4ed0,0x002a4ed8,0x8
gp_field_get_z_358,0x002a4ee0,0x002a4ee8,0x8
noop_z_235,0x002a4ef0,0x002a4ef8,0x8
sub_2A4F00,0x002a4f00,0x002a5478,0x578
str_copy_n_e_clone_65,0x002a5480,0x002a6530,0x10b0
gp_field_get_z_359,0x002a6530,0x002a6538,0x8
sub_2A6540,0x002a6540,0x002a65b0,0x70
obj_set_fields_z_193,0x002a65b0,0x002a660c,0x5c
obj_set_flag_imm_b,0x002a6610,0x002a6630,0x20
gp_field_get_z_360,0x002a6630,0x002a6638,0x8
sub_2A6690,0x002a6690,0x002a6768,0xd8
noop_wrapper___,0x002a6790,0x002a67c4,0x34
sub_2A67D0,0x002a67d0,0x002a681c,0x4c
get_data_ptr_z_164,0x002a6820,0x002a682c,0xc
sub_2A6830,0x002a6830,0x002a6890,0x60
wrap_array_call_dtor_b,0x002a6890,0x002a68ac,0x1c
sub_2A68B0,0x002a68b0,0x002a68e4,0x34
fighter_track_tick_clone_07,0x002a68f0,0x002a6b44,0x254
mem_fill_z_184,0x002a6b50,0x002a72a8,0x758
obj_set_field_pair___,0x002a72b0,0x002a72e0,0x30
gp_field_get_z_361,0x002a72e0,0x002a72e8,0x8
sub_2A72F0,0x002a72f0,0x002a7360,0x70
particle_burst_hitbox_init_b,0x002a7360,0x002a7ef8,0xb98
return_zero_z_169,0x002a7f00,0x002a7f08,0x8
debris_tick_f,0x002a7f10,0x002a82e0,0x3d0
noop_z_236,0x002a82e0,0x002a82e8,0x8
obj_play_sound_at_node_q,0x002a82f0,0x002a832c,0x3c
obj_play_sound_at_node_r,0x002a8330,0x002a836c,0x3c
gp_field_get_z_362,0x002a8370,0x002a8378,0x8
wrap_tree_find_node___,0x002a8380,0x002a83a4,0x24
obj_set_fields_z_194,0x002a83b0,0x002a840c,0x5c
gp_field_get_z_363,0x002a8410,0x002a8418,0x8
get_data_ptr_z_165,0x002a8420,0x002a842c,0xc
return_const_7_z_1,0x002a8430,0x002a8438,0x8
return_const_6_z_8,0x002a8440,0x002a8448,0x8
return_zero_z_170,0x002a8450,0x002a8458,0x8
gp_field_get_z_364,0x002a8460,0x002a8468,0x8
wrap_tree_find_node___,0x002a8470,0x002a8494,0x24
obj_set_fields_z_195,0x002a84a0,0x002a84fc,0x5c
gp_field_get_z_365,0x002a8500,0x002a8508,0x8
get_data_ptr_z_166,0x002a8510,0x002a851c,0xc
return_const_6_z_9,0x002a8520,0x002a8528,0x8
return_const_5_z_2,0x002a8530,0x002a8538,0x8
return_zero_z_171,0x002a8540,0x002a8548,0x8
gp_field_get_z_366,0x002a8550,0x002a8558,0x8
wrap_tree_find_node___,0x002a8560,0x002a8584,0x24
obj_set_fields_z_196,0x002a8590,0x002a85ec,0x5c
gp_field_get_z_367,0x002a85f0,0x002a85f8,0x8
get_data_ptr_z_167,0x002a8600,0x002a860c,0xc
return_const_4_z_5,0x002a8610,0x002a8618,0x8
return_const_4_z_6,0x002a8620,0x002a8628,0x8
return_zero_z_172,0x002a8630,0x002a8638,0x8
gp_field_get_z_368,0x002a8640,0x002a8648,0x8
wrap_tree_find_node___,0x002a8650,0x002a8674,0x24
obj_set_fields_z_197,0x002a8680,0x002a86dc,0x5c
gp_field_get_z_369,0x002a86e0,0x002a86e8,0x8
get_data_ptr_z_168,0x002a86f0,0x002a86fc,0xc
return_const_4_z_7,0x002a8700,0x002a8708,0x8
return_const_4_z_8,0x002a8710,0x002a8718,0x8
return_zero_z_173,0x002a8720,0x002a8728,0x8
gp_field_get_z_370,0x002a8730,0x002a8738,0x8
wrap_tree_find_node___,0x002a8740,0x002a8764,0x24
obj_set_fields_z_198,0x002a8770,0x002a87cc,0x5c
gp_field_get_z_371,0x002a87d0,0x002a87d8,0x8
get_data_ptr_z_169,0x002a87e0,0x002a87ec,0xc
return_const_7_z_2,0x002a87f0,0x002a87f8,0x8
return_const_6_z_10,0x002a8800,0x002a8808,0x8
return_zero_z_174,0x002a8810,0x002a8818,0x8
gp_field_get_z_372,0x002a8820,0x002a8828,0x8
wrap_tree_find_node___,0x002a8830,0x002a8854,0x24
obj_set_fields_z_199,0x002a8860,0x002a88bc,0x5c
gp_field_get_z_373,0x002a88c0,0x002a88c8,0x8
get_data_ptr_z_170,0x002a88d0,0x002a88dc,0xc
return_const_5_z_3,0x002a88e0,0x002a88e8,0x8
return_const_4_z_9,0x002a88f0,0x002a88f8,0x8
return_zero_z_175,0x002a8900,0x002a8908,0x8
gp_field_get_z_374,0x002a8910,0x002a8918,0x8
wrap_tree_find_node___,0x002a8920,0x002a8944,0x24
obj_set_fields_z_200,0x002a8950,0x002a89ac,0x5c
gp_field_get_z_375,0x002a89b0,0x002a89b8,0x8
get_data_ptr_z_171,0x002a89c0,0x002a89cc,0xc
gp_field_get_z_376,0x002a89d0,0x002a89d8,0x8
mem_fill_z_185,0x002a89e0,0x002a98f4,0xf14
return_zero_z_176,0x002a9900,0x002a9908,0x8
return_zero_z_177,0x002a9910,0x002a9918,0x8
str_copy_n_e_clone_66,0x002a9920,0x002a9e28,0x508
noop_z_237,0x002a9e30,0x002a9e38,0x8
obj_play_sound_at_node___,0x002a9e40,0x002a9e7c,0x3c
obj_play_sound_at_node___,0x002a9e80,0x002a9ebc,0x3c
return_const_1_z_93,0x002a9ec0,0x002a9ec8,0x8
gp_field_get_z_377,0x002a9ed0,0x002a9ed8,0x8
wrap_tree_find_node___,0x002a9ee0,0x002a9f04,0x24
obj_set_fields_z_201,0x002a9f10,0x002a9f6c,0x5c
gp_field_get_z_378,0x002a9f70,0x002a9f78,0x8
get_data_ptr_z_172,0x002a9f80,0x002a9f8c,0xc
return_const_8_z_36,0x002a9f90,0x002a9f98,0x8
return_const_8_z_37,0x002a9fa0,0x002a9fa8,0x8
gp_field_get_z_379,0x002a9fb0,0x002a9fb8,0x8
mem_fill_z_186,0x002a9fc0,0x002aad94,0xdd4
return_zero_z_178,0x002aada0,0x002aada8,0x8
str_copy_n_e_clone_67,0x002aadb0,0x002ab178,0x3c8
noop_z_238,0x002ab180,0x002ab188,0x8
obj_play_sound_at_node___,0x002ab190,0x002ab1cc,0x3c
obj_play_sound_at_node___,0x002ab1d0,0x002ab20c,0x3c
gp_field_get_z_380,0x002ab210,0x002ab218,0x8
wrap_tree_find_node___,0x002ab220,0x002ab244,0x24
obj_set_fields_z_202,0x002ab250,0x002ab2ac,0x5c
gp_field_get_z_381,0x002ab2b0,0x002ab2b8,0x8
get_data_ptr_z_173,0x002ab2c0,0x002ab2cc,0xc
mem_fill_z_187,0x002ab2d0,0x002abadc,0x80c
str_copy_n_e_clone_68,0x002abae0,0x002abe78,0x398
noop_z_239,0x002abe80,0x002abe88,0x8
obj_play_sound_at_node___,0x002abe90,0x002abecc,0x3c
obj_play_sound_at_node___,0x002abed0,0x002abf0c,0x3c
gp_field_get_z_382,0x002abf10,0x002abf18,0x8
wrap_tree_find_node___,0x002abf20,0x002abf44,0x24
obj_set_fields_z_203,0x002abf50,0x002abfac,0x5c
gp_field_get_z_383,0x002abfb0,0x002abfb8,0x8
get_data_ptr_z_174,0x002abfc0,0x002abfcc,0xc
return_const_8_z_38,0x002abfd0,0x002abfd8,0x8
return_const_8_z_39,0x002abfe0,0x002abfe8,0x8
gp_field_get_z_384,0x002abff0,0x002abff8,0x8
vtable_dispatch___,0x002ac000,0x002ac034,0x34
fighter_track_tick_clone_08,0x002ac040,0x002ac3a8,0x368
mem_fill_z_188,0x002ac3b0,0x002ad084,0xcd4
gp_field_get_z_385,0x002ad090,0x002ad098,0x8
sub_2AD0A0,0x002ad0a0,0x002ad110,0x70
sub_2AD110,0x002ad110,0x002ad1ec,0xdc
obj_set_fields___,0x002ad1f0,0x002ad26c,0x7c
gp_field_get_z_386,0x002ad270,0x002ad278,0x8
obj_alloc_and_init_clone_06,0x002ad280,0x002ad33c,0xbc
sub_2AD340,0x002ad340,0x002ad3b0,0x70
str_copy_n_e_clone_69,0x002ad3b0,0x002ad5b4,0x204
mem_fill_z_189,0x002ad5c0,0x002ad8a0,0x2e0
mem_fill_z_55_clone_16,0x002ad8a0,0x002add48,0x4a8
sub_2ADDB0,0x002addb0,0x002ade38,0x88
sub_2ADE40,0x002ade40,0x002ae04c,0x20c
wrap_obj_copy_fields_clone_01,0x002ae050,0x002ae0a4,0x54
noop_wrapper___,0x002ae0b0,0x002ae0e0,0x30
str_copy_n_e_clone_70,0x002ae0e0,0x002ae84c,0x76c
noop_z_240,0x002ae850,0x002ae858,0x8
j_scene_node_set_visible_1,0x002ae860,0x002ae868,0x8
sub_2AE870,0x002ae870,0x002ae924,0xb4
get_data_ptr_z_175,0x002ae930,0x002ae93c,0xc
noop_z_241,0x002ae940,0x002ae948,0x8
get_data_ptr_z_176,0x002ae950,0x002ae95c,0xc
sub_2AE960,0x002ae960,0x002ae9ac,0x4c
sub_2AE9B0,0x002ae9b0,0x002ae9fc,0x4c
sub_2AEA00,0x002aea00,0x002aea4c,0x4c
get_data_ptr_z_177,0x002aea50,0x002aea5c,0xc
get_data_ptr_z_178,0x002aea60,0x002aea6c,0xc
sub_2AEA70,0x002aea70,0x002aec58,0x1e8
mem_fill_z_190,0x002aec60,0x002aee18,0x1b8
obj_sub_1f90_clone_05,0x002aee20,0x002aefa0,0x180
stream_parser_tick_clone_01,0x002aefa0,0x002af180,0x1e0
fighter_track_tick_clone_09,0x002af180,0x002af3d4,0x254
sub_2AF3E0,0x002af3e0,0x002af4b8,0xd8
sub_2AF4C0,0x002af4c0,0x002af7fc,0x33c
mem_fill_z_191,0x002af800,0x002afa88,0x288
move_input_advance_b_clone_08,0x002afa90,0x002afb14,0x84
sub_2AFB20,0x002afb20,0x002afbc8,0xa8
sub_2AFBD0,0x002afbd0,0x002afc70,0xa0
sub_2AFC70,0x002afc70,0x002afec0,0x250
noop_wrapper_z_390,0x002afec0,0x002afec8,0x8
mem_fill_z_192,0x002afed0,0x002b0040,0x170
sub_2B0040,0x002b0040,0x002b0140,0x100
pool_entry_push___15_0,0x002b0140,0x002b02a8,0x168
noop_wrapper___,0x002b02b0,0x002b02c0,0x10
obj_set_fields___,0x002b02c0,0x002b031c,0x5c
obj_try_change_state_clone_01,0x002b0320,0x002b03a4,0x84
noop_wrapper_z_391,0x002b03b0,0x002b03bc,0xc
get_field_val___,0x002b03c0,0x002b03c8,0x8
obj_ctor_init___,0x002b03d0,0x002b03ec,0x1c
sub_2B03F0,0x002b03f0,0x002b04b4,0xc4
sub_2B04C0,0x002b04c0,0x002b0530,0x70
fighter_sub_0530,0x002b0530,0x002b0538,0x8
get_field_val_z_71,0x002b0540,0x002b054c,0xc
noop_wrapper_z_392,0x002b0550,0x002b0564,0x14
obj_ctor_init___,0x002b0570,0x002b05ac,0x3c
gp_field_get_z_387,0x002b05b0,0x002b05b8,0x8
return_const_130,0x002b05c0,0x002b05c8,0x8
vtable_dispatch_,0x002b05d0,0x002b05f8,0x28
obj_ctor_init___,0x002b0600,0x002b0680,0x80
noop_wrapper_z_393,0x002b0680,0x002b0690,0x10
sub_2B0690,0x002b0690,0x002b07cc,0x13c
sub_2B07D0,0x002b07d0,0x002b0830,0x60
obj_ctor_init___,0x002b0830,0x002b08a0,0x70
wrap_stack_depth_track_f,0x002b08a0,0x002b08cc,0x2c
sub_2B08D0,0x002b08d0,0x002b0934,0x64
vtable_dispatch___,0x002b0940,0x002b0978,0x38
asm_reg_save_e,0x002b0980,0x002b09b0,0x30
state_byte_transition_u_2,0x002b09b0,0x002b09f8,0x48
get_data_ptr_z_179,0x002b0a00,0x002b0a0c,0xc
get_data_ptr_z_180,0x002b0a10,0x002b0a1c,0xc
gp_fields_clear_b,0x002b0a20,0x002b0a38,0x18
noop___,0x002b0a40,0x002b0a48,0x8
obj_active_check,0x002b0a50,0x002b0a94,0x44
obj_active_check_clone_02,0x002b0aa0,0x002b0ae4,0x44
return_const_1_z_94,0x002b0af0,0x002b0af8,0x8
get_global_var_f,0x002b0b00,0x002b0b08,0x8
return_const_1_z_95,0x002b0b10,0x002b0b18,0x8
return_const_1_z_96,0x002b0b20,0x002b0b28,0x8
noop_wrapper_r_3,0x002b0b30,0x002b0b58,0x28
noop_wrapper_s_2,0x002b0b60,0x002b0b88,0x28
pool_entry_pop___,0x002b0b90,0x002b0c00,0x70
noop_wrapper_t_2,0x002b0c00,0x002b0c28,0x28
sub_2B0C30,0x002b0c30,0x002b0c6c,0x3c
sub_2B0C70,0x002b0c70,0x002b0cac,0x3c
player_count_query,0x002b0cb0,0x002b0d24,0x74
sub_2B0D30,0x002b0d30,0x002b0de4,0xb4
get_data_ptr_b,0x002b0df0,0x002b0dfc,0xc
get_data_ptr_o_0,0x002b0e00,0x002b0e0c,0xc
obj_sub_0e10,0x002b0e10,0x002b0e18,0x8
return_zero_,0x002b0e20,0x002b0e28,0x8
get_global_var_g,0x002b0e30,0x002b0e3c,0xc
get_global_var_h,0x002b0e40,0x002b0e4c,0xc
sub_2B0E50,0x002b0e50,0x002b0e70,0x20
get_global_var_i,0x002b0e70,0x002b0e7c,0xc
sub_2B0E80,0x002b0e80,0x002b0ea0,0x20
sub_2B0EA0,0x002b0ea0,0x002b0ec0,0x20
sub_2B0EC0,0x002b0ec0,0x002b0ed4,0x14
wrap_sub_155901,0x002b0ee0,0x002b0f04,0x24
noop_wrapper_c_7,0x002b0f10,0x002b0f30,0x20
sub_2B0F30,0x002b0f30,0x002b0f4c,0x1c
set_global_var_l,0x002b0f50,0x002b0f64,0x14
noop_wrapper_d_7,0x002b0f70,0x002b0f8c,0x1c
set_global_var_m,0x002b0f90,0x002b0fa4,0x14
sub_2B0FB0,0x002b0fb0,0x002b0fcc,0x1c
get_global_var_j,0x002b0fd0,0x002b0fdc,0xc
set_global_var_n,0x002b0fe0,0x002b0fec,0xc
singleton_lazy_init___,0x002b0ff0,0x002b119c,0x1ac
sub_2B11A0,0x002b11a0,0x002b11e4,0x44
obj_ctor_init___,0x002b11f0,0x002b1280,0x90
noop_wrapper___,0x002b1280,0x002b12f0,0x70
noop_z_242,0x002b12f0,0x002b12f8,0x8
noop_wrapper_s,0x002b1300,0x002b130c,0xc
sub_2B1310,0x002b1310,0x002b1318,0x8
sub_2B1320,0x002b1320,0x002b1350,0x30
mem_fill_z_193,0x002b1350,0x002b1460,0x110
wrap_math_fabs_0,0x002b1460,0x002b152c,0xcc
sub_2B1530,0x002b1530,0x002b16e8,0x1b8
get_data_ptr_z_181,0x002b16f0,0x002b16fc,0xc
obj_ctor_init___,0x002b1700,0x002b1788,0x88
sub_2B1790,0x002b1790,0x002b17f0,0x60
slerp_quat_c_clone_05,0x002b17f0,0x002b18d4,0xe4
noop_wrapper_z_394,0x002b18e0,0x002b18e8,0x8
EngineUpdate_clone_03,0x002b18f0,0x002b191c,0x2c
noop_z_243,0x002b1920,0x002b1928,0x8
j_nullsub_324,0x002b1930,0x002b1938,0x8
noop_z_244,0x002b1940,0x002b1948,0x8
slerp_quat_c_clone_06,0x002b1950,0x002b1a20,0xd0
noop___,0x002b1a20,0x002b1a28,0x8
get_data_ptr_z_182,0x002b1a30,0x002b1a3c,0xc
sub_2B1A40,0x002b1a40,0x002b1b74,0x134
obj_ctor_init___,0x002b1b80,0x002b1c08,0x88
slerp_quat_c_clone_07,0x002b1c10,0x002b1d94,0x184
scene_node_set_visible_clone_06,0x002b1da0,0x002b1e3c,0x9c
mem_fill_z_194,0x002b1e40,0x002b203c,0x1fc
mem_fill_z_195,0x002b2040,0x002b2250,0x210
sub_2B2250,0x002b2250,0x002b2448,0x1f8
str_copy_n_09,0x002b2450,0x002b2600,0x1b0
str_copy_n_10,0x002b2600,0x002b26c0,0xc0
fighter_track_tick_clone_10,0x002b26c0,0x002b27f8,0x138
sub_2B2800,0x002b2800,0x002b2a04,0x204
sub_2B2A10,0x002b2a10,0x002b2b44,0x134
noop_z_245,0x002b2b50,0x002b2b58,0x8
j_nullsub_327,0x002b2b60,0x002b2b68,0x8
noop_z_246,0x002b2b70,0x002b2b78,0x8
sub_2B2B80,0x002b2b80,0x002b2e38,0x2b8
fighter_track_slot_ctor_clone_10,0x002b2e40,0x002b2ea0,0x60
mem_fill_z_196,0x002b2ea0,0x002b30e8,0x248
noop___,0x002b30f0,0x002b30f8,0x8
mem_fill_z_197,0x002b3100,0x002b3188,0x88
sub_2B3190,0x002b3190,0x002b3258,0xc8
obj_set_fields_z_204,0x002b3260,0x002b32f8,0x98
mem_fill_z_198,0x002b3300,0x002b3390,0x90
sub_2B3390,0x002b3390,0x002b3440,0xb0
scene_node_requeue_clone_10,0x002b3440,0x002b34a8,0x68
sub_2B34B0,0x002b34b0,0x002b3530,0x80
fighter_track_slot_ctor_clone_11,0x002b3530,0x002b357c,0x4c
obj_set_fields___,0x002b3580,0x002b35bc,0x3c
obj_set_fields___,0x002b35c0,0x002b35f0,0x30
sub_2B35F0,0x002b35f0,0x002b36a0,0xb0
scene_node_requeue_clone_11,0x002b36a0,0x002b3708,0x68
sub_2B3710,0x002b3710,0x002b3790,0x80
fighter_track_slot_ctor_clone_12,0x002b3790,0x002b37dc,0x4c
sub_2B37E0,0x002b37e0,0x002b3878,0x98
scene_node_requeue_clone_12,0x002b3880,0x002b38e8,0x68
sub_2B38F0,0x002b38f0,0x002b3970,0x80
obj_set_fields___,0x002b3970,0x002b39cc,0x5c
sub_2B39D0,0x002b39d0,0x002b3ad8,0x108
get_data_ptr_z_183,0x002b3ae0,0x002b3aec,0xc
mem_fill_z_199,0x002b3af0,0x002b3cf0,0x200
sub_2B3CF0,0x002b3cf0,0x002b3d50,0x60
slerp_quat_c_clone_08,0x002b3d50,0x002b3e34,0xe4
hud_bubble_register_hit_c,0x002b3e40,0x002b404c,0x20c
j_noop_wrapper___693,0x002b4050,0x002b4058,0x8
noop_z_247,0x002b4060,0x002b4068,0x8
j_mem_fill_z_205,0x002b4070,0x002b4078,0x8
j_mem_fill_z_205_0,0x002b4080,0x002b4088,0x8
obj_set_fields___,0x002b4090,0x002b40a4,0x14
mem_fill_z_200,0x002b40b0,0x002b4258,0x1a8
sub_2B4260,0x002b4260,0x002b42ac,0x4c
mem_fill_z_201,0x002b42b0,0x002b46c8,0x418
mem_fill_z_202,0x002b46d0,0x002b490c,0x23c
sub_2B4910,0x002b4910,0x002b4a7c,0x16c
mem_fill_z_203,0x002b4a80,0x002b4bb8,0x138
mem_fill_z_204,0x002b4bc0,0x002b4f38,0x378
mem_fill_z_205,0x002b4f40,0x002b559c,0x65c
mem_fill_z_206,0x002b55a0,0x002b6014,0xa74
get_data_ptr_z_184,0x002b6020,0x002b602c,0xc
obj_ctor_init___,0x002b6030,0x002b6078,0x48
sub_2B6080,0x002b6080,0x002b6164,0xe4
wrap_mem_compare_n_0_clone_07,0x002b6170,0x002b6178,0x8
vtable_dispatch___36_clone_08,0x002b6180,0x002b61bc,0x3c
noop_z_248,0x002b61c0,0x002b61c8,0x8
wrap_noop_wrapper_z_127,0x002b61d0,0x002b61d8,0x8
wrap_noop_wrapper_z_127_b,0x002b61e0,0x002b61e8,0x8
wrap_slerp_quat_c_clone_01,0x002b61f0,0x002b61f8,0x8
get_data_ptr_z_185,0x002b6200,0x002b620c,0xc
wrap_sub_412831,0x002b6210,0x002b6218,0x8
wrap_wrap_mem_compare_n_0_clone_07,0x002b6220,0x002b6228,0x8
wrap_sub_412832,0x002b6230,0x002b6238,0x8
sub_2B6250,0x002b6250,0x002b62d8,0x88
sub_2B62E0,0x002b62e0,0x002b64ec,0x20c
noop_seq_var_10_z_0,0x002b64f0,0x002b6534,0x44
noop_wrapper___,0x002b6540,0x002b6570,0x30
noop_wrapper___,0x002b6570,0x002b65d8,0x68
j_scene_node_set_visible_2,0x002b65e0,0x002b65e8,0x8
sub_2B65F0,0x002b65f0,0x002b6644,0x54
move_tick_composite_clone_02,0x002b6650,0x002b67d8,0x188
obj_field8_clear,0x002b67e0,0x002b6818,0x38
obj_set_field_byte___,0x002b6820,0x002b6828,0x8
obj_set_field_byte___,0x002b6830,0x002b6838,0x8
obj_get_offset68_ptr,0x002b6840,0x002b6858,0x18
get_data_ptr_z_186,0x002b6860,0x002b686c,0xc
noop_z_249,0x002b6870,0x002b6878,0x8
sub_2B6900,0x002b6900,0x002b6964,0x64
vec4f_write_to_offset40_clone_02,0x002b6970,0x002b6994,0x24
mem_fill_z_207,0x002b69a0,0x002b6cc8,0x328
obj_set_fields_h_2,0x002b6cd0,0x002b6d50,0x80
noop_wrapper___,0x002b6d50,0x002b6d84,0x34
sub_2B6D90,0x002b6d90,0x002b6df0,0x60
vtable_dispatch___,0x002b6df0,0x002b6e54,0x64
obj_set_fields___72_0,0x002b6e60,0x002b6ea4,0x44
sub_2B6EB0,0x002b6eb0,0x002b6f90,0xe0
noop_z_250,0x002b6f90,0x002b6f98,0x8
scene_node_requeue_clone_13,0x002b6fa0,0x002b7004,0x64
input_state_update_clone_05,0x002b7010,0x002b704c,0x3c
input_state_update_clone_06,0x002b7050,0x002b708c,0x3c
mem_fill_z_55_clone_17,0x002b7090,0x002b7170,0xe0
euler_to_quat_z_6,0x002b7170,0x002b724c,0xdc
noop_wrapper_z_395,0x002b7250,0x002b7268,0x18
sub_2B7270,0x002b7270,0x002b743c,0x1cc
sub_2B7440,0x002b7440,0x002b75cc,0x18c
mem_fill_z_208,0x002b75d0,0x002b79b8,0x3e8
mem_fill_z_209,0x002b79c0,0x002b7d30,0x370
get_data_ptr_z_187,0x002b7d30,0x002b7d3c,0xc
sub_2B7D40,0x002b7d40,0x002b7dc8,0x88
sub_2B7DD0,0x002b7dd0,0x002b7fdc,0x20c
obj_set_fields___31_0,0x002b7fe0,0x002b81b4,0x1d4
sub_2B81C0,0x002b81c0,0x002b821c,0x5c
sub_2B8220,0x002b8220,0x002b838c,0x16c
sub_2B8390,0x002b8390,0x002b8398,0x8
j_scene_node_set_visible_3,0x002b83a0,0x002b83a8,0x8
j_scene_graph_flush_0,0x002b83b0,0x002b83b8,0x8
wrap_noop_sub_3170_b,0x002b83c0,0x002b83c8,0x8
vtable_dispatch_h,0x002b83d0,0x002b8864,0x494
sub_2B8870,0x002b8870,0x002b88e0,0x70
obj_ctor_init___,0x002b88e0,0x002b8970,0x90
noop_wrapper___,0x002b8970,0x002b8984,0x14
wrap_noop_sub_3170_c,0x002b8990,0x002b8998,0x8
sub_2B89A0,0x002b89a0,0x002b8a10,0x70
vtable_dispatch___,0x002b8a10,0x002b8a24,0x14
HankakuToZenkaku_clone_05,0x002b8a30,0x002b8a74,0x44
get_data_ptr_z_188,0x002b8a80,0x002b8a8c,0xc
noop_z_251,0x002b8a90,0x002b8a98,0x8
wrap_array_call_dtor_c,0x002b8aa0,0x002b8abc,0x1c
pool_entry_pop___,0x002b8ae0,0x002b8b24,0x44
pool_entry_push__,0x002b8b30,0x002b8b54,0x24
singleton_lazy_init___,0x002b8b60,0x002b8c34,0xd4
fighter_track_tick_clone_11,0x002b8c40,0x002b90cc,0x48c
noop_z_252,0x002b90d0,0x002b90d8,0x8
noop_z_253,0x002b90e0,0x002b90e8,0x8
sub_2B90F0,0x002b90f0,0x002b91b0,0xc0
noop_z_254,0x002b91b0,0x002b91b8,0x8
noop_z_255,0x002b91c0,0x002b91c8,0x8
noop_z_256,0x002b91d0,0x002b91d8,0x8
wrap_singleton_get_effect_mgr_clone_01,0x002b91e0,0x002b9220,0x40
wrap_obj_activate_right,0x002b9220,0x002b9258,0x38
obj_set_fields___,0x002b9260,0x002b9288,0x28
obj_flag_conditional_set_h,0x002b9290,0x002b92c0,0x30
noop_wrapper_z_396,0x002b92c0,0x002b92f0,0x30
noop_z_257,0x002b92f0,0x002b92f8,0x8
vtable_sub_b640_clone_01,0x002b9300,0x002b93d8,0xd8
get_data_ptr_z_189,0x002b93e0,0x002b93ec,0xc
pool_entry_push__,0x002b93f0,0x002b9498,0xa8
flags_test_mask_m,0x002b94a0,0x002b94b8,0x18
pool_entry_pop_d,0x002b94e0,0x002b9524,0x44
pool_entry_push_d,0x002b9530,0x002b9554,0x24
singleton_lazy_init___,0x002b9560,0x002b9634,0xd4
vtable_dispatch_d,0x002b9640,0x002b967c,0x3c
noop_z_258,0x002b9680,0x002b9688,0x8
tree_node_clone_init,0x002b9690,0x002b9890,0x200
noop_z_259,0x002b9890,0x002b9898,0x8
vtable_dispatch___,0x002b98a0,0x002b98b0,0x10
noop_z_260,0x002b98b0,0x002b98b8,0x8
obj_dtor_with_vtable,0x002b98c0,0x002b98f4,0x34
noop_z_261,0x002b9900,0x002b9908,0x8
wrap_obj_get_anim_timer,0x002b9910,0x002b9918,0x8
obj_get_anim_speed_from_handle,0x002b9920,0x002b9928,0x8
get_field_val_z_72,0x002b9930,0x002b9948,0x18
get_field_val___,0x002b9950,0x002b9958,0x8
obj_ctor_base,0x002b9960,0x002b9a0c,0xac
get_fire_base_class_name,0x002b9a10,0x002b9a18,0x8
effect_spawn_by_id,0x002b9a20,0x002b9d0c,0x2ec
wrap_effect_spawn_by_id,0x002b9d10,0x002b9d40,0x30
mem_fill_z_210,0x002b9d40,0x002b9ee0,0x1a0
sub_2B9EE0,0x002b9ee0,0x002b9f20,0x40
sub_2B9F20,0x002b9f20,0x002ba07c,0x15c
table_entry_get_d,0x002ba080,0x002ba098,0x18
noop_wrapper___,0x002ba0a0,0x002ba0ac,0xc
noop_z_262,0x002ba0b0,0x002ba0b8,0x8
obj_ctor_init___,0x002ba0c0,0x002ba0dc,0x1c
sub_2BA0E0,0x002ba0e0,0x002ba140,0x60
noop_wrapper_z_397,0x002ba140,0x002ba148,0x8
get_data_ptr_z_190,0x002ba150,0x002ba15c,0xc
sub_2BA160,0x002ba160,0x002ba238,0xd8
mem_fill_z_211,0x002ba240,0x002bad28,0xae8
sub_2BAD30,0x002bad30,0x002bada0,0x70
mem_fill_z_37_clone_03,0x002bada0,0x002baef0,0x150
sub_2BAEF0,0x002baef0,0x002baff8,0x108
CAppOptionRanking_Tick_clone_07,0x002bb000,0x002bb038,0x38
obj_set_fields_v_0,0x002bb040,0x002bb054,0x14
sub_2BB060,0x002bb060,0x002bb0e8,0x88
sub_2BB0F0,0x002bb0f0,0x002bb280,0x190
sub_2BB280,0x002bb280,0x002bb3e8,0x168
obj_set_fields_w_0,0x002bb3f0,0x002bb40c,0x1c
sub_2BB410,0x002bb410,0x002bb480,0x70
vtable_sub_8951,0x002bb480,0x002bb594,0x114
mem_compare_n_0_clone_28,0x002bb5a0,0x002bb974,0x3d4
sub_2BB980,0x002bb980,0x002bb9f0,0x70
vtable_sub_fc40_clone_01,0x002bb9f0,0x002bbaac,0xbc
mem_compare_n_0_clone_29,0x002bbab0,0x002bbd00,0x250
obj_set_fields_x_0,0x002bbd00,0x002bbd14,0x14
sub_2BBD20,0x002bbd20,0x002bbd90,0x70
vtable_sub_fc40_clone_02,0x002bbd90,0x002bbe50,0xc0
mem_compare_n_0_clone_30,0x002bbe50,0x002bc0a0,0x250
obj_set_fields_y_0,0x002bc0a0,0x002bc0b4,0x14
sub_2BC0C0,0x002bc0c0,0x002bc130,0x70
sub_2BC130,0x002bc130,0x002bc208,0xd8
mem_fill_z_212,0x002bc210,0x002bce30,0xc20
sub_2BCE30,0x002bce30,0x002bcea0,0x70
sub_2BCEA0,0x002bcea0,0x002bcf30,0x90
fighter_track_tick_clone_12,0x002bcf30,0x002bd3e0,0x4b0
sub_2BD3E0,0x002bd3e0,0x002bd450,0x70
sub_2BD450,0x002bd450,0x002bd524,0xd4
mem_fill_z_213,0x002bd530,0x002be018,0xae8
sub_2BE020,0x002be020,0x002be090,0x70
sub_2BE090,0x002be090,0x002be120,0x90
fighter_track_tick_clone_13,0x002be120,0x002be5d0,0x4b0
sub_2BE5D0,0x002be5d0,0x002be674,0xa4
sub_2BE680,0x002be680,0x002be6f0,0x70
sub_2BE6F0,0x002be6f0,0x002be7f0,0x100
sub_2BE7F0,0x002be7f0,0x002be860,0x70
sub_2BE860,0x002be860,0x002be95c,0xfc
sub_2BE960,0x002be960,0x002bea24,0xc4
sub_2BEA30,0x002bea30,0x002beaa0,0x70
CApp_CharaVS_Update_clone_04,0x002beaa0,0x002beb88,0xe8
sub_2BEB90,0x002beb90,0x002bef90,0x400
sub_2BEF90,0x002bef90,0x002bf000,0x70
mem_fill_z_214,0x002bf000,0x002bf314,0x314
sub_2BF320,0x002bf320,0x002bf714,0x3f4
sub_2BF720,0x002bf720,0x002bf790,0x70
sub_2BF790,0x002bf790,0x002bf838,0xa8
obj_quat_changed_check_clone_01,0x002bf840,0x002bf9c0,0x180
sub_2BF9C0,0x002bf9c0,0x002bfa30,0x70
sub_2BFA30,0x002bfa30,0x002bfb14,0xe4
obj_quat_changed_check_clone_02,0x002bfb20,0x002bfdfc,0x2dc
sub_2BFE00,0x002bfe00,0x002bfe70,0x70
wrap_obj_register_c,0x002bfe70,0x002bfecc,0x5c
sub_2BFED0,0x002bfed0,0x002bffec,0x11c
noop_z_263,0x002bfff0,0x002bfff8,0x8
sub_2C0000,0x002c0000,0x002c01e8,0x1e8
vtable_dispatch___,0x002c01f0,0x002c022c,0x3c
sub_2C0230,0x002c0230,0x002c02e4,0xb4
obj_set_fields___,0x002c02f0,0x002c0328,0x38
obj_ctor_init___,0x002c0330,0x002c0374,0x44
sub_2C0380,0x002c0380,0x002c03e0,0x60
get_data_ptr_z_191,0x002c03e0,0x002c03ec,0xc
sub_2C03F0,0x002c03f0,0x002c049c,0xac
noop_z_264,0x002c04a0,0x002c04a8,0x8
noop_z_265,0x002c04b0,0x002c04b8,0x8
vtable_dispatch_m_0_clone_01,0x002c04c0,0x002c04d8,0x18
flags_test_mask_n,0x002c04e0,0x002c04f0,0x10
flags_test_mask_o,0x002c04f0,0x002c0500,0x10
obj_flag_conditional_set,0x002c0500,0x002c0530,0x30
obj_flag_conditional_set_b,0x002c0530,0x002c0560,0x30
wrap_obj_ctor_extended,0x002c0560,0x002c059c,0x3c
obj_ctor_init___,0x002c05a0,0x002c0618,0x78
get_data_ptr_z_192,0x002c0620,0x002c062c,0xc
wrap_obj_register_d,0x002c0630,0x002c068c,0x5c
sub_2C0690,0x002c0690,0x002c07ac,0x11c
noop_z_266,0x002c07b0,0x002c07b8,0x8
obj_set_fields___140_clone_03,0x002c07c0,0x002c0930,0x170
vtable_dispatch___,0x002c0930,0x002c096c,0x3c
obj_ctor_init___,0x002c0970,0x002c09ac,0x3c
sub_2C09B0,0x002c09b0,0x002c0a10,0x60
get_data_ptr_z_193,0x002c0a10,0x002c0a1c,0xc
wrap_obj_register_e,0x002c0a20,0x002c0a7c,0x5c
fighter_track_slot_ctor_clone_13,0x002c0a80,0x002c0b08,0x88
noop_z_267,0x002c0b10,0x002c0b18,0x8
sub_2C0B20,0x002c0b20,0x002c0c18,0xf8
sub_2C0C20,0x002c0c20,0x002c0c70,0x50
obj_ctor_init___,0x002c0c70,0x002c0cc0,0x50
obj_ctor_init___,0x002c0cc0,0x002c0d48,0x88
obj_sub_0d50,0x002c0d50,0x002c0da4,0x54
obj_sub_0db0,0x002c0db0,0x002c0e08,0x58
sub_2C0E10,0x002c0e10,0x002c0f84,0x174
sub_2C0F90,0x002c0f90,0x002c1194,0x204
vtable_dispatch___,0x002c11a0,0x002c11b8,0x18
get_data_ptr_z_194,0x002c11c0,0x002c11cc,0xc
wrap_obj_register_f,0x002c11d0,0x002c122c,0x5c
sub_2C1230,0x002c1230,0x002c12d8,0xa8
sub_2C12E0,0x002c12e0,0x002c135c,0x7c
singleton_lazy_init_m_clone_01,0x002c1360,0x002c1458,0xf8
sub_2C1460,0x002c1460,0x002c14bc,0x5c
obj_ctor_init___,0x002c14c0,0x002c1500,0x40
sub_2C1500,0x002c1500,0x002c1560,0x60
get_data_ptr_z_195,0x002c1560,0x002c156c,0xc
str_copy_n_e_clone_71,0x002c1570,0x002c16bc,0x14c
state_byte_transition_k,0x002c16c0,0x002c178c,0xcc
state_byte_transition_l,0x002c1790,0x002c182c,0x9c
camera_fade_set,0x002c1830,0x002c1ba8,0x378
camera_fade_is_active,0x002c1bb0,0x002c1bf4,0x44
get_inv_global_float,0x002c1c00,0x002c1c18,0x18
camera_set_mode,0x002c1c20,0x002c1c7c,0x5c
wrap_array_call_dtor_d,0x002c1c80,0x002c1c9c,0x1c
sub_2C1CA0,0x002c1ca0,0x002c1f60,0x2c0
noop_wrapper_z_398,0x002c1f60,0x002c1f80,0x20
noop_wrapper_z_399,0x002c1f80,0x002c1fa0,0x20
noop_wrapper_z_400,0x002c1fa0,0x002c1fbc,0x1c
sub_2C1FC0,0x002c1fc0,0x002c2098,0xd8
sub_2C20A0,0x002c20a0,0x002c2100,0x60
singleton_lazy_init_y_clone_04,0x002c2100,0x002c22d0,0x1d0
singleton_lazy_init_y_clone_05,0x002c22d0,0x002c2430,0x160
sub_2C2430,0x002c2430,0x002c24bc,0x8c
noop_wrapper___,0x002c24c0,0x002c24e0,0x20
noop___,0x002c24e0,0x002c24e8,0x8
table_lookup_by_index,0x002c24f0,0x002c2508,0x18
singleton_lazy_init_0_clone_04,0x002c2510,0x002c26f8,0x1e8
str_copy_n_e_clone_72,0x002c2700,0x002c2a2c,0x32c
sub_2C2A30,0x002c2a30,0x002c2b90,0x160
sub_2C2B90,0x002c2b90,0x002c2d64,0x1d4
curve_interp_call,0x002c2d70,0x002c3084,0x314
sub_2C3090,0x002c3090,0x002c3308,0x278
sub_2C3310,0x002c3310,0x002c3448,0x138
sub_2C3450,0x002c3450,0x002c3584,0x134
sub_2C3590,0x002c3590,0x002c3768,0x1d8
sub_2C3770,0x002c3770,0x002c3a88,0x318
state_sub_c240_clone_07,0x002c3a90,0x002c3b98,0x108
curve_interpolate,0x002c3ba0,0x002c3c80,0xe0
noop_wrapper_z_401,0x002c3c80,0x002c3cb4,0x34
mem_alloc_single,0x002c3cc0,0x002c3cd4,0x14
sub_2C3CE0,0x002c3ce0,0x002c3db8,0xd8
sub_2C3DC0,0x002c3dc0,0x002c3e80,0xc0
str_copy_n_e_clone_73,0x002c3e80,0x002c417c,0x2fc
sub_2C4180,0x002c4180,0x002c41d4,0x54
sub_2C41E0,0x002c41e0,0x002c4270,0x90
sub_2C4270,0x002c4270,0x002c4378,0x108
hud_sub_4380,0x002c4380,0x002c4428,0xa8
noop_wrapper___,0x002c4430,0x002c444c,0x1c
str_copy_n_e_clone_74,0x002c4450,0x002c45fc,0x1ac
curve_interp_call_b,0x002c4600,0x002c47d8,0x1d8
curve_interp_call_c,0x002c47e0,0x002c4a84,0x2a4
blend_state_is_idle_clone_08,0x002c4a90,0x002c4ac4,0x34
wrap_obj_update_curve_interp,0x002c4ad0,0x002c4aec,0x1c
wrap_obj_update_curve_interp_b,0x002c4af0,0x002c4b0c,0x1c
wrap_obj_update_curve_interp_c,0x002c4b10,0x002c4b2c,0x1c
noop_wrapper___,0x002c4b30,0x002c4b70,0x40
state_sub_4b70,0x002c4b70,0x002c4bbc,0x4c
noop_wrapper___,0x002c4bc0,0x002c4bdc,0x1c
mem_alloc_single_b,0x002c4be0,0x002c4bf4,0x14
fighter_track_slot_ctor_clone_14,0x002c4c00,0x002c4cd8,0xd8
sub_2C4CE0,0x002c4ce0,0x002c4ddc,0xfc
sub_2C4DE0,0x002c4de0,0x002c52fc,0x51c
wrap_mem_set_w,0x002c5300,0x002c530c,0xc
fighter_track_slot_ctor_clone_15,0x002c5310,0x002c539c,0x8c
obj_set_fields___,0x002c53a0,0x002c53dc,0x3c
wrap_mem_copy_c,0x002c53e0,0x002c542c,0x4c
curve_interp_call_d,0x002c5430,0x002c5674,0x244
obj_set_fields_z_0,0x002c5680,0x002c57b8,0x138
obj_set_fields___,0x002c57c0,0x002c5854,0x94
sub_2C5860,0x002c5860,0x002c5b14,0x2b4
sub_2C5B20,0x002c5b20,0x002c5d0c,0x1ec
mem_compare_n_0_clone_31,0x002c5d10,0x002c5f08,0x1f8
wrap_mem_set_y_0,0x002c5f10,0x002c5f1c,0xc
sub_2C5F20,0x002c5f20,0x002c5f74,0x54
state_byte_transition_t_2,0x002c5f80,0x002c602c,0xac
curve_interp_call_e,0x002c6030,0x002c6338,0x308
CAppMenuMain_Tick_clone_02,0x002c6340,0x002c6424,0xe4
sub_2C6430,0x002c6430,0x002c6440,0x10
obj_set_fields_z_205,0x002c6440,0x002c6508,0xc8
singleton_lazy_init_j_0,0x002c6510,0x002c661c,0x10c
sub_2C6620,0x002c6620,0x002c6758,0x138
sub_2C6760,0x002c6760,0x002c6814,0xb4
sub_2C6820,0x002c6820,0x002c68f8,0xd8
timer_tick_and_check_clone_01,0x002c6900,0x002c6988,0x88
sub_2C6990,0x002c6990,0x002c6dd8,0x448
sub_2C6DE0,0x002c6de0,0x002c6f08,0x128
sub_2C6F10,0x002c6f10,0x002c76cc,0x7bc
CAppFightDemoEndCard_End_clone_01,0x002c76d0,0x002c7994,0x2c4
sub_2C79A0,0x002c79a0,0x002c7b58,0x1b8
sub_2C7B60,0x002c7b60,0x002c7c60,0x100
obj_tick_ik_clone_01,0x002c7c60,0x002c7ce0,0x80
noop_wrapper_z_402,0x002c7ce0,0x002c7d00,0x20
state_byte_transition__clone_05,0x002c7d00,0x002c7d90,0x90
state_sub_7d90,0x002c7d90,0x002c7de4,0x54
sub_2C7DF0,0x002c7df0,0x002c7e94,0xa4
noop_wrapper_z_403,0x002c7ea0,0x002c7ebc,0x1c
noop_wrapper_z_404,0x002c7ec0,0x002c7ed4,0x14
noop_wrapper_e_5,0x002c7ee0,0x002c7f14,0x34
sub_2C7F20,0x002c7f20,0x002c7fd8,0xb8
dat_callback_dispatch_f_clone_08,0x002c7fe0,0x002c800c,0x2c
dat_callback_dispatch_f_clone_09,0x002c8010,0x002c803c,0x2c
dat_callback_dispatch_f_clone_10,0x002c8040,0x002c8070,0x30
noop_wrapper_z_405,0x002c8070,0x002c80a4,0x34
table_index_get,0x002c80b0,0x002c80c4,0x14
state_byte_transition_g_0,0x002c80d0,0x002c881c,0x74c
sub_2C8820,0x002c8820,0x002c89d4,0x1b4
mem_fill_z_349_0,0x002c89e0,0x002c9004,0x624
mem_fill_z_350,0x002c9010,0x002c94e8,0x4d8
mem_compare_n_0_clone_32,0x002c94f0,0x002c9884,0x394
noop_wrapper_z_406,0x002c9890,0x002c98c4,0x34
noop_wrapper_z_407,0x002c98d0,0x002c98ec,0x1c
sub_2C98F0,0x002c98f0,0x002c9a84,0x194
sub_2C9A90,0x002c9a90,0x002c9b10,0x80
sub_2C9B10,0x002c9b10,0x002c9d1c,0x20c
pool_entry_push_b_0_clone_05,0x002c9d20,0x002c9f54,0x234
sub_2C9F60,0x002c9f60,0x002c9fd0,0x70
vtable_dispatch___36_clone_09,0x002c9fd0,0x002ca00c,0x3c
noop_seq_var_10_z_1,0x002ca010,0x002ca04c,0x3c
obj_ctor_init_n_clone_09,0x002ca050,0x002ca0e8,0x98
obj_alloc_and_init,0x002ca0f0,0x002ca198,0xa8
obj_flag_conditional_set_i,0x002ca1a0,0x002ca1d0,0x30
flags_test_mask_p,0x002ca1d0,0x002ca1e0,0x10
get_data_ptr_z_196,0x002ca1e0,0x002ca1ec,0xc
noop_z_268,0x002ca1f0,0x002ca1f8,0x8
pool_entry_pop___,0x002ca220,0x002ca264,0x44
noop_wrapper_z_408,0x002ca270,0x002ca290,0x20
pool_entry_push__,0x002ca290,0x002ca3a4,0x114
pool_entry_pop_e_clone_02,0x002ca3b0,0x002ca404,0x54
pool_entry_pop_e_clone_03,0x002ca410,0x002ca46c,0x5c
sub_2CA470,0x002ca470,0x002ca4c8,0x58
obj_ctor_init___,0x002ca4d0,0x002ca544,0x74
pool_entry_push__,0x002ca550,0x002ca5dc,0x8c
Heap_Alloc_clone_01,0x002ca5e0,0x002ca6b4,0xd4
sub_2CA6C0,0x002ca6c0,0x002ca9e4,0x324
gp_field_get_z_388,0x002ca9f0,0x002ca9f8,0x8
hud_sub_aa00,0x002caa00,0x002caa1c,0x1c
sub_2CAA20,0x002caa20,0x002caa88,0x68
pool_get_entry_ptr,0x002caa90,0x002caab4,0x24
hud_sub_aac0,0x002caac0,0x002cae40,0x380
struct_data_copy_init,0x002cae40,0x002cb058,0x218
sub_2CB060,0x002cb060,0x002cb370,0x310
wrap_str_format_into_buf_u,0x002cb370,0x002cb3a8,0x38
flags_test_mask_c,0x002cb3b0,0x002cb3dc,0x2c
obj_flag_conditional_set_j,0x002cb3e0,0x002cb410,0x30
str_sub_b410,0x002cb410,0x002cb51c,0x10c
obj_set_fields___,0x002cb520,0x002cb578,0x58
sub_2CB580,0x002cb580,0x002cb6a0,0x120
flags_test_mask_q,0x002cb6a0,0x002cb6dc,0x3c
sub_2CB6E0,0x002cb6e0,0x002cb748,0x68
noop_wrapper_z_409,0x002cb750,0x002cb788,0x38
obj_flag_conditional_set_k,0x002cb790,0x002cb7ec,0x5c
noop_wrapper_z_410,0x002cb7f0,0x002cb828,0x38
obj_flag_conditional_set_l,0x002cb830,0x002cb88c,0x5c
noop_wrapper_z_411,0x002cb890,0x002cb8c8,0x38
flags_test_mask_r,0x002cb8d0,0x002cb90c,0x3c
sub_2CB910,0x002cb910,0x002cb978,0x68
flags_test_mask_s,0x002cb980,0x002cb9bc,0x3c
sub_2CB9C0,0x002cb9c0,0x002cba28,0x68
str_copy_n_k,0x002cba30,0x002cbda8,0x378
wrap_obj_copy_fields_clone_02,0x002cbdb0,0x002cbe2c,0x7c
obj_try_change_state_clone_02,0x002cbe30,0x002cbe9c,0x6c
noop_seq_var_10_z_2,0x002cbea0,0x002cbee0,0x40
singleton_sub_bee0,0x002cbee0,0x002cbefc,0x1c
return_zero___,0x002cbf00,0x002cbf08,0x8
return_zero___,0x002cbf10,0x002cbf18,0x8
obj_set_field_pair___,0x002cbf20,0x002cbf54,0x34
str_sub_bf60,0x002cbf60,0x002cc0d4,0x174
sub_2CC0E0,0x002cc0e0,0x002cc240,0x160
state_sub_c240,0x002cc240,0x002cc2d0,0x90
sub_2CC2D0,0x002cc2d0,0x002cc318,0x48
sub_2CC320,0x002cc320,0x002cc3b4,0x94
sub_2CC3C0,0x002cc3c0,0x002cc45c,0x9c
noop_wrapper_z_412,0x002cc460,0x002cc46c,0xc
obj_ctor_init___342_clone_02,0x002cc470,0x002cc4c4,0x54
sub_2CC4D0,0x002cc4d0,0x002cc560,0x90
pool_entry_push___,0x002cc560,0x002cc634,0xd4
vtable_sub_fc40_clone_03,0x002cc640,0x002cc6d4,0x94
sub_2CC6E0,0x002cc6e0,0x002cc764,0x84
noop_seq_singleton_get_effect_mgr_b,0x002cc770,0x002cc7c4,0x54
sub_2CC7D0,0x002cc7d0,0x002cc864,0x94
sub_2CC870,0x002cc870,0x002cc8d8,0x68
resource_slot_try_load,0x002cc8e0,0x002cc938,0x58
wrap_obj_register_g,0x002cc940,0x002cc99c,0x5c
obj_ctor_init___0_clone_05,0x002cc9a0,0x002cc9ec,0x4c
sub_2CC9F0,0x002cc9f0,0x002cca5c,0x6c
sub_2CCA60,0x002cca60,0x002ccb10,0xb0
noop___,0x002ccb10,0x002ccb18,0x8
pool_entry_push___16_0,0x002ccb20,0x002cccb8,0x198
hud_sub_ccc0,0x002cccc0,0x002ccccc,0xc
singleton_get_mgr,0x002cccd0,0x002ccd2c,0x5c
sub_2CCD30,0x002ccd30,0x002cce14,0xe4
sub_2CCE20,0x002cce20,0x002cce9c,0x7c
obj_set_fields_z_206,0x002ccea0,0x002ccedc,0x3c
singleton_lazy_init___,0x002ccee0,0x002cd1d4,0x2f4
obj_dtor_base,0x002cd1e0,0x002cd250,0x70
sub_2CD250,0x002cd250,0x002cd308,0xb8
sub_2CD310,0x002cd310,0x002cd3ec,0xdc
singleton_lazy_init___,0x002cd3f0,0x002cd468,0x78
singleton_lazy_init___,0x002cd470,0x002cd800,0x390
singleton_lazy_init___,0x002cd800,0x002cd944,0x144
singleton_lazy_init___,0x002cd950,0x002cdb7c,0x22c
singleton_lazy_init___,0x002cdb80,0x002cdda8,0x228
sub_2CDDB0,0x002cddb0,0x002cdfe4,0x234
noop_wrapper_z_413,0x002cdff0,0x002cdff8,0x8
obj_sub_ca60_clone_16,0x002ce000,0x002ce1fc,0x1fc
set_field_byte_imm_b,0x002ce200,0x002ce20c,0xc
singleton_lazy_init___,0x002ce210,0x002ce48c,0x27c
singleton_sub_e490,0x002ce490,0x002ce538,0xa8
obj_set_fields_z_207,0x002ce540,0x002ce5ac,0x6c
obj_set_fields_z_208,0x002ce5b0,0x002ce638,0x88
sub_2CE640,0x002ce640,0x002ce734,0xf4
sub_2CE740,0x002ce740,0x002ce978,0x238
sub_2CE980,0x002ce980,0x002cea18,0x98
effect_spawn_colored,0x002cea20,0x002ced0c,0x2ec
singleton_sub_ed10,0x002ced10,0x002ceeb0,0x1a0
noop_seq_var_10_z_3,0x002ceeb0,0x002cef5c,0xac
sub_2CEF60,0x002cef60,0x002cf028,0xc8
sub_2CF030,0x002cf030,0x002cf07c,0x4c
wrap_obj_update_curve_interp_d_clone_04,0x002cf0a0,0x002cf1bc,0x11c
singleton_sub_f1c0,0x002cf1c0,0x002cf304,0x144
obj_sub_b660_clone_05,0x002cf310,0x002cf39c,0x8c
singleton_sub_f3a0,0x002cf3a0,0x002cf440,0xa0
sub_2CF440,0x002cf440,0x002d01b4,0xd74
sub_2D01C0,0x002d01c0,0x002d02f0,0x130
obj_set_fields___,0x002d02f0,0x002d0330,0x40
blend_state_is_idle_clone_09,0x002d0330,0x002d0374,0x44
sub_2D0380,0x002d0380,0x002d0520,0x1a0
sub_2D0520,0x002d0520,0x002d0554,0x34
sub_2D0560,0x002d0560,0x002d05a8,0x48
sub_2D05B0,0x002d05b0,0x002d05f4,0x44
sub_2D0600,0x002d0600,0x002d0664,0x64
sub_2D0670,0x002d0670,0x002d06ec,0x7c
get_data_ptr_z_197,0x002d06f0,0x002d06fc,0xc
get_data_ptr_z_198,0x002d0700,0x002d070c,0xc
singleton_get_mgr_2d07,0x002d0710,0x002d076c,0x5c
obj_ctor_init___342_clone_03,0x002d0770,0x002d080c,0x9c
sub_2D0810,0x002d0810,0x002d0898,0x88
sub_2D08A0,0x002d08a0,0x002d0a24,0x184
sub_2D0A30,0x002d0a30,0x002d0b44,0x114
sub_2D0B50,0x002d0b50,0x002d0c80,0x130
obj_update_curve_interp,0x002d0c80,0x002d1dcc,0x114c
curve_interp_call_f,0x002d1dd0,0x002d1ec4,0xf4
sub_2D1ED0,0x002d1ed0,0x002d1f80,0xb0
sub_2D1F80,0x002d1f80,0x002d2234,0x2b4
obj_set_fields_z_1,0x002d2240,0x002d2278,0x38
noop_wrapper_z_414,0x002d2280,0x002d2290,0x10
flags_test_mask_b,0x002d2290,0x002d22a0,0x10
obj_set_field_byte___,0x002d22a0,0x002d22a8,0x8
curve_interp_call_g,0x002d22b0,0x002d2500,0x250
curve_interp_call_h,0x002d2500,0x002d2750,0x250
curve_interp_call_i,0x002d2750,0x002d29a0,0x250
obj_sub_29a0,0x002d29a0,0x002d2ab8,0x118
get_string_by_index,0x002d2ac0,0x002d2ad4,0x14
noop_wrapper_z_415,0x002d2ae0,0x002d2b20,0x40
noop_sub_2b20,0x002d2b20,0x002d2b40,0x20
state_sub_2b40,0x002d2b40,0x002d2bf8,0xb8
noop_wrapper_z_416,0x002d2c00,0x002d2c20,0x20
sub_2D2C20,0x002d2c20,0x002d2ee0,0x2c0
wrap_array_call_dtor_e,0x002d2ee0,0x002d2efc,0x1c
pool_entry_pop___,0x002d2f00,0x002d2f44,0x44
pool_entry_push___,0x002d2f50,0x002d2f74,0x24
singleton_lazy_init___,0x002d2f80,0x002d3054,0xd4
obj_ctor_init___,0x002d3060,0x002d3080,0x20
noop_wrapper_z_417,0x002d3080,0x002d3098,0x18
script_set_stream,0x002d30a0,0x002d3128,0x88
script_advance_opcode,0x002d3130,0x002d31f4,0xc4
obj_set_fields___,0x002d3200,0x002d3260,0x60
sub_2D3260,0x002d3260,0x002d3290,0x30
sub_2D3290,0x002d3290,0x002d33fc,0x16c
sub_2D3400,0x002d3400,0x002d362c,0x22c
sub_2D3630,0x002d3630,0x002d38b4,0x284
sub_2D38C0,0x002d38c0,0x002d3ae0,0x220
sub_2D3AE0,0x002d3ae0,0x002d3b80,0xa0
sub_2D3B80,0x002d3b80,0x002d3df0,0x270
sub_2D3DF0,0x002d3df0,0x002d3e7c,0x8c
sub_2D3E80,0x002d3e80,0x002d3f4c,0xcc
sub_2D3F50,0x002d3f50,0x002d3fb8,0x68
scene_graph_flush_clone_08,0x002d3fc0,0x002d410c,0x14c
sub_2D4110,0x002d4110,0x002d432c,0x21c
sub_2D4330,0x002d4330,0x002d43b4,0x84
sub_2D43C0,0x002d43c0,0x002d4440,0x80
sub_2D4440,0x002d4440,0x002d44f8,0xb8
sub_2D4500,0x002d4500,0x002d46dc,0x1dc
sub_2D46E0,0x002d46e0,0x002d4768,0x88
move_input_advance_b_clone_09,0x002d4770,0x002d480c,0x9c
sub_2D4810,0x002d4810,0x002d48cc,0xbc
noop_wrapper_t,0x002d48d0,0x002d4908,0x38
noop_wrapper___,0x002d4910,0x002d4944,0x34
noop_wrapper___,0x002d4950,0x002d4988,0x38
sub_2D4990,0x002d4990,0x002d4aa8,0x118
sub_2D4AB0,0x002d4ab0,0x002d4b28,0x78
sub_2D4B30,0x002d4b30,0x002d4ba8,0x78
noop_z_269,0x002d4bb0,0x002d4bb8,0x8
get_data_ptr_z_199,0x002d4bc0,0x002d4bcc,0xc
sub_2D4BD0,0x002d4bd0,0x002d4ccc,0xfc
sub_2D4CD0,0x002d4cd0,0x002d4d8c,0xbc
sub_2D4D90,0x002d4d90,0x002d4f9c,0x20c
scene_graph_flush_clone_09,0x002d4fa0,0x002d51e4,0x244
async_task_tick_clone_01,0x002d51f0,0x002d53a0,0x1b0
sub_2D53A0,0x002d53a0,0x002d5418,0x78
noop_seq_var_10_z_4,0x002d5420,0x002d5464,0x44
noop_seq_var_10_z_5,0x002d5470,0x002d54b4,0x44
sub_2D54C0,0x002d54c0,0x002d555c,0x9c
CAppEndingDemo_Begin_clone_01,0x002d5560,0x002d55fc,0x9c
sub_2D5600,0x002d5600,0x002d5724,0x124
sub_2D5730,0x002d5730,0x002d57e0,0xb0
sub_2D57E0,0x002d57e0,0x002d58e8,0x108
sub_2D58F0,0x002d58f0,0x002d5988,0x98
noop_seq_var_10_z_6,0x002d5990,0x002d5a24,0x94
obj_set_fields___32_0,0x002d5a30,0x002d5b10,0xe0
noop_seq_var_10_z_7,0x002d5b10,0x002d5b60,0x50
noop_seq_var_10_z_8,0x002d5b60,0x002d5ba8,0x48
noop_wrapper_z_418,0x002d5bb0,0x002d5bd0,0x20
noop_wrapper_z_419,0x002d5bd0,0x002d5bf0,0x20
fighter_trigger_effect,0x002d5bf0,0x002d5cc4,0xd4
wrap_singleton_get_mgr,0x002d5cd0,0x002d5cf4,0x24
wrap_singleton_get_mgr_b,0x002d5d00,0x002d5d24,0x24
obj_flag_conditional_set_m,0x002d5d30,0x002d5d60,0x30
flags_test_mask_t,0x002d5d60,0x002d5d70,0x10
get_data_ptr_z_200,0x002d5d70,0x002d5d7c,0xc
noop_z_270,0x002d5d80,0x002d5d88,0x8
singleton_get_mgr,0x002d5d90,0x002d5dec,0x5c
wrap_obj_motion_update_slot_clone_02,0x002d5df0,0x002d5e70,0x80
noop_wrapper___,0x002d5e70,0x002d5eac,0x3c
obj_set_fields_z_209,0x002d5eb0,0x002d5f1c,0x6c
euler_to_quat_z_7,0x002d5f20,0x002d61e0,0x2c0
wrap_obj_motion_update_slot_clone_03,0x002d61e0,0x002d625c,0x7c
noop_wrapper___,0x002d6260,0x002d629c,0x3c
noop_wrapper___,0x002d62a0,0x002d62d8,0x38
noop_wrapper_z_420,0x002d62e0,0x002d6304,0x24
sub_2D6310,0x002d6310,0x002d6378,0x68
noop_wrapper_z_421,0x002d6380,0x002d63a0,0x20
noop_wrapper___,0x002d63a0,0x002d63ac,0xc
noop_wrapper___,0x002d63b0,0x002d63bc,0xc
flags_test_mask_u,0x002d63c0,0x002d6410,0x50
sub_2D6410,0x002d6410,0x002d6468,0x58
sub_2D6470,0x002d6470,0x002d6610,0x1a0
vtable_dispatch___,0x002d6610,0x002d6640,0x30
sub_2D6640,0x002d6640,0x002d6774,0x134
obj_set_fields_z_2,0x002d6780,0x002d67ac,0x2c
sub_2D67B0,0x002d67b0,0x002d67f4,0x44
noop_wrapper___,0x002d6800,0x002d6820,0x20
obj_get_field0c_b,0x002d6820,0x002d6828,0x8
sub_2D6830,0x002d6830,0x002d6890,0x60
sub_2D6890,0x002d6890,0x002d68dc,0x4c
sub_2D68E0,0x002d68e0,0x002d6da0,0x4c0
sub_2D6DA0,0x002d6da0,0x002d6f18,0x178
pool_entry_push_b_0_clone_06,0x002d6f20,0x002d6fb0,0x90
sub_2D6FB0,0x002d6fb0,0x002d7070,0xc0
vtable_dispatch___,0x002d7070,0x002d70a0,0x30
obj_get_field_0x1c_0x68,0x002d70a0,0x002d70c0,0x20
vtable_sub_70c0,0x002d70c0,0x002d70e0,0x20
obj_get_sub_field70,0x002d70e0,0x002d7100,0x20
asm_reg_save_f,0x002d7100,0x002d7148,0x48
wrap_mem_fill_z_215,0x002d7150,0x002d715c,0xc
wrap_sub_326131,0x002d7160,0x002d7174,0x14
sub_2D7180,0x002d7180,0x002d718c,0xc
EngineUpdate_clone_04,0x002d7190,0x002d71d0,0x40
state_byte_transition_i_01,0x002d71d0,0x002d72f8,0x128
noop_wrapper___,0x002d7300,0x002d7334,0x34
sub_2D7340,0x002d7340,0x002d73a0,0x60
sub_2D73A0,0x002d73a0,0x002d7488,0xe8
sub_2D7490,0x002d7490,0x002d75d0,0x140
wrap_entity_tree_insert_and_init,0x002d75d0,0x002d7614,0x44
return_zero___,0x002d7620,0x002d7640,0x20
wrap_singleton_lazy_init_b,0x002d7640,0x002d7684,0x44
wrap_anim_track_start_a,0x002d7690,0x002d76e8,0x58
get_data_ptr_z_201,0x002d76f0,0x002d76fc,0xc
wrap_pool_entry_pop_b,0x002d7700,0x002d774c,0x4c
obj_ctor_init___,0x002d7750,0x002d77c0,0x70
obj_ctor_init___,0x002d77c0,0x002d7840,0x80
obj_ctor_init___,0x002d7840,0x002d78b0,0x70
obj_ctor_init___,0x002d78b0,0x002d7920,0x70
sub_2D7920,0x002d7920,0x002d7980,0x60
sub_2D7980,0x002d7980,0x002d79e0,0x60
obj_ctor_init___,0x002d79e0,0x002d7a60,0x80
obj_ctor_init___,0x002d7a60,0x002d7af0,0x90
obj_ctor_init___,0x002d7af0,0x002d7b70,0x80
obj_ctor_init___,0x002d7b70,0x002d7be0,0x70
sub_2D7BE0,0x002d7be0,0x002d7d1c,0x13c
obj_set_fields___169_0,0x002d7d20,0x002d7e2c,0x10c
noop_z_271,0x002d7e30,0x002d7e38,0x8
j_wrap_obj_register___42,0x002d7e40,0x002d7e48,0x8
sub_2D7E50,0x002d7e50,0x002d7ed0,0x80
noop_wrapper_z_422,0x002d7ed0,0x002d7edc,0xc
wrap_anim_track_start_b_o,0x002d7ee0,0x002d7ef0,0x10
return_const_53,0x002d7ef0,0x002d7ef8,0x8
return_zero_z_179,0x002d7f00,0x002d7f08,0x8
sub_2D7F10,0x002d7f10,0x002d803c,0x12c
mem_fill_z_55_clone_18,0x002d8040,0x002d8b24,0xae4
noop_seq_var_10_z_9,0x002d8b30,0x002d8ba4,0x74
wrap_anim_track_start_c_o,0x002d8bb0,0x002d8bc0,0x10
sub_2D8BC0,0x002d8bc0,0x002d8c6c,0xac
sub_2D8C70,0x002d8c70,0x002d8de4,0x174
vtable_sub_fc40_clone_04,0x002d8df0,0x002d8ff8,0x208
mem_fill_z_215,0x002d9000,0x002d99f0,0x9f0
sub_2D99F0,0x002d99f0,0x002d9bdc,0x1ec
sub_2D9BE0,0x002d9be0,0x002d9c7c,0x9c
return_const_50_b,0x002d9c80,0x002d9c88,0x8
return_zero_z_180,0x002d9c90,0x002d9c98,0x8
obj_set_fields_z_210,0x002d9ca0,0x002d9cf0,0x50
j_fighter_reset,0x002d9cf0,0x002d9cf8,0x8
wrap_str_copy_n_e_clone_76,0x002d9d00,0x002d9d0c,0xc
wrap_sub_326132,0x002d9d10,0x002d9d24,0x14
sub_2D9D30,0x002d9d30,0x002d9d3c,0xc
EngineUpdate_clone_05,0x002d9d40,0x002d9d80,0x40
state_byte_transition_p_01,0x002d9d80,0x002d9f68,0x1e8
noop_wrapper___,0x002d9f70,0x002d9fa4,0x34
sub_2D9FB0,0x002d9fb0,0x002da010,0x60
PadSysInit_clone_04,0x002da010,0x002da230,0x220
obj_active_check_clone_03,0x002da230,0x002da270,0x40
sub_2DA270,0x002da270,0x002da464,0x1f4
sub_2DA470,0x002da470,0x002da584,0x114
sub_2DA590,0x002da590,0x002da680,0xf0
vtable_dispatch___,0x002da680,0x002da6a8,0x28
vtable_dispatch___,0x002da6b0,0x002da6d8,0x28
vtable_dispatch___,0x002da6e0,0x002da710,0x30
vtable_dispatch___,0x002da710,0x002da738,0x28
mem_fill_z_31_clone_19,0x002da740,0x002da88c,0x14c
vtable_dispatch___,0x002da890,0x002da8b8,0x28
euler_to_quat_z_8,0x002da8c0,0x002dac2c,0x36c
slerp_quat_c,0x002dac30,0x002dad60,0x130
sub_2DAD60,0x002dad60,0x002dae58,0xf8
pool_alloc_entry_clone_02,0x002dae60,0x002daf50,0xf0
return_const_1_z_97,0x002daf50,0x002daf58,0x8
vtable_dispatch___,0x002daf60,0x002daf88,0x28
get_data_ptr_z_202,0x002daf90,0x002daf9c,0xc
wrap_pool_entry_pop_b_b,0x002dafa0,0x002dafec,0x4c
sub_2DAFF0,0x002daff0,0x002db050,0x60
obj_ctor_init___,0x002db050,0x002db0d0,0x80
obj_ctor_init___,0x002db0d0,0x002db150,0x80
obj_ctor_init___,0x002db150,0x002db1d0,0x80
obj_ctor_init___,0x002db1d0,0x002db240,0x70
obj_ctor_init___,0x002db240,0x002db2b0,0x70
obj_ctor_init___,0x002db2b0,0x002db320,0x70
obj_ctor_init___,0x002db320,0x002db3a0,0x80
obj_ctor_init___,0x002db3a0,0x002db410,0x70
sub_2DB410,0x002db410,0x002db50c,0xfc
CApp_Ukemi_Update_clone_01,0x002db510,0x002db9a4,0x494
noop_seq_var_10_z_10,0x002db9b0,0x002dba0c,0x5c
sub_2DBA10,0x002dba10,0x002dbb10,0x100
mem_compare_n_0_clone_33,0x002dbb10,0x002dbca0,0x190
wrap_sub_215681,0x002dbca0,0x002dbcac,0xc
j_wrap_obj_register___42_0,0x002dbcb0,0x002dbcb8,0x8
sub_2DBCC0,0x002dbcc0,0x002dbd40,0x80
obj_set_color_and_walk_clone_01,0x002dbd40,0x002dbdd4,0x94
noop_wrapper_z_423,0x002dbde0,0x002dbdec,0xc
wrap_anim_track_start_c_p,0x002dbdf0,0x002dbe00,0x10
sub_2DBE00,0x002dbe00,0x002dbef4,0xf4
CApp_Ukemi_Update_clone_02,0x002dbf00,0x002dc318,0x418
noop_seq_var_10_z_11,0x002dc320,0x002dc37c,0x5c
str_copy_n_e_clone_75,0x002dc380,0x002dc664,0x2e4
str_copy_n_e_clone_76,0x002dc670,0x002dcaf8,0x488
sub_2DCB00,0x002dcb00,0x002dccec,0x1ec
sub_2DCCF0,0x002dccf0,0x002dcdb8,0xc8
return_const_50_c,0x002dcdc0,0x002dcdc8,0x8
return_zero_z_181,0x002dcdd0,0x002dcdd8,0x8
vtable_dispatch___,0x002dcde0,0x002dce20,0x40
state_byte_transition_h_0,0x002dce20,0x002dcf80,0x160
noop_wrapper___,0x002dcf80,0x002dcfb4,0x34
sub_2DCFC0,0x002dcfc0,0x002dd020,0x60
CAppFightMainTrain_Tick_clone_03,0x002dd020,0x002dd170,0x150
vtable_dispatch___69_0,0x002dd170,0x002dd1d4,0x64
vtable_dispatch___,0x002dd1e0,0x002dd22c,0x4c
sub_2DD230,0x002dd230,0x002dd2b4,0x84
get_data_ptr_z_203,0x002dd2c0,0x002dd2cc,0xc
wrap_pool_entry_pop_b_c,0x002dd2d0,0x002dd31c,0x4c
vtable_dispatch___,0x002dd320,0x002dd360,0x40
wrap_euler_to_quat_z_9,0x002dd360,0x002dd36c,0xc
wrap_sub_326133,0x002dd370,0x002dd384,0x14
sub_2DD390,0x002dd390,0x002dd39c,0xc
EngineUpdate_clone_06,0x002dd3a0,0x002dd3e0,0x40
state_byte_transition_i_02,0x002dd3e0,0x002dd504,0x124
noop_wrapper___,0x002dd510,0x002dd544,0x34
sub_2DD550,0x002dd550,0x002dd5b0,0x60
sub_2DD5B0,0x002dd5b0,0x002dd610,0x60
sub_2DD610,0x002dd610,0x002dd6d8,0xc8
CAppFightStageView_Tick_clone_01,0x002dd6e0,0x002dd7f0,0x110
vtable_dispatch___70_0,0x002dd7f0,0x002dd854,0x64
vtable_dispatch___,0x002dd860,0x002dd8ac,0x4c
sub_2DD8B0,0x002dd8b0,0x002dd918,0x68
wrap_anim_track_start_a_b,0x002dd920,0x002dd978,0x58
get_data_ptr_z_204,0x002dd980,0x002dd98c,0xc
wrap_pool_entry_pop_b_d,0x002dd990,0x002dd9dc,0x4c
obj_ctor_init___,0x002dd9e0,0x002dda60,0x80
sub_2DDA60,0x002dda60,0x002ddac0,0x60
obj_ctor_init___,0x002ddac0,0x002ddb30,0x70
obj_ctor_init___,0x002ddb30,0x002ddbb0,0x80
sub_2DDBB0,0x002ddbb0,0x002ddcb0,0x100
obj_set_fields___35_0,0x002ddcb0,0x002ddd94,0xe4
noop_z_272,0x002ddda0,0x002ddda8,0x8
j_wrap_obj_register___42_1,0x002dddb0,0x002dddb8,0x8
sub_2DDDC0,0x002dddc0,0x002dde40,0x80
noop_wrapper_z_424,0x002dde40,0x002dde4c,0xc
sub_2DDE50,0x002dde50,0x002ddfb0,0x160
CApp_Ukemi_Update_clone_03,0x002ddfb0,0x002de648,0x698
sub_2DE650,0x002de650,0x002de6dc,0x8c
fighter_track_tick_clone_14,0x002de6e0,0x002de918,0x238
str_copy_n_e_clone_77,0x002de920,0x002dec90,0x370
euler_to_quat_z_9,0x002dec90,0x002df414,0x784
sub_2DF420,0x002df420,0x002df60c,0x1ec
sub_2DF610,0x002df610,0x002df6d8,0xc8
return_const_50_d,0x002df6e0,0x002df6e8,0x8
return_zero_z_182,0x002df6f0,0x002df6f8,0x8
j_vtable_sub_b640,0x002df700,0x002df708,0x8
noop_wrapper_r,0x002df710,0x002df764,0x54
noop_wrapper_u,0x002df770,0x002df790,0x20
str_copy_n_e_clone_78,0x002df790,0x002df9a0,0x210
get_field_val___,0x002df9a0,0x002df9a8,0x8
noop_wrapper___,0x002df9b0,0x002df9e4,0x34
sub_2DF9F0,0x002df9f0,0x002dfa50,0x60
sub_2DFA50,0x002dfa50,0x002dfa78,0x28
vtable_sub_fa80,0x002dfa80,0x002dfc3c,0x1bc
vtable_sub_fc40,0x002dfc40,0x002dfd00,0xc0
sub_2DFD00,0x002dfd00,0x002dfda4,0xa4
noop_wrapper_z_425,0x002dfdb0,0x002dfdbc,0xc
return_const_976,0x002dfdc0,0x002dfdc8,0x8
get_data_ptr_z_205,0x002dfdd0,0x002dfddc,0xc
pass_identity_o,0x002dfde0,0x002dfde8,0x8
wrap_pool_entry_pop_b_e,0x002dfdf0,0x002dfe3c,0x4c
noop_wrapper_z_426,0x002dfe40,0x002dfe70,0x30
StateRegistry_Init,0x002dfe70,0x002dfe8c,0x1c
scene_node_set_visible_clone_07,0x002dfe90,0x002dff4c,0xbc
sub_2DFF50,0x002dff50,0x002e0134,0x1e4
pool_alloc_entry_clone_03,0x002e0140,0x002e028c,0x14c
sub_2E0290,0x002e0290,0x002e04dc,0x24c
obj_sub_ca60_clone_17,0x002e04e0,0x002e05f0,0x110
GS_DispatchPending_clone_02,0x002e05f0,0x002e06d8,0xe8
sub_2E06E0,0x002e06e0,0x002e0724,0x44
wrap_singleton_get_effect_mgr_0,0x002e0730,0x002e0754,0x24
singleton_lazy_init_e_0_clone_03,0x002e0760,0x002e07cc,0x6c
sub_2E07D0,0x002e07d0,0x002e089c,0xcc
wrap_singleton_lazy_init_m_clone_02,0x002e08a0,0x002e08dc,0x3c
sub_2E08E0,0x002e08e0,0x002e099c,0xbc
noop_wrapper_z_427,0x002e09a0,0x002e09d8,0x38
GS_DispatchPending_clone_03,0x002e09e0,0x002e0a8c,0xac
sub_2E0A90,0x002e0a90,0x002e0b80,0xf0
GS_DispatchPending_clone_04,0x002e0b80,0x002e0c58,0xd8
obj_sub_0c60,0x002e0c60,0x002e0ca8,0x48
singleton_lazy_init_m_clone_02,0x002e0cb0,0x002e0d80,0xd0
singleton_lazy_init_m_clone_03,0x002e0d80,0x002e0e10,0x90
sub_2E0E10,0x002e0e10,0x002e0e7c,0x6c
wrap_singleton_get_effect_mgr,0x002e0e80,0x002e0eb8,0x38
wrap_singleton_get_effect_mgr_b,0x002e0ec0,0x002e0f04,0x44
wrap_singleton_get_effect_mgr_c,0x002e0f10,0x002e0f40,0x30
sub_2E0F40,0x002e0f40,0x002e0f9c,0x5c
mem_alloc_single_c,0x002e0fa0,0x002e0fb4,0x14
sub_2E0FC0,0x002e0fc0,0x002e1004,0x44
obj_ctor_init___236_0,0x002e1010,0x002e10a0,0x90
sub_2E10A0,0x002e10a0,0x002e1174,0xd4
get_field_val___,0x002e1180,0x002e1188,0x8
sub_2E1190,0x002e1190,0x002e11dc,0x4c
sub_2E11E0,0x002e11e0,0x002e11ec,0xc
sub_2E11F0,0x002e11f0,0x002e11fc,0xc
sub_2E1200,0x002e1200,0x002e120c,0xc
sub_2E1210,0x002e1210,0x002e121c,0xc
sub_2E1220,0x002e1220,0x002e1270,0x50
sub_2E1270,0x002e1270,0x002e12d0,0x60
noop_wrapper___,0x002e12d0,0x002e12d8,0x8
noop_wrapper_z_428,0x002e12e0,0x002e12e8,0x8
sub_2E12F0,0x002e12f0,0x002e131c,0x2c
fighter_track_slot_ctor_clone_16,0x002e1320,0x002e1390,0x70
mem_compare_n_0_clone_34,0x002e1390,0x002e1780,0x3f0
noop___,0x002e1780,0x002e1788,0x8
noop_wrapper___,0x002e1790,0x002e180c,0x7c
noop_wrapper___,0x002e1810,0x002e188c,0x7c
sub_2E1890,0x002e1890,0x002e18bc,0x2c
wrap_obj_set_fields_z_204,0x002e18c0,0x002e18ec,0x2c
wrap_obj_set_fields___81,0x002e18f0,0x002e191c,0x2c
wrap_obj_set_fields___82,0x002e1920,0x002e194c,0x2c
noop_wrapper___,0x002e1950,0x002e199c,0x4c
sub_2E19A0,0x002e19a0,0x002e19cc,0x2c
wrap_fighter_track_slot_ctor_clone_11,0x002e19d0,0x002e19fc,0x2c
noop_wrapper___,0x002e1a00,0x002e1a4c,0x4c
sub_2E1A50,0x002e1a50,0x002e1a7c,0x2c
wrap_fighter_track_slot_ctor_clone_12,0x002e1a80,0x002e1aac,0x2c
sub_2E1AB0,0x002e1ab0,0x002e1adc,0x2c
sub_2E1AE0,0x002e1ae0,0x002e1b0c,0x2c
wrap_obj_set_fields___83,0x002e1b10,0x002e1b3c,0x2c
noop_wrapper_z_429,0x002e1b40,0x002e1b48,0x8
noop_wrapper___,0x002e1b50,0x002e1b80,0x30
noop_wrapper_z_430,0x002e1b80,0x002e1b88,0x8
noop_sub_1b90,0x002e1b90,0x002e1dd4,0x244
sub_2E1DE0,0x002e1de0,0x002e1e68,0x88
noop___,0x002e1e70,0x002e1e78,0x8
sub_2E1E80,0x002e1e80,0x002e203c,0x1bc
sub_2E2040,0x002e2040,0x002e2138,0xf8
sub_2E2140,0x002e2140,0x002e21f8,0xb8
mem_fill_z_216,0x002e2200,0x002e2484,0x284
mem_fill_z_217,0x002e2490,0x002e27f8,0x368
mem_fill_z_218,0x002e2800,0x002e29a4,0x1a4
sub_2E29B0,0x002e29b0,0x002e2a74,0xc4
sub_2E2A80,0x002e2a80,0x002e2bac,0x12c
sub_2E2BB0,0x002e2bb0,0x002e2ca0,0xf0
sub_2E2CA0,0x002e2ca0,0x002e2d24,0x84
sub_2E2D30,0x002e2d30,0x002e2e24,0xf4
sub_2E2E30,0x002e2e30,0x002e2f0c,0xdc
move_type_check,0x002e2f10,0x002e3054,0x144
sub_2E3060,0x002e3060,0x002e3234,0x1d4
noop___,0x002e3240,0x002e3248,0x8
noop___,0x002e3250,0x002e3258,0x8
return_const_1_z_98,0x002e3260,0x002e3268,0x8
noop___,0x002e3270,0x002e3278,0x8
noop___,0x002e3280,0x002e3288,0x8
noop___,0x002e3290,0x002e3298,0x8
noop_wrapper___,0x002e32a0,0x002e32c4,0x24
wrap_var_10_i,0x002e32d0,0x002e3328,0x58
sub_2E3330,0x002e3330,0x002e3384,0x54
mem_fill_z_219,0x002e3390,0x002e34e0,0x150
sub_2E34E0,0x002e34e0,0x002e35a4,0xc4
obj_set_fields_z_211,0x002e35b0,0x002e3624,0x74
noop___,0x002e3630,0x002e3638,0x8
return_const_1_z_99,0x002e3640,0x002e3648,0x8
sub_2E3650,0x002e3650,0x002e3724,0xd4
wrap_camera_fade_is_active,0x002e3730,0x002e3754,0x24
noop___,0x002e3760,0x002e3768,0x8
wrap_counter_inc64_d,0x002e3770,0x002e37b4,0x44
noop___,0x002e37c0,0x002e37c8,0x8
timer_field_get_c,0x002e37d0,0x002e37e0,0x10
sub_2E37E0,0x002e37e0,0x002e3820,0x40
sub_2E3820,0x002e3820,0x002e3860,0x40
obj_set_field_byte___,0x002e3860,0x002e3868,0x8
singleton_get_effect_mgr,0x002e3870,0x002e3908,0x98
noop_wrapper_z_431,0x002e3950,0x002e3978,0x28
noop_wrapper_z_432,0x002e3980,0x002e39ac,0x2c
fighter_track_slot_ctor_clone_17,0x002e39b0,0x002e3a20,0x70
obj_ctor_init___237_0,0x002e3a20,0x002e3a90,0x70
sub_2E3A90,0x002e3a90,0x002e3ae0,0x50
sub_2E3AE0,0x002e3ae0,0x002e3ba0,0xc0
sub_2E3BA0,0x002e3ba0,0x002e3ca8,0x108
sub_2E3CB0,0x002e3cb0,0x002e3da0,0xf0
obj_tick_camera_track_clone_05,0x002e3db0,0x002e3e58,0xa8
obj_tick_camera_track_clone_06,0x002e3e60,0x002e3ecc,0x6c
obj_set_fields___,0x002e3ed0,0x002e3f3c,0x6c
noop_z_273,0x002e3f50,0x002e3f58,0x8
state_byte_transition___40_clone_01,0x002e3f60,0x002e4038,0xd8
stream_parser_reset,0x002e4040,0x002e4104,0xc4
stream_parser_tick_clone_02,0x002e4110,0x002e4244,0x134
script_expr_parse_term_clone_01,0x002e4250,0x002e42d0,0x80
script_expr_parse_term,0x002e42d0,0x002e43d0,0x100
script_expr_parse_primary,0x002e43d0,0x002e47b8,0x3e8
obj_sub_1f90_clone_06,0x002e47c0,0x002e48d8,0x118
sub_2E48E0,0x002e48e0,0x002e4c60,0x380
stream_parser_tick,0x002e4c60,0x002e4d64,0x104
noop_sub_4d70,0x002e4d70,0x002e4e74,0x104
anim_state_advance,0x002e4e80,0x002e5010,0x190
wrap_sub_5040,0x002e5040,0x002e5074,0x34
stream_parser_tick_clone_03,0x002e5080,0x002e53a8,0x328
wrap_mem_copy_d,0x002e53b0,0x002e53fc,0x4c
wrap_mem_copy_e,0x002e5400,0x002e544c,0x4c
get_field_val___,0x002e5450,0x002e5458,0x8
obj_set_fields___,0x002e5460,0x002e5490,0x30
mem_fill_z_221_clone_09,0x002e5490,0x002e5744,0x2b4
EngineUpdate_clone_07,0x002e5750,0x002e5784,0x34
sub_2E5790,0x002e5790,0x002e57e0,0x50
sub_2E57E0,0x002e57e0,0x002e59c0,0x1e0
resource_try_load_clone_03,0x002e59c0,0x002e5aec,0x12c
singleton_get_effect_mgr_b,0x002e5af0,0x002e5b4c,0x5c
obj_ctor_init___342_clone_04,0x002e5b50,0x002e5bd8,0x88
sub_2E5BE0,0x002e5be0,0x002e5c68,0x88
sub_2E5C70,0x002e5c70,0x002e5dd0,0x160
noop_wrapper_u_2,0x002e5dd0,0x002e5e08,0x38
mem_compare_n_0_clone_35,0x002e5e10,0x002e6230,0x420
noop_wrapper_z_433,0x002e6230,0x002e6250,0x20
obj_set_fields___,0x002e6250,0x002e6290,0x40
obj_set_fields___,0x002e6290,0x002e6308,0x78
obj_set_fields___,0x002e6310,0x002e6364,0x54
sub_2E6370,0x002e6370,0x002e63f8,0x88
state_sub_6400,0x002e6400,0x002e64ac,0xac
obj_set_field_byte___,0x002e64b0,0x002e64b8,0x8
obj_set_field_byte___,0x002e64c0,0x002e64c8,0x8
noop_wrapper_z_434,0x002e64d0,0x002e64f8,0x28
noop_wrapper_z_435,0x002e6500,0x002e6514,0x14
obj_set_field_byte,0x002e6520,0x002e6528,0x8
obj_set_field_byte___,0x002e6530,0x002e6538,0x8
noop_wrapper_z_436,0x002e6540,0x002e654c,0xc
sub_2E6550,0x002e6550,0x002e6640,0xf0
sub_2E6640,0x002e6640,0x002e683c,0x1fc
obj_clear_all_slots_clone_01,0x002e6840,0x002e69dc,0x19c
sub_2E69E0,0x002e69e0,0x002e6ac4,0xe4
move_input_advance_b_clone_10,0x002e6ad0,0x002e6c84,0x1b4
sub_2E6C90,0x002e6c90,0x002e6d58,0xc8
obj_set_fields_z_212,0x002e6d60,0x002e6e0c,0xac
obj_set_field_pair___,0x002e6e10,0x002e6e1c,0xc
noop_wrapper_z_437,0x002e6e20,0x002e6e30,0x10
obj_set_fields_z_213,0x002e6e30,0x002e6e80,0x50
noop_wrapper___,0x002e6e80,0x002e6eb4,0x34
state_byte_transition_i_03,0x002e6ec0,0x002e70a8,0x1e8
noop_wrapper___,0x002e70b0,0x002e70e4,0x34
sub_2E70F0,0x002e70f0,0x002e7150,0x60
PadSysInit_clone_05,0x002e7150,0x002e7490,0x340
obj_active_check_clone_04,0x002e7490,0x002e74d0,0x40
slerp_quat_c_clone_09,0x002e74d0,0x002e77a8,0x2d8
sub_2E77B0,0x002e77b0,0x002e78f4,0x144
vtable_dispatch___,0x002e7900,0x002e794c,0x4c
wrap_obj_advance_state,0x002e7950,0x002e7984,0x34
sub_2E7990,0x002e7990,0x002e799c,0xc
wrap_sub_326134,0x002e79a0,0x002e79b4,0x14
sub_2E79C0,0x002e79c0,0x002e79cc,0xc
vtable_dispatch___5_clone_05,0x002e79d0,0x002e7a14,0x44
str_copy_n_c_clone_01,0x002e7a20,0x002e7edc,0x4bc
sub_2E7EE0,0x002e7ee0,0x002e7f6c,0x8c
mem_fill_z_220,0x002e7f70,0x002e8420,0x4b0
mem_fill_z_221,0x002e8420,0x002e85b8,0x198
str_copy_n_e_clone_79,0x002e85c0,0x002e86cc,0x10c
fighter_check_action_allowed,0x002e86d0,0x002e8778,0xa8
sub_2E8780,0x002e8780,0x002e887c,0xfc
obj_set_fields___33_0,0x002e8880,0x002e8980,0x100
vtable_dispatch___,0x002e8980,0x002e89c0,0x40
vtable_dispatch___36_clone_10,0x002e89c0,0x002e8a80,0xc0
get_data_ptr_z_206,0x002e8a80,0x002e8a8c,0xc
wrap_pool_entry_pop_b_f,0x002e8a90,0x002e8adc,0x4c
obj_ctor_init___,0x002e8ae0,0x002e8b50,0x70
obj_ctor_init___,0x002e8b50,0x002e8bd0,0x80
obj_ctor_init___,0x002e8bd0,0x002e8c50,0x80
obj_ctor_init___,0x002e8c50,0x002e8cd0,0x80
obj_ctor_init___,0x002e8cd0,0x002e8d60,0x90
obj_ctor_init___,0x002e8d60,0x002e8dd0,0x70
sub_2E8DD0,0x002e8dd0,0x002e8e30,0x60
obj_ctor_init___,0x002e8e30,0x002e8eb0,0x80
obj_ctor_init___,0x002e8eb0,0x002e8f40,0x90
obj_ctor_init___,0x002e8f40,0x002e8fc0,0x80
obj_ctor_init___,0x002e8fc0,0x002e9040,0x80
obj_set_field_pair___,0x002e9040,0x002e907c,0x3c
sub_2E9080,0x002e9080,0x002e90ec,0x6c
vtable_dispatch___36_clone_11,0x002e90f0,0x002e919c,0xac
wrap_wrap_obj_set_flags_clone_05,0x002e91a0,0x002e9220,0x80
sub_2E9220,0x002e9220,0x002e9228,0x8
str_copy_n_e_clone_80,0x002e9230,0x002e971c,0x4ec
sub_2E9720,0x002e9720,0x002e984c,0x12c
sub_2E9850,0x002e9850,0x002e98e0,0x90
obj_set_field_pair___,0x002e98e0,0x002e991c,0x3c
sub_2E9920,0x002e9920,0x002e9ac8,0x1a8
mem_fill_z_222,0x002e9ad0,0x002ea434,0x964
sub_2EA440,0x002ea440,0x002ea550,0x110
wrap_obj_is_anim_playing,0x002ea550,0x002ea598,0x48
wrap_anim_track_start_a_z_3,0x002ea5a0,0x002ea5ac,0xc
sub_2EA5B0,0x002ea5b0,0x002ea5c8,0x18
wrap_anim_track_start_c_q,0x002ea5d0,0x002ea5e0,0x10
obj_set_field_pair___,0x002ea5e0,0x002ea61c,0x3c
obj_ctor_init___238_0,0x002ea620,0x002ea704,0xe4
obj_ctor_init_n_clone_10,0x002ea710,0x002ea830,0x120
wrap_wrap_obj_set_flags,0x002ea830,0x002ea894,0x64
sub_2EA8A0,0x002ea8a0,0x002ea8b8,0x18
return_const_53_b,0x002ea8c0,0x002ea8c8,0x8
return_zero_z_183,0x002ea8d0,0x002ea8d8,0x8
pool_entry_pop___08,0x002ea8e0,0x002eaa00,0x120
sub_2EAA00,0x002eaa00,0x002eaafc,0xfc
noop_z_274,0x002eab00,0x002eab08,0x8
sub_2EAB10,0x002eab10,0x002eab80,0x70
sub_2EAB80,0x002eab80,0x002eac4c,0xcc
state_byte_transition_m,0x002eac50,0x002eb340,0x6f0
sub_2EB340,0x002eb340,0x002eb438,0xf8
mem_fill_z_223,0x002eb440,0x002eb7dc,0x39c
obj_set_field_pair___,0x002eb7e0,0x002eb81c,0x3c
obj_ctor_init___239_0,0x002eb820,0x002eb8dc,0xbc
loadscreen_cancel_clone_01,0x002eb8e0,0x002eb9e0,0x100
wrap_fighter_clear_anim_flags,0x002eb9e0,0x002eba44,0x64
obj_set_field_pair_,0x002eba50,0x002eba8c,0x3c
obj_ctor_init___240_0,0x002eba90,0x002ebb68,0xd8
loadscreen_cancel_clone_02,0x002ebb70,0x002ebc40,0xd0
sub_2EBC40,0x002ebc40,0x002ebcc0,0x80
str_copy_n_e_clone_81,0x002ebcc0,0x002ebfdc,0x31c
sub_2EBFE0,0x002ebfe0,0x002ec05c,0x7c
sub_2EC060,0x002ec060,0x002ec4e4,0x484
mem_fill_z_40_clone_08,0x002ec4f0,0x002eca8c,0x59c
sub_2ECA90,0x002eca90,0x002ecbb4,0x124
return_const_50_e,0x002ecbc0,0x002ecbc8,0x8
return_zero_z_184,0x002ecbd0,0x002ecbd8,0x8
sub_2ECBE0,0x002ecbe0,0x002ecfc8,0x3e8
sub_2ECFD0,0x002ecfd0,0x002ed104,0x134
sub_2ED110,0x002ed110,0x002ed23c,0x12c
state_byte_transition_i_1,0x002ed240,0x002ed6e0,0x4a0
move_input_advance_b_clone_11,0x002ed6e0,0x002ed758,0x78
sub_2ED760,0x002ed760,0x002ee0a4,0x944
sub_2EE0B0,0x002ee0b0,0x002ee0fc,0x4c
sub_2EE100,0x002ee100,0x002ee50c,0x40c
obj_set_fields_z_214,0x002ee510,0x002ee5b4,0xa4
obj_set_fields_z_215,0x002ee5c0,0x002ee660,0xa0
obj_set_fields___,0x002ee660,0x002ee684,0x24
obj_ctor_init___0_clone_06,0x002ee690,0x002ee6d0,0x40
wrap_str_copy_n_e_clone_83,0x002ee6d0,0x002ee6dc,0xc
wrap_sub_326135,0x002ee6e0,0x002ee6f4,0x14
sub_2EE700,0x002ee700,0x002ee70c,0xc
EngineUpdate_clone_08,0x002ee710,0x002ee750,0x40
sub_2EE750,0x002ee750,0x002ee854,0x104
noop_wrapper___,0x002ee860,0x002ee894,0x34
sub_2EE8A0,0x002ee8a0,0x002ee900,0x60
str_copy_n_e_clone_82,0x002ee900,0x002eec1c,0x31c
sub_2EEC20,0x002eec20,0x002eed44,0x124
sub_2EED50,0x002eed50,0x002eee54,0x104
wrap_singleton_lazy_init_b_b,0x002eee60,0x002eeea4,0x44
state_byte_transition_v_01,0x002eeeb0,0x002eeff8,0x148
vtable_dispatch___,0x002ef000,0x002ef02c,0x2c
slerp_quat_d,0x002ef030,0x002ef424,0x3f4
vtable_dispatch___,0x002ef430,0x002ef458,0x28
get_data_ptr_z_207,0x002ef460,0x002ef46c,0xc
wrap_pool_entry_pop_b_g,0x002ef470,0x002ef4bc,0x4c
obj_ctor_init___,0x002ef4c0,0x002ef540,0x80
sub_2EF540,0x002ef540,0x002ef5a0,0x60
obj_ctor_init___,0x002ef5a0,0x002ef620,0x80
obj_ctor_init___,0x002ef620,0x002ef6a0,0x80
sub_2EF6A0,0x002ef6a0,0x002ef768,0xc8
CApp_Ukemi_Update_clone_04,0x002ef770,0x002efcbc,0x54c
noop_seq_var_10_z_12,0x002efcc0,0x002efd04,0x44
wrap_obj_get_state_index,0x002efd10,0x002efd3c,0x2c
sub_2EFD40,0x002efd40,0x002efd6c,0x2c
sub_2EFD70,0x002efd70,0x002efe70,0x100
obj_set_fields___36_0,0x002efe70,0x002eff58,0xe8
noop_z_275,0x002eff60,0x002eff68,0x8
j_wrap_obj_register___42_2,0x002eff70,0x002eff78,0x8
sub_2EFF80,0x002eff80,0x002effbc,0x3c
noop_wrapper_z_438,0x002effc0,0x002effcc,0xc
wrap_anim_track_start_b_p,0x002effd0,0x002effe0,0x10
sub_2EFFE0,0x002effe0,0x002f00ac,0xcc
CApp_Ukemi_Update_clone_05,0x002f00b0,0x002f0490,0x3e0
noop_seq_var_10_z_13,0x002f0490,0x002f04d4,0x44
sub_2F04E0,0x002f04e0,0x002f0794,0x2b4
str_copy_n_e_clone_83,0x002f07a0,0x002f0e70,0x6d0
sub_2F0E70,0x002f0e70,0x002f0f34,0xc4
return_const_50_f,0x002f0f40,0x002f0f48,0x8
return_zero_z_185,0x002f0f50,0x002f0f58,0x8
obj_check_state_0x17,0x002f0f60,0x002f0f88,0x28
vtable_dispatch___,0x002f0f90,0x002f0fd0,0x40
pass_identity_d_clone_114,0x002f0fd0,0x002f0ffc,0x2c
sub_2F1000,0x002f1000,0x002f1080,0x80
noop_wrapper___,0x002f1080,0x002f10a0,0x20
str_copy_n_e_clone_84,0x002f10a0,0x002f11e4,0x144
get_field_val___,0x002f11f0,0x002f11f8,0x8
noop_wrapper___,0x002f1200,0x002f1220,0x20
str_copy_n_e_clone_85,0x002f1220,0x002f1338,0x118
get_field_val___,0x002f1340,0x002f1348,0x8
noop_wrapper_z_439,0x002f1350,0x002f1358,0x8
get_field_val___,0x002f1360,0x002f1368,0x8
obj_set_field_pair___,0x002f1370,0x002f13a4,0x34
mem_fill_z_31_clone_20,0x002f13b0,0x002f1508,0x158
sub_2F1510,0x002f1510,0x002f1614,0x104
sub_2F1620,0x002f1620,0x002f1694,0x74
slerp_quat_e,0x002f16a0,0x002f197c,0x2dc
sub_2F1980,0x002f1980,0x002f1b04,0x184
wrap_euler_to_quat_z_10,0x002f1b10,0x002f1b1c,0xc
wrap_sub_326136,0x002f1b20,0x002f1b34,0x14
sub_2F1B40,0x002f1b40,0x002f1b4c,0xc
EngineUpdate_clone_09,0x002f1b50,0x002f1b90,0x40
state_byte_transition_i_0,0x002f1b90,0x002f1d8c,0x1fc
noop_wrapper___,0x002f1d90,0x002f1dc4,0x34
sub_2F1DD0,0x002f1dd0,0x002f1e30,0x60
PadSysInit_clone_06,0x002f1e30,0x002f2018,0x1e8
sub_2F2020,0x002f2020,0x002f21c0,0x1a0
str_copy_n_e_clone_86,0x002f21c0,0x002f22fc,0x13c
sub_2F2300,0x002f2300,0x002f2428,0x128
get_data_ptr_z_208,0x002f2430,0x002f243c,0xc
wrap_pool_entry_pop_b_h,0x002f2440,0x002f248c,0x4c
sub_2F2490,0x002f2490,0x002f24f0,0x60
obj_ctor_init___,0x002f24f0,0x002f2570,0x80
obj_ctor_init___,0x002f2570,0x002f25f0,0x80
obj_ctor_init___,0x002f25f0,0x002f2670,0x80
obj_ctor_init___,0x002f2670,0x002f26e0,0x70
pool_entry_pop_e_clone_04,0x002f26e0,0x002f2750,0x70
sub_2F2750,0x002f2750,0x002f2824,0xd4
obj_set_fields__04,0x002f2830,0x002f2aa8,0x278
noop_seq_var_10_z_14,0x002f2ab0,0x002f2af4,0x44
sub_2F2B00,0x002f2b00,0x002f2c3c,0x13c
sub_2F2C40,0x002f2c40,0x002f2d74,0x134
wrap_obj_check_state_0x17_c,0x002f2d80,0x002f2dac,0x2c
sub_2F2DB0,0x002f2db0,0x002f2e20,0x70
sub_2F2E20,0x002f2e20,0x002f2ef8,0xd8
sub_2F2F00,0x002f2f00,0x002f32e0,0x3e0
noop_seq_var_10_z_15,0x002f32e0,0x002f3324,0x44
vtable_sub_fc40_clone_05,0x002f3330,0x002f35c8,0x298
euler_to_quat_z_10,0x002f35d0,0x002f3cdc,0x70c
sub_2F3CE0,0x002f3ce0,0x002f3d90,0xb0
return_const_50_g,0x002f3d90,0x002f3d98,0x8
return_zero_z_186,0x002f3da0,0x002f3da8,0x8
sub_2F3DB0,0x002f3db0,0x002f3e1c,0x6c
noop_wrapper___,0x002f3e20,0x002f3e4c,0x2c
vtable_dispatch___,0x002f3e50,0x002f3e78,0x28
sub_2F3E80,0x002f3e80,0x002f3ee0,0x60
sub_2F3EE0,0x002f3ee0,0x002f3f10,0x30
sub_2F3F10,0x002f3f10,0x002f3f44,0x34
vtable_dispatch___,0x002f3f50,0x002f3f80,0x30
sub_2F3F80,0x002f3f80,0x002f3fe0,0x60
sub_2F3FE0,0x002f3fe0,0x002f4284,0x2a4
j_vec3f_length,0x002f4290,0x002f4298,0x8
get_field_val___,0x002f42a0,0x002f42a8,0x8
get_field_ptr_i,0x002f42b0,0x002f42b8,0x8
get_field_ptr_j,0x002f42c0,0x002f42c8,0x8
noop_wrapper_z_440,0x002f42d0,0x002f42d8,0x8
obj_set_fields___,0x002f42e0,0x002f4304,0x24
get_field_val___,0x002f4310,0x002f4318,0x8
get_field_ptr_k,0x002f4320,0x002f4328,0x8
get_field_val___,0x002f4330,0x002f4338,0x8
get_field_ptr_l,0x002f4340,0x002f4348,0x8
singleton_lazy_init___,0x002f4350,0x002f4424,0xd4
pool_entry_pop___,0x002f4450,0x002f4494,0x44
pool_entry_push___,0x002f44a0,0x002f44c4,0x24
noop_wrapper_z_441,0x002f44d0,0x002f44e8,0x18
sub_2F44F0,0x002f44f0,0x002f45ec,0xfc
singleton_lazy_init___,0x002f45f0,0x002f468c,0x9c
pool_entry_pop___,0x002f46b0,0x002f46f4,0x44
pool_entry_push___,0x002f4700,0x002f4724,0x24
noop_wrapper_z_442,0x002f4730,0x002f4740,0x10
sub_2F4740,0x002f4740,0x002f483c,0xfc
get_data_ptr_z_209,0x002f4840,0x002f484c,0xc
get_data_ptr_z_210,0x002f4850,0x002f485c,0xc
noop_wrapper_v,0x002f4860,0x002f4870,0x10
obj_set_fields_f,0x002f4870,0x002f48cc,0x5c
resource_try_load_b,0x002f48d0,0x002f4954,0x84
noop_wrapper_z_443,0x002f4960,0x002f496c,0xc
obj_get_sound_handle,0x002f4970,0x002f49a4,0x34
get_field_val___,0x002f49b0,0x002f49b8,0x8
obj_ctor_init___,0x002f49c0,0x002f49dc,0x1c
resource_vtable_try_load_thunk,0x002f49e0,0x002f49f4,0x14
sub_2F4A00,0x002f4a00,0x002f4b38,0x138
obj_ctor_init___,0x002f4b40,0x002f4bb0,0x70
sub_2F4BB0,0x002f4bb0,0x002f4c54,0xa4
sub_2F4C60,0x002f4c60,0x002f4cc4,0x64
resource_vtable_load,0x002f4cd0,0x002f4d08,0x38
asm_reg_save_g,0x002f4d10,0x002f4d40,0x30
sub_2F4D40,0x002f4d40,0x002f4db8,0x78
sub_2F4DC0,0x002f4dc0,0x002f4df8,0x38
get_data_ptr_z_211,0x002f4e00,0x002f4e0c,0xc
obj_ctor_init___0_clone_07,0x002f4e30,0x002f4e64,0x34
pool_entry_pop___,0x002f4e70,0x002f4eb4,0x44
pool_entry_push___,0x002f4ec0,0x002f4ee4,0x24
singleton_lazy_init___,0x002f4ef0,0x002f4fc4,0xd4
wrap_tree_walk_predicate_e,0x002f4fd0,0x002f4fec,0x1c
wrap_tree_walk_predicate_f,0x002f4ff0,0x002f5000,0x10
wrap_tree_walk_predicate_g,0x002f5000,0x002f5028,0x28
mem_fill_z_224,0x002f5030,0x002f518c,0x15c
StateBumpAlloc,0x002f5190,0x002f51a0,0x10
noop_c,0x002f51a0,0x002f51a8,0x8
State_BaseCtor,0x002f51b0,0x002f51c4,0x14
obj_set_vtable_only,0x002f51d0,0x002f51f0,0x20
noop_z_276,0x002f51f0,0x002f51f8,0x8
noop_z_277,0x002f5200,0x002f5208,0x8
noop_z_278,0x002f5210,0x002f5218,0x8
obj_ctor_init___0_clone_08,0x002f5220,0x002f5254,0x34
sub_2F5260,0x002f5260,0x002f52c0,0x60
noop_wrapper___,0x002f52c0,0x002f52e0,0x20
obj_ctor_init___0_clone_09,0x002f52e0,0x002f5314,0x34
sub_2F5320,0x002f5320,0x002f5380,0x60
sub_2F5380,0x002f5380,0x002f53ec,0x6c
vtable_dispatch_i_02,0x002f53f0,0x002f5430,0x40
sub_2F5430,0x002f5430,0x002f5494,0x64
obj_ctor_init___0_clone_10,0x002f54a0,0x002f54d4,0x34
sub_2F54E0,0x002f54e0,0x002f5540,0x60
noop_seq_var_30_c,0x002f5540,0x002f5590,0x50
obj_ctor_init___0_clone_11,0x002f5590,0x002f55c4,0x34
sub_2F55D0,0x002f55d0,0x002f5630,0x60
hud_sub_dd30_clone_03,0x002f5630,0x002f56a0,0x70
hud_sub_dd30_clone_04,0x002f56a0,0x002f5740,0xa0
hud_sub_dd30_clone_05,0x002f5740,0x002f57c8,0x88
obj_ctor_init___0_clone_12,0x002f57d0,0x002f5804,0x34
sub_2F5810,0x002f5810,0x002f5870,0x60
noop_z_279,0x002f5870,0x002f5878,0x8
obj_set_field_pair_g_0,0x002f5880,0x002f5890,0x10
noop_z_280,0x002f5890,0x002f5898,0x8
obj_ctor_init___0_clone_13,0x002f58a0,0x002f58d4,0x34
sub_2F58E0,0x002f58e0,0x002f5940,0x60
noop_z_281,0x002f5940,0x002f5948,0x8
obj_set_field_pair_h_0,0x002f5950,0x002f595c,0xc
noop_z_282,0x002f5960,0x002f5968,0x8
obj_ctor_init___0_clone_14,0x002f5970,0x002f59a4,0x34
sub_2F59B0,0x002f59b0,0x002f5a10,0x60
noop_seq_var_30_d,0x002f5a10,0x002f5a68,0x58
obj_ctor_init___0_clone_15,0x002f5a70,0x002f5aa4,0x34
sub_2F5AB0,0x002f5ab0,0x002f5b10,0x60
noop_seq_var_30_e,0x002f5b10,0x002f5ba0,0x90
vtable_dispatch_o_0_clone_91,0x002f5ba0,0x002f5bb0,0x10
obj_ctor_init___0_clone_16,0x002f5bb0,0x002f5be4,0x34
sub_2F5BF0,0x002f5bf0,0x002f5c50,0x60
sub_2F5C50,0x002f5c50,0x002f5d24,0xd4
obj_ctor_init___0_clone_17,0x002f5d30,0x002f5d64,0x34
sub_2F5D70,0x002f5d70,0x002f5dd0,0x60
noop_seq_var_30_f,0x002f5dd0,0x002f5e58,0x88
obj_ctor_init___0_clone_18,0x002f5e60,0x002f5e94,0x34
sub_2F5EA0,0x002f5ea0,0x002f5f00,0x60
noop_seq_var_30_g,0x002f5f00,0x002f5f88,0x88
obj_ctor_init___0_clone_19,0x002f5f90,0x002f5fc4,0x34
sub_2F5FD0,0x002f5fd0,0x002f6030,0x60
sub_2F6030,0x002f6030,0x002f6104,0xd4
obj_ctor_init___0_clone_20,0x002f6110,0x002f6144,0x34
sub_2F6150,0x002f6150,0x002f61b0,0x60
noop_seq_var_30_h,0x002f61b0,0x002f6230,0x80
obj_ctor_init___0_clone_21,0x002f6230,0x002f6264,0x34
sub_2F6270,0x002f6270,0x002f62d0,0x60
sub_2F62D0,0x002f62d0,0x002f6380,0xb0
obj_ctor_init___0_clone_22,0x002f6380,0x002f63b4,0x34
sub_2F63C0,0x002f63c0,0x002f6420,0x60
noop_seq_var_30_i,0x002f6420,0x002f6478,0x58
obj_ctor_init___0_clone_23,0x002f6480,0x002f64b4,0x34
sub_2F64C0,0x002f64c0,0x002f6520,0x60
noop_seq_var_30_j,0x002f6520,0x002f65a0,0x80
obj_ctor_init___0_clone_24,0x002f65a0,0x002f65d4,0x34
sub_2F65E0,0x002f65e0,0x002f6640,0x60
sub_2F6640,0x002f6640,0x002f66f0,0xb0
obj_ctor_init___0_clone_25,0x002f66f0,0x002f6724,0x34
sub_2F6730,0x002f6730,0x002f6790,0x60
noop_seq_var_30_k,0x002f6790,0x002f67e8,0x58
obj_ctor_init___0_clone_26,0x002f67f0,0x002f6824,0x34
sub_2F6830,0x002f6830,0x002f6890,0x60
sub_2F6890,0x002f6890,0x002f6918,0x88
obj_ctor_init___0_clone_27,0x002f6920,0x002f6954,0x34
sub_2F6960,0x002f6960,0x002f69c0,0x60
sub_2F69C0,0x002f69c0,0x002f6a48,0x88
obj_ctor_init___0_clone_28,0x002f6a50,0x002f6a84,0x34
sub_2F6A90,0x002f6a90,0x002f6af0,0x60
noop_seq_var_30_l,0x002f6af0,0x002f6b54,0x64
obj_ctor_init___0_clone_29,0x002f6b60,0x002f6b94,0x34
sub_2F6BA0,0x002f6ba0,0x002f6c00,0x60
sub_2F6C00,0x002f6c00,0x002f6cb0,0xb0
obj_ctor_init___0_clone_30,0x002f6cb0,0x002f6ce4,0x34
sub_2F6CF0,0x002f6cf0,0x002f6d50,0x60
noop_seq_var_10_z_16,0x002f6d50,0x002f6d98,0x48
obj_ctor_init___0_clone_31,0x002f6da0,0x002f6dd4,0x34
sub_2F6DE0,0x002f6de0,0x002f6e40,0x60
sub_2F6E40,0x002f6e40,0x002f6ec4,0x84
obj_ctor_init___0_clone_32,0x002f6ed0,0x002f6f04,0x34
sub_2F6F10,0x002f6f10,0x002f6f70,0x60
noop_seq_var_10_z_17,0x002f6f70,0x002f6fb8,0x48
obj_ctor_init___0_clone_33,0x002f6fc0,0x002f6ff4,0x34
sub_2F7000,0x002f7000,0x002f7060,0x60
sub_2F7060,0x002f7060,0x002f7108,0xa8
obj_ctor_init___0_clone_34,0x002f7110,0x002f7144,0x34
sub_2F7150,0x002f7150,0x002f71b0,0x60
noop_seq_var_30_m,0x002f71b0,0x002f7240,0x90
vtable_dispatch_o_0_clone_92,0x002f7240,0x002f7250,0x10
obj_ctor_init___0_clone_35,0x002f7250,0x002f7284,0x34
sub_2F7290,0x002f7290,0x002f72f0,0x60
sub_2F72F0,0x002f72f0,0x002f73d8,0xe8
obj_ctor_init___0_clone_36,0x002f73e0,0x002f7414,0x34
sub_2F7420,0x002f7420,0x002f7480,0x60
sub_2F7480,0x002f7480,0x002f7568,0xe8
obj_ctor_init___0_clone_37,0x002f7570,0x002f75a4,0x34
sub_2F75B0,0x002f75b0,0x002f7610,0x60
sub_2F7610,0x002f7610,0x002f7724,0x114
obj_ctor_init___0_clone_38,0x002f7730,0x002f7764,0x34
sub_2F7770,0x002f7770,0x002f77d0,0x60
sub_2F77D0,0x002f77d0,0x002f78a0,0xd0
obj_ctor_init___0_clone_39,0x002f78a0,0x002f78d4,0x34
sub_2F78E0,0x002f78e0,0x002f7940,0x60
noop_seq_var_30_n,0x002f7940,0x002f79b4,0x74
obj_ctor_init___0_clone_40,0x002f79c0,0x002f79f4,0x34
sub_2F7A00,0x002f7a00,0x002f7a60,0x60
noop_seq_var_30_o,0x002f7a60,0x002f7adc,0x7c
obj_ctor_init___0_clone_41,0x002f7ae0,0x002f7b14,0x34
sub_2F7B20,0x002f7b20,0x002f7b80,0x60
noop_seq_var_30_p,0x002f7b80,0x002f7bd8,0x58
obj_ctor_init___0_clone_42,0x002f7be0,0x002f7c14,0x34
sub_2F7C20,0x002f7c20,0x002f7c80,0x60
noop_seq_var_30_q,0x002f7c80,0x002f7cf4,0x74
obj_ctor_init___0_clone_43,0x002f7d00,0x002f7d34,0x34
sub_2F7D40,0x002f7d40,0x002f7da0,0x60
noop_seq_var_30_r,0x002f7da0,0x002f7e1c,0x7c
obj_ctor_init___0_clone_44,0x002f7e20,0x002f7e54,0x34
sub_2F7E60,0x002f7e60,0x002f7ec0,0x60
wrap_stream_parser_tick,0x002f7ec0,0x002f7ecc,0xc
obj_ctor_init___0_clone_45,0x002f7ed0,0x002f7f04,0x34
sub_2F7F10,0x002f7f10,0x002f7f70,0x60
wrap_stream_parser_tick_b,0x002f7f70,0x002f7f7c,0xc
obj_ctor_init___0_clone_46,0x002f7f80,0x002f7fb4,0x34
sub_2F7FC0,0x002f7fc0,0x002f8020,0x60
wrap_stream_parser_tick_c,0x002f8020,0x002f802c,0xc
obj_ctor_init___0_clone_47,0x002f8030,0x002f8064,0x34
sub_2F8070,0x002f8070,0x002f80d0,0x60
wrap_stream_parser_tick_d,0x002f80d0,0x002f80dc,0xc
obj_ctor_init___0_clone_48,0x002f80e0,0x002f8114,0x34
sub_2F8120,0x002f8120,0x002f8180,0x60
noop_wrapper_z_444,0x002f8180,0x002f818c,0xc
obj_ctor_init___0_clone_49,0x002f8190,0x002f81c4,0x34
sub_2F81D0,0x002f81d0,0x002f8230,0x60
noop_seq_var_30_s,0x002f8230,0x002f8274,0x44
obj_ctor_init___0_clone_50,0x002f8280,0x002f82b4,0x34
sub_2F82C0,0x002f82c0,0x002f8320,0x60
noop_seq_var_30_t,0x002f8320,0x002f83a0,0x80
obj_ctor_init___0_clone_51,0x002f83a0,0x002f83d4,0x34
sub_2F83E0,0x002f83e0,0x002f8440,0x60
noop_seq_var_30_u,0x002f8440,0x002f84d0,0x90
vtable_dispatch_o_0_clone_93,0x002f84d0,0x002f84e0,0x10
obj_ctor_init___0_clone_52,0x002f84e0,0x002f8514,0x34
sub_2F8520,0x002f8520,0x002f8580,0x60
sub_2F8580,0x002f8580,0x002f861c,0x9c
obj_ctor_init___0_clone_53,0x002f8620,0x002f8654,0x34
sub_2F8660,0x002f8660,0x002f86c0,0x60
noop_seq_var_10_z_18,0x002f86c0,0x002f8740,0x80
vtable_dispatch_o_0_clone_94,0x002f8740,0x002f8750,0x10
obj_ctor_init___0_clone_54,0x002f8750,0x002f8784,0x34
sub_2F8790,0x002f8790,0x002f87f0,0x60
sub_2F87F0,0x002f87f0,0x002f8884,0x94
vtable_dispatch_o_0_clone_95,0x002f8890,0x002f88a0,0x10
obj_ctor_init___0_clone_55,0x002f88a0,0x002f88d4,0x34
sub_2F88E0,0x002f88e0,0x002f8940,0x60
noop_seq_var_30_v,0x002f8940,0x002f8994,0x54
obj_ctor_init___0_clone_56,0x002f89a0,0x002f89d4,0x34
sub_2F89E0,0x002f89e0,0x002f8a40,0x60
noop_seq_var_30_w,0x002f8a40,0x002f8aa0,0x60
obj_ctor_init___0_clone_57,0x002f8aa0,0x002f8ad4,0x34
sub_2F8AE0,0x002f8ae0,0x002f8b40,0x60
sub_2F8B40,0x002f8b40,0x002f8c18,0xd8
obj_ctor_init___0_clone_58,0x002f8c20,0x002f8c54,0x34
sub_2F8C60,0x002f8c60,0x002f8cc0,0x60
noop_z_283,0x002f8cc0,0x002f8cc8,0x8
obj_ctor_init___0_clone_59,0x002f8cd0,0x002f8d04,0x34
sub_2F8D10,0x002f8d10,0x002f8d70,0x60
sub_2F8D70,0x002f8d70,0x002f8e10,0xa0
obj_ctor_init___0_clone_60,0x002f8e10,0x002f8e44,0x34
sub_2F8E50,0x002f8e50,0x002f8eb0,0x60
sub_2F8EB0,0x002f8eb0,0x002f8eb8,0x8
obj_ctor_init___0_clone_61,0x002f8ec0,0x002f8ef4,0x34
sub_2F8F00,0x002f8f00,0x002f8f60,0x60
sub_2F8F60,0x002f8f60,0x002f9000,0xa0
obj_ctor_init___0_clone_62,0x002f9000,0x002f9034,0x34
sub_2F9040,0x002f9040,0x002f90a0,0x60
noop_z_284,0x002f90a0,0x002f90a8,0x8
obj_ctor_init___0_clone_63,0x002f90b0,0x002f90e4,0x34
sub_2F90F0,0x002f90f0,0x002f9150,0x60
noop_seq_var_10_z_19,0x002f9150,0x002f9198,0x48
obj_ctor_init___0_clone_64,0x002f91a0,0x002f91d4,0x34
sub_2F91E0,0x002f91e0,0x002f9240,0x60
sub_2F9240,0x002f9240,0x002f9338,0xf8
obj_ctor_init___0_clone_65,0x002f9340,0x002f9374,0x34
sub_2F9380,0x002f9380,0x002f93e0,0x60
sub_2F93E0,0x002f93e0,0x002f94bc,0xdc
obj_ctor_init___0_clone_66,0x002f94c0,0x002f94f4,0x34
sub_2F9500,0x002f9500,0x002f9560,0x60
sub_2F9560,0x002f9560,0x002f961c,0xbc
obj_ctor_init___0_clone_67,0x002f9620,0x002f9654,0x34
sub_2F9660,0x002f9660,0x002f96c0,0x60
noop_wrapper___,0x002f96c0,0x002f96e0,0x20
obj_ctor_init___0_clone_68,0x002f96e0,0x002f9714,0x34
sub_2F9720,0x002f9720,0x002f9780,0x60
wrap_mem_copy_f,0x002f9780,0x002f97c4,0x44
vtable_dispatch_i_03,0x002f97d0,0x002f9810,0x40
sub_2F9810,0x002f9810,0x002f9874,0x64
obj_ctor_init___0_clone_69,0x002f9880,0x002f98b4,0x34
sub_2F98C0,0x002f98c0,0x002f9920,0x60
noop_seq_var_30_x,0x002f9920,0x002f9970,0x50
obj_ctor_init___0_clone_70,0x002f9970,0x002f99a4,0x34
sub_2F99B0,0x002f99b0,0x002f9a10,0x60
hud_sub_dd30_clone_06,0x002f9a10,0x002f9a80,0x70
hud_sub_dd30_clone_07,0x002f9a80,0x002f9af8,0x78
hud_sub_dd30_clone_08,0x002f9b00,0x002f9b88,0x88
obj_ctor_init___0_clone_71,0x002f9b90,0x002f9bc4,0x34
sub_2F9BD0,0x002f9bd0,0x002f9c30,0x60
noop_seq_var_30_y,0x002f9c30,0x002f9c88,0x58
obj_ctor_init___0_clone_72,0x002f9c90,0x002f9cc4,0x34
sub_2F9CD0,0x002f9cd0,0x002f9d30,0x60
sub_2F9D30,0x002f9d30,0x002f9ddc,0xac
vtable_dispatch_o_0_clone_96,0x002f9de0,0x002f9df0,0x10
obj_ctor_init___0_clone_73,0x002f9df0,0x002f9e24,0x34
sub_2F9E30,0x002f9e30,0x002f9e90,0x60
sub_2F9E90,0x002f9e90,0x002f9f2c,0x9c
obj_ctor_init___0_clone_74,0x002f9f30,0x002f9f64,0x34
sub_2F9F70,0x002f9f70,0x002f9fd0,0x60
sub_2F9FD0,0x002f9fd0,0x002fa06c,0x9c
obj_ctor_init___0_clone_75,0x002fa070,0x002fa0a4,0x34
sub_2FA0B0,0x002fa0b0,0x002fa110,0x60
noop_seq_var_30_z,0x002fa110,0x002fa188,0x78
obj_ctor_init___0_clone_76,0x002fa190,0x002fa1c4,0x34
sub_2FA1D0,0x002fa1d0,0x002fa230,0x60
noop_seq_var_30_z_0,0x002fa230,0x002fa2c0,0x90
vtable_dispatch_o_0_clone_97,0x002fa2c0,0x002fa2d0,0x10
obj_ctor_init___0_clone_77,0x002fa2d0,0x002fa304,0x34
sub_2FA310,0x002fa310,0x002fa370,0x60
noop_seq_var_30_z_1,0x002fa370,0x002fa3d0,0x60
obj_ctor_init___0_clone_78,0x002fa3d0,0x002fa404,0x34
sub_2FA410,0x002fa410,0x002fa470,0x60
noop_seq_var_30_z_2,0x002fa470,0x002fa4d0,0x60
obj_ctor_init___0_clone_79,0x002fa4d0,0x002fa504,0x34
sub_2FA510,0x002fa510,0x002fa570,0x60
noop_seq_var_30_z_3,0x002fa570,0x002fa5ec,0x7c
obj_ctor_init___0_clone_80,0x002fa5f0,0x002fa624,0x34
sub_2FA630,0x002fa630,0x002fa690,0x60
noop_seq_var_30_z_4,0x002fa690,0x002fa720,0x90
vtable_dispatch_o_0_clone_98,0x002fa720,0x002fa730,0x10
obj_ctor_init___0_clone_81,0x002fa730,0x002fa764,0x34
sub_2FA770,0x002fa770,0x002fa7d0,0x60
noop_wrapper___,0x002fa7d0,0x002fa7f0,0x20
obj_ctor_init___0_clone_82,0x002fa7f0,0x002fa824,0x34
sub_2FA830,0x002fa830,0x002fa890,0x60
wrap_mem_copy_g,0x002fa890,0x002fa8d8,0x48
noop_seq_var_10_z_20,0x002fa8e0,0x002fa928,0x48
sub_2FA930,0x002fa930,0x002fa990,0x60
obj_ctor_init___0_clone_83,0x002fa990,0x002fa9c4,0x34
sub_2FA9D0,0x002fa9d0,0x002faa30,0x60
noop_seq_var_30_z_5,0x002faa30,0x002faa80,0x50
obj_ctor_init___0_clone_84,0x002faa80,0x002faab4,0x34
sub_2FAAC0,0x002faac0,0x002fab20,0x60
hud_sub_dd30_clone_09,0x002fab20,0x002fab94,0x74
hud_sub_dd30_clone_10,0x002faba0,0x002fac1c,0x7c
sub_2FAC20,0x002fac20,0x002faca4,0x84
StateRegistry_Build,0x002facb0,0x002fbd34,0x1084
resource_try_load_clone_04,0x002fbd40,0x002fbe60,0x120
obj_set_field_pair_c_0_clone_15,0x002fbe60,0x002fbe88,0x28
obj_ctor_init___0_clone_85,0x002fbe90,0x002fbec4,0x34
sub_2FBED0,0x002fbed0,0x002fbf30,0x60
noop_seq_var_30_z_6,0x002fbf30,0x002fbfa8,0x78
obj_ctor_init___0_clone_86,0x002fbfb0,0x002fbfe4,0x34
sub_2FBFF0,0x002fbff0,0x002fc050,0x60
noop_seq_var_30_z_7,0x002fc050,0x002fc0c0,0x70
vtable_dispatch_o_0_clone_99,0x002fc0c0,0x002fc0d0,0x10
obj_ctor_init___0_clone_87,0x002fc0d0,0x002fc104,0x34
sub_2FC110,0x002fc110,0x002fc170,0x60
noop_seq_var_30_z_8,0x002fc170,0x002fc1cc,0x5c
obj_ctor_init___0_clone_88,0x002fc1d0,0x002fc204,0x34
sub_2FC210,0x002fc210,0x002fc270,0x60
noop_seq_var_10_z_21,0x002fc270,0x002fc2c0,0x50
vtable_dispatch_o_0_clone_100,0x002fc2c0,0x002fc2d0,0x10
obj_ctor_init___0_clone_89,0x002fc2d0,0x002fc304,0x34
sub_2FC310,0x002fc310,0x002fc370,0x60
noop_seq_var_30_z_9,0x002fc370,0x002fc3dc,0x6c
vtable_dispatch_o_0_clone_101,0x002fc3e0,0x002fc3f0,0x10
obj_ctor_init___0_clone_90,0x002fc3f0,0x002fc424,0x34
sub_2FC430,0x002fc430,0x002fc490,0x60
noop_seq_var_30_z_10,0x002fc490,0x002fc4fc,0x6c
vtable_dispatch_o_0_clone_102,0x002fc500,0x002fc510,0x10
noop_wrapper_z_445,0x002fc510,0x002fc520,0x10
sub_2FC520,0x002fc520,0x002fc65c,0x13c
obj_ctor_init___,0x002fc660,0x002fc6d0,0x70
sub_2FC6D0,0x002fc6d0,0x002fc734,0x64
vtable_dispatch___,0x002fc740,0x002fc778,0x38
asm_reg_save_h,0x002fc780,0x002fc7b0,0x30
sub_2FC7B0,0x002fc7b0,0x002fc7f4,0x44
get_data_ptr_z_212,0x002fc800,0x002fc80c,0xc
noop_wrapper_w,0x002fc810,0x002fc820,0x10
obj_set_fields_g,0x002fc820,0x002fc87c,0x5c
resource_try_load,0x002fc880,0x002fc904,0x84
noop_wrapper_z_446,0x002fc910,0x002fc91c,0xc
sound_get_volume_ptr,0x002fc920,0x002fc944,0x24
obj_set_field_pair_c_0_clone_16,0x002fc950,0x002fc96c,0x1c
obj_ctor_init_b,0x002fc970,0x002fc98c,0x1c
wrap_pool_entry_pop_e,0x002fc990,0x002fc9cc,0x3c
wrap_vtable_dispatch___2,0x002fc9d0,0x002fc9fc,0x2c
sub_2FCA00,0x002fca00,0x002fca08,0x8
gp_field_get_z_389,0x002fca10,0x002fca18,0x8
noop_wrapper___,0x002fca20,0x002fca40,0x20
gp_field_get_z_390,0x002fca40,0x002fca48,0x8
gp_field_get_z_391,0x002fca50,0x002fca58,0x8
obj_sub_ca60,0x002fca60,0x002fcb04,0xa4
noop_wrapper___,0x002fcb10,0x002fcb18,0x8
noop_wrapper_x,0x002fcb20,0x002fcb44,0x24
noop_wrapper___,0x002fcb50,0x002fcb5c,0xc
sub_2FCB60,0x002fcb60,0x002fcc00,0xa0
sub_2FCC00,0x002fcc00,0x002fcc80,0x80
str_queue_msg,0x002fcc80,0x002fcd10,0x90
sound_slot_try_acquire,0x002fcd80,0x002fcdf0,0x70
input_device_get_button_map_clone_01,0x002fcdf0,0x002fce68,0x78
input_port_is_available,0x002fce70,0x002fcf04,0x94
sub_2FCF10,0x002fcf10,0x002fd17c,0x26c
obj_set_fields___37_0,0x002fd180,0x002fd274,0xf4
sub_2FD280,0x002fd280,0x002fd2d4,0x54
noop_sub_d2e0,0x002fd2e0,0x002fd480,0x1a0
str_copy_n_e_clone_87,0x002fd480,0x002fd634,0x1b4
sound_play_3d,0x002fd640,0x002fd7fc,0x1bc
obj_sub_d800,0x002fd800,0x002fd950,0x150
mem_fill_z_146_clone_01,0x002fd950,0x002fdae4,0x194
obj_motion_update_slot,0x002fdaf0,0x002fdb60,0x70
obj_table_anim_flag_scan,0x002fdb60,0x002fdbb8,0x58
sub_2FDBC0,0x002fdbc0,0x002fdc04,0x44
sub_2FDC10,0x002fdc10,0x002fdc18,0x8
gp_field_get_z_392,0x002fdc20,0x002fdc28,0x8
noop_wrapper_z_447,0x002fdc30,0x002fdc38,0x8
gp_field_get_z_393,0x002fdc40,0x002fdc48,0x8
noop_wrapper_z_448,0x002fdc50,0x002fdc58,0x8
gp_field_get_z_394,0x002fdc60,0x002fdc68,0x8
obj_ctor_extended,0x002fdc70,0x002fdcd4,0x64
obj_ctor_with_vtable,0x002fdce0,0x002fdd40,0x60
vtable_dispatch_o_0_clone_103,0x002fdd40,0x002fdd88,0x48
vtable_dispatch_o_0_clone_104,0x002fdd90,0x002fddd8,0x48
sub_2FDDE0,0x002fdde0,0x002fdefc,0x11c
obj_set_field84,0x002fdf00,0x002fdf08,0x8
obj_set_field80,0x002fdf10,0x002fdf18,0x8
singleton_lazy_init_k_0,0x002fdf20,0x002fdfd8,0xb8
mem_fill_z_81_clone_08,0x002fdfe0,0x002fe104,0x124
mem_fill_z_225,0x002fe110,0x002fe458,0x348
mem_fill_z_226,0x002fe460,0x002fe754,0x2f4
get_data_ptr_z_213,0x002fe760,0x002fe76c,0xc
mem_alloc_single_d,0x002fe770,0x002fe784,0x14
sub_2FE790,0x002fe790,0x002fe7a0,0x10
j_vtable_dispatch___129_1,0x002fe7a0,0x002fe7a8,0x8
obj_ctor_base,0x002fe7b0,0x002fe7ec,0x3c
obj_init_vtable,0x002fe7f0,0x002fe854,0x64
sub_2FE860,0x002fe860,0x002fe8a8,0x48
obj_set_color,0x002fe8b0,0x002fe8c8,0x18
obj_set_field4d,0x002fe8d0,0x002fe8d8,0x8
obj_set_fields_f,0x002fe8e0,0x002fe8f4,0x14
obj_set_field_byte,0x002fe900,0x002fe908,0x8
obj_set_field_byte___,0x002fe910,0x002fe918,0x8
obj_set_field_byte___,0x002fe920,0x002fe928,0x8
obj_set_fields___,0x002fe930,0x002fe95c,0x2c
mem_fill_z_125_0,0x002fe960,0x002fe99c,0x3c
obj_set_fields___,0x002fe9a0,0x002fe9b4,0x14
sub_2FE9C0,0x002fe9c0,0x002fea4c,0x8c
sub_2FEA50,0x002fea50,0x002feac8,0x78
scene_graph_flush_clone_10,0x002fead0,0x002fed68,0x298
mem_fill_z_227,0x002fed70,0x002ff230,0x4c0
noop___,0x002ff230,0x002ff238,0x8
curve_interp_call_j,0x002ff240,0x002ff37c,0x13c
curve_interp_call_k,0x002ff380,0x002ff4bc,0x13c
CAppDemoMainAlt_Begin_clone_02,0x002ff4c0,0x002ff57c,0xbc
str_copy_n_e_clone_88,0x002ff5c0,0x002ff854,0x294
vtable_dispatch___129_1,0x002ff860,0x002ff89c,0x3c
pool_entry_push_,0x002ff8a0,0x002ff8dc,0x3c
sub_2FF8E0,0x002ff8e0,0x002ffa30,0x150
sub_2FFA30,0x002ffa30,0x002ffa84,0x54
sub_2FFA90,0x002ffa90,0x002ffae4,0x54
sub_2FFAF0,0x002ffaf0,0x002ffbb0,0xc0
mem_fill_02,0x002ffbb0,0x002ffc64,0xb4
noop_wrapper_y,0x002ffc70,0x002ffc80,0x10
obj_set_fields___,0x002ffc80,0x002ffcdc,0x5c
obj_try_change_state_clone_03,0x002ffce0,0x002ffd64,0x84
noop_wrapper_z_449,0x002ffd70,0x002ffd7c,0xc
pool_alloc_entry_clone_04,0x002ffd80,0x002ffefc,0x17c
obj_ctor_init___,0x002fff00,0x002fff1c,0x1c
sub_2FFF20,0x002fff20,0x00300094,0x174
singleton_sub_deb0_clone_03,0x003000a0,0x00300144,0xa4
sub_300150,0x00300150,0x003001b0,0x60
get_field_val___,0x003001b0,0x003001b8,0x8
obj_ctor_init___,0x003001c0,0x003001f8,0x38
gp_field_get_z_395,0x00300200,0x00300208,0x8
return_const_129,0x00300210,0x00300218,0x8
vtable_dispatch___,0x00300220,0x00300248,0x28
return_zero_z_187,0x00300250,0x00300258,0x8
obj_ctor_init___,0x00300260,0x003002e0,0x80
noop_wrapper_z_450,0x003002e0,0x003002f0,0x10
sub_3002F0,0x003002f0,0x0030047c,0x18c
obj_ctor_init___,0x00300480,0x003004f0,0x70
wrap_stack_depth_track_g,0x003004f0,0x0030051c,0x2c
sub_300520,0x00300520,0x00300584,0x64
vtable_dispatch___,0x00300590,0x003005c8,0x38
asm_reg_save_i,0x003005d0,0x00300600,0x30
obj_set_fields___41_0,0x00300600,0x0030063c,0x3c
obj_set_fields___42_0,0x00300640,0x0030067c,0x3c
get_data_ptr_z_214,0x00300680,0x0030068c,0xc
sub_3006B0,0x003006b0,0x00300720,0x70
noop_wrapper___,0x00300720,0x00300754,0x34
pool_entry_pop___,0x00300760,0x003007a4,0x44
pool_entry_push___,0x003007b0,0x003007d4,0x24
singleton_lazy_init___,0x003007e0,0x0030089c,0xbc
get_data_ptr_z_215,0x003008a0,0x003008ac,0xc
sub_3008B0,0x003008b0,0x003009a8,0xf8
sub_3009B0,0x003009b0,0x00300a10,0x60
obj_set_field_byte___,0x00300a10,0x00300a18,0x8
obj_set_field39c,0x00300a20,0x00300a28,0x8
sub_300A30,0x00300a30,0x00300a84,0x54
j_nullsub_127,0x00300a90,0x00300a98,0x8
noop_wrapper_z_451,0x00300aa0,0x00300aa8,0x8
j_flags_test_mask_w,0x00300ab0,0x00300ab8,0x8
noop_wrapper_z_452,0x00300ac0,0x00300ac8,0x8
noop_wrapper_z_453,0x00300ad0,0x00300ad8,0x8
obj_push_collider,0x00300ae0,0x00300b58,0x78
noop_z_285,0x00300b60,0x00300b68,0x8
mem_fill_z_228,0x00300b70,0x00300e48,0x2d8
mem_fill_z_229,0x00300e50,0x00301290,0x440
str_copy_n_e_clone_89,0x00301290,0x00301458,0x1c8
get_data_ptr_z_216,0x00301460,0x0030146c,0xc
sub_301470,0x00301470,0x003015c0,0x150
euler_to_quat_z_11,0x003015c0,0x003016b4,0xf4
slerp_quat_f,0x003016c0,0x003017c0,0x100
euler_to_quat_z_12,0x003017c0,0x003018b4,0xf4
slerp_quat_g,0x003018c0,0x003019c0,0x100
noop_wrapper_z_454,0x003019c0,0x003019c8,0x8
sub_3019D0,0x003019d0,0x00301aec,0x11c
obj_ctor_init___,0x00301af0,0x00301b84,0x94
return_zero___,0x00301b90,0x00301b98,0x8
noop___,0x00301ba0,0x00301ba8,0x8
flags_test_mask_e_clone_01,0x00301bb0,0x00301c04,0x54
flags_test_mask_w,0x00301c10,0x00301c20,0x10
sub_301C20,0x00301c20,0x00301cc4,0xa4
sub_301CD0,0x00301cd0,0x00301dc4,0xf4
obj_set_vec4f_2d0,0x00301dd0,0x00301df4,0x24
obj_build_rot_matrix,0x00301e00,0x00301f58,0x158
obj_set_vec4f_2e0,0x00301f60,0x00301f84,0x24
euler_to_quat_z_13,0x00301f90,0x003020e8,0x158
vec4f_write_to_offset40_clone_03,0x003020f0,0x00302114,0x24
sub_302120,0x00302120,0x003021d4,0xb4
sub_3021E0,0x003021e0,0x00302310,0x130
sub_302310,0x00302310,0x00302484,0x174
sub_302490,0x00302490,0x0030278c,0x2fc
sub_302790,0x00302790,0x00302a8c,0x2fc
wrap_vec3f_length,0x00302a90,0x00302ad8,0x48
mem_fill_z_230,0x00302ae0,0x00302c74,0x194
obj_lerp_angle_to_target,0x00302c80,0x00302d70,0xf0
obj_set_pos_world,0x00302d70,0x00302e30,0xc0
obj_add_pos_world,0x00302e30,0x00302f08,0xd8
asm_reg_save_j,0x00302f10,0x00302f48,0x38
noop_seq_var_10_z_22,0x00302f50,0x00302fac,0x5c
noop_seq_var_10_z_23,0x00302fb0,0x00302ff4,0x44
sub_303000,0x00303000,0x00303114,0x114
get_field_ptr_m,0x00303120,0x00303128,0x8
sub_303130,0x00303130,0x003032dc,0x1ac
sub_3032E0,0x003032e0,0x0030349c,0x1bc
slerp_quat_h,0x003034a0,0x003035f8,0x158
noop_wrapper_z_455,0x00303600,0x00303608,0x8
obj_set_fields_z_3,0x00303610,0x00303628,0x18
state_sub_3630,0x00303630,0x00303704,0xd4
obj_calc_aim_rotation,0x00303710,0x003038f4,0x1e4
get_data_ptr_z_217,0x00303900,0x0030390c,0xc
wrap_stack_depth_track_h,0x00303910,0x0030393c,0x2c
obj_set_fields_z_216,0x00303940,0x003039dc,0x9c
sub_3039E0,0x003039e0,0x00303a40,0x60
wrap_obj_ctor_extended_b,0x00303a40,0x00303a78,0x38
sub_303A80,0x00303a80,0x00303b2c,0xac
sub_303B30,0x00303b30,0x00303ca8,0x178
sub_303CB0,0x00303cb0,0x00303dc4,0x114
sub_303DD0,0x00303dd0,0x0030402c,0x25c
obj_set_fields_z_217,0x00304030,0x0030407c,0x4c
sub_304080,0x00304080,0x0030417c,0xfc
sub_304180,0x00304180,0x003042b8,0x138
mem_fill_z_40_0,0x003042c0,0x003043f4,0x134
curve_sub_4400,0x00304400,0x00304558,0x158
curve_interp_call_l,0x00304560,0x00304870,0x310
obj_update_curve_interp_b,0x00304870,0x00304c74,0x404
curve_interp_call_m,0x00304c80,0x00304e84,0x204
sub_304E90,0x00304e90,0x00304fc8,0x138
sub_304FD0,0x00304fd0,0x00305108,0x138
sub_305110,0x00305110,0x00305248,0x138
curve_interp_call_n,0x00305250,0x00305554,0x304
obj_update_curve_interp_c,0x00305560,0x00305640,0xe0
curve_interp_call_o,0x00305640,0x00305824,0x1e4
return_const_1_z_100,0x00305830,0x00305838,0x8
obj_set_field_pair___,0x00305840,0x0030587c,0x3c
obj_set_fields_z_4,0x00305880,0x003058a4,0x24
sub_3058B0,0x003058b0,0x003058fc,0x4c
obj_set_fields_z_5,0x00305900,0x00305914,0x14
noop_wrapper_z_456,0x00305920,0x00305930,0x10
CMemory_Init_clone_02,0x00305930,0x00305dd0,0x4a0
noop_wrapper_z_457,0x00305dd0,0x00305dd8,0x8
obj_set_fields_i_2,0x00305e20,0x00305e58,0x38
noop_wrapper_z_458,0x00305e60,0x00305e7c,0x1c
sub_305E80,0x00305e80,0x00305ecc,0x4c
obj_set_fields_z_6,0x00305ed0,0x00305f04,0x34
noop___,0x00305f10,0x00305f18,0x8
mem_fill_z_231,0x00305f20,0x00306534,0x614
noop_wrapper_z_459,0x00306540,0x00306548,0x8
noop_sub_6550,0x00306550,0x0030658c,0x3c
obj_set_fields___,0x00306590,0x003065f0,0x60
noop_wrapper_z_460,0x003065f0,0x0030660c,0x1c
sub_306610,0x00306610,0x00306660,0x50
obj_set_fields_z_7,0x00306660,0x00306680,0x20
noop___,0x00306680,0x00306688,0x8
str_copy_n_e_clone_90,0x00306690,0x00306b98,0x508
obj_set_fields_z_218,0x00306ba0,0x00306cc8,0x128
sub_306CD0,0x00306cd0,0x00306db0,0xe0
noop_wrapper_z_461,0x00306db0,0x00306dc8,0x18
sub_306DD0,0x00306dd0,0x00306e20,0x50
noop_wrapper_z_462,0x00306e20,0x00306e28,0x8
noop_wrapper_z_463,0x00306e30,0x00306e38,0x8
sub_306E40,0x00306e40,0x00307064,0x224
noop_wrapper_z_464,0x00307070,0x0030708c,0x1c
sub_307090,0x00307090,0x003070e4,0x54
noop_wrapper_z_465,0x003070f0,0x003070f8,0x8
noop_wrapper_z_466,0x00307110,0x00307118,0x8
sub_307120,0x00307120,0x0030725c,0x13c
noop_wrapper_z_467,0x00307260,0x00307268,0x8
sub_307270,0x00307270,0x003072b8,0x48
obj_ctor_init_d_0_clone_02,0x003072c0,0x00307340,0x80
obj_set_fields_z_219,0x00307340,0x0030737c,0x3c
noop_,0x00307380,0x00307388,0x8
str_copy_n_11,0x00307390,0x00307458,0xc8
sub_307460,0x00307460,0x00307524,0xc4
sub_307530,0x00307530,0x003078f4,0x3c4
sub_307900,0x00307900,0x00307a40,0x140
sub_307AF0,0x00307af0,0x00307b38,0x48
sub_307B40,0x00307b40,0x00307b8c,0x4c
sub_307B90,0x00307b90,0x00307bcc,0x3c
noop___,0x00307bd0,0x00307bd8,0x8
str_copy_n_12,0x00307be0,0x00307d00,0x120
sub_307D00,0x00307d00,0x00307ddc,0xdc
sub_307DE0,0x00307de0,0x00307f74,0x194
noop_wrapper_z_468,0x00307fa0,0x00307fbc,0x1c
sub_307FC0,0x00307fc0,0x00308014,0x54
noop_wrapper_z_469,0x00308020,0x0030802c,0xc
sub_308030,0x00308030,0x00308190,0x160
noop_wrapper_z_470,0x00308190,0x0030819c,0xc
obj_set_fields_z_220,0x003081a0,0x003081e4,0x44
sub_3081F0,0x003081f0,0x0030823c,0x4c
obj_set_field_pair_i_0,0x00308240,0x00308250,0x10
sub_308250,0x00308250,0x00308300,0xb0
sub_308300,0x00308300,0x00308524,0x224
sub_308530,0x00308530,0x00308588,0x58
noop_wrapper_z_471,0x00308590,0x0030859c,0xc
wrap_noop_wrapper_z_472,0x003085a0,0x003085f0,0x50
noop_wrapper_z_472,0x003085f0,0x003085fc,0xc
CMemory_Init_clone_03,0x00308610,0x0030883c,0x22c
mem_compare_n_0_clone_36,0x00308840,0x00308aa8,0x268
pool_entry_push___,0x00308ab0,0x00308d94,0x2e4
sub_308DA0,0x00308da0,0x00308f40,0x1a0
str_copy_n_e_clone_91,0x00308f40,0x003091f8,0x2b8
vtable_sub_fc40_clone_06,0x00309200,0x00309280,0x80
mem_fill_z_232,0x00309280,0x003098ec,0x66c
sub_3098F0,0x003098f0,0x00309978,0x88
scene_graph_flush_clone_11,0x00309980,0x00309ab4,0x134
sub_309AC0,0x00309ac0,0x00309ca8,0x1e8
sub_309CB0,0x00309cb0,0x00309e48,0x198
noop_wrapper_z_473,0x00309e50,0x00309e94,0x44
noop_wrapper___,0x00309ea0,0x00309eac,0xc
noop_wrapper___,0x00309eb0,0x00309ecc,0x1c
noop_wrapper___,0x00309ed0,0x00309eec,0x1c
noop_wrapper___,0x00309ef0,0x00309f0c,0x1c
sub_309F10,0x00309f10,0x00309f2c,0x1c
sub_309F30,0x00309f30,0x00309f4c,0x1c
table_entry_get_e,0x00309f50,0x00309f70,0x20
noop_wrapper_f_4,0x00309f70,0x00309f88,0x18
noop_wrapper___,0x00309f90,0x00309fa4,0x14
noop_wrapper___,0x00309fb0,0x00309fd0,0x20
noop_wrapper___,0x00309fd0,0x00309fe0,0x10
noop_wrapper___,0x00309fe0,0x0030a000,0x20
noop_wrapper_g_4,0x0030a000,0x0030a01c,0x1c
noop_wrapper___,0x0030a020,0x0030a044,0x24
noop_wrapper___,0x0030a050,0x0030a06c,0x1c
wrap_noop_wrapper_z_470,0x0030a070,0x0030a0a4,0x34
noop_wrapper___,0x0030a0b0,0x0030a124,0x74
mem_fill_z_233,0x0030a130,0x0030a1d4,0xa4
get_global_var_k,0x0030a1e0,0x0030a1ec,0xc
vtable_dispatch___36_clone_12,0x0030a1f0,0x0030a2d0,0xe0
noop_wrapper___,0x0030a2d0,0x0030a2e8,0x18
set_global_var_o,0x0030a2f0,0x0030a2f8,0x8
noop_wrapper___,0x0030a300,0x0030a31c,0x1c
sub_30A320,0x0030a320,0x0030a33c,0x1c
wrap_array_call_dtor_f,0x0030a340,0x0030a35c,0x1c
wrap_array_call_dtor_g,0x0030a360,0x0030a37c,0x1c
wrap_array_call_dtor_h,0x0030a380,0x0030a39c,0x1c
wrap_array_call_dtor_i,0x0030a3a0,0x0030a3bc,0x1c
wrap_array_call_dtor_j,0x0030a3c0,0x0030a3dc,0x1c
wrap_array_call_dtor_k,0x0030a3e0,0x0030a3fc,0x1c
sub_30A400,0x0030a400,0x0030a44c,0x4c
noop_wrapper_z_474,0x0030a450,0x0030a464,0x14
wrap_array_call_dtor_l,0x0030a470,0x0030a48c,0x1c
wrap_array_call_dtor_m,0x0030a490,0x0030a4ac,0x1c
wrap_array_call_dtor_n,0x0030a4b0,0x0030a4cc,0x1c
wrap_array_call_dtor_o,0x0030a4d0,0x0030a4ec,0x1c
sub_30A4F0,0x0030a4f0,0x0030a644,0x154
sub_30A650,0x0030a650,0x0030a83c,0x1ec
sub_30A840,0x0030a840,0x0030a9dc,0x19c
sub_30A9E0,0x0030a9e0,0x0030ab14,0x134
noop_wrapper_z_475,0x0030ab20,0x0030ab3c,0x1c
sub_30AB40,0x0030ab40,0x0030ab8c,0x4c
noop_wrapper___,0x0030ab90,0x0030adf8,0x268
sub_30AE00,0x0030ae00,0x0030ae38,0x38
sub_30AE40,0x0030ae40,0x0030aea4,0x64
noop_wrapper_h_3,0x0030aeb0,0x0030aee4,0x34
noop_wrapper_i_3,0x0030aef0,0x0030af24,0x34
table_index_get_b,0x0030af30,0x0030af44,0x14
noop_wrapper_z_476,0x0030af50,0x0030af64,0x14
noop_wrapper_z_477,0x0030af70,0x0030af84,0x14
sub_30AF90,0x0030af90,0x0030b5b8,0x628
sub_30B5C0,0x0030b5c0,0x0030b5f8,0x38
sub_30B600,0x0030b600,0x0030b638,0x38
sub_30B640,0x0030b640,0x0030b678,0x38
noop_wrapper_z_478,0x0030b680,0x0030b6b4,0x34
sub_30B6C0,0x0030b6c0,0x0030b764,0xa4
sub_30B770,0x0030b770,0x0030b7a8,0x38
sub_30B7B0,0x0030b7b0,0x0030b7e8,0x38
sub_30B7F0,0x0030b7f0,0x0030b828,0x38
noop_wrapper_z_479,0x0030b830,0x0030b864,0x34
sub_30B870,0x0030b870,0x0030b8ec,0x7c
get_data_ptr_z_218,0x0030b8f0,0x0030b8fc,0xc
obj_ctor_init___,0x0030b900,0x0030b980,0x80
sub_30B980,0x0030b980,0x0030b9fc,0x7c
get_data_ptr_z_219,0x0030ba00,0x0030ba0c,0xc
obj_ctor_init___,0x0030ba10,0x0030ba90,0x80
obj_wrap_call,0x0030ba90,0x0030bab8,0x28
wrap_mem_set_x,0x0030bac0,0x0030bacc,0xc
singleton_sub_bad0,0x0030bad0,0x0030bb44,0x74
j_buf_read_byte_at,0x0030bb50,0x0030bb58,0x8
wrap_mem_copy,0x0030bb60,0x0030bb68,0x8
int_to_digit_array,0x0030bb70,0x0030bbec,0x7c
j_noop_sub_c1a0,0x0030bbf0,0x0030bbf8,0x8
sub_30BC00,0x0030bc00,0x0030bce8,0xe8
noop_sub_bcf0_b,0x0030bcf0,0x0030bd7c,0x8c
sub_30BD80,0x0030bd80,0x0030be68,0xe8
noop_sub_be70,0x0030be70,0x0030bfa0,0x130
sub_30BFA0,0x0030bfa0,0x0030c0d0,0x130
obj_set_fields___179_0,0x0030c0d0,0x0030c198,0xc8
noop_sub_c1a0,0x0030c1a0,0x0030c1ac,0xc
obj_read_byte_at_offset,0x0030c1b0,0x0030c1bc,0xc
sub_30C1C0,0x0030c1c0,0x0030c310,0x150
noop_wrapper_z_480,0x0030c310,0x0030c320,0x10
obj_sub_c320,0x0030c320,0x0030c374,0x54
obj_sub_c380,0x0030c380,0x0030c3b8,0x38
sub_30C3C0,0x0030c3c0,0x0030c77c,0x3bc
sub_30C780,0x0030c780,0x0030c95c,0x1dc
obj_set_fields_z_8,0x0030c960,0x0030c994,0x34
obj_set_fields_z_9,0x0030c9a0,0x0030c9c8,0x28
sub_30C9D0,0x0030c9d0,0x0030cb54,0x184
mem_fill_z_234,0x0030cb60,0x0030cdf8,0x298
sub_30CE00,0x0030ce00,0x0030ce08,0x8
return_const_60,0x0030ce10,0x0030ce18,0x8
obj_ctor_init___,0x0030ce20,0x0030ce90,0x70
obj_ctor_init___,0x0030ce90,0x0030cf00,0x70
sub_30CF00,0x0030cf00,0x0030cf60,0x60
obj_ctor_init___,0x0030cf60,0x0030cfe0,0x80
obj_ctor_init___,0x0030cfe0,0x0030d060,0x80
obj_ctor_init___,0x0030d060,0x0030d0e0,0x80
obj_ctor_init___,0x0030d0e0,0x0030d160,0x80
obj_ctor_init___,0x0030d160,0x0030d1f0,0x90
obj_ctor_init___,0x0030d1f0,0x0030d270,0x80
obj_ctor_init___,0x0030d270,0x0030d2f0,0x80
obj_ctor_init___,0x0030d2f0,0x0030d370,0x80
obj_ctor_init___,0x0030d370,0x0030d400,0x90
obj_ctor_init___,0x0030d400,0x0030d480,0x80
obj_ctor_init___,0x0030d480,0x0030d4f0,0x70
obj_ctor_init___,0x0030d4f0,0x0030d560,0x70
obj_ctor_init___,0x0030d560,0x0030d5e0,0x80
obj_ctor_init___,0x0030d5e0,0x0030d650,0x70
obj_ctor_init___,0x0030d650,0x0030d6c0,0x70
obj_ctor_init___,0x0030d6c0,0x0030d740,0x80
obj_ctor_init___,0x0030d740,0x0030d7c0,0x80
obj_ctor_init___,0x0030d7c0,0x0030d830,0x70
obj_ctor_init___,0x0030d830,0x0030d8b0,0x80
obj_ctor_init___,0x0030d8b0,0x0030d930,0x80
obj_ctor_init___,0x0030d930,0x0030d9a0,0x70
obj_ctor_init___,0x0030d9a0,0x0030da10,0x70
obj_ctor_init___,0x0030da10,0x0030da90,0x80
obj_ctor_init___,0x0030da90,0x0030db00,0x70
obj_ctor_init___,0x0030db00,0x0030db80,0x80
obj_ctor_init___,0x0030db80,0x0030dc00,0x80
obj_ctor_init___,0x0030dc00,0x0030dc80,0x80
obj_ctor_init___,0x0030dc80,0x0030dd00,0x80
obj_ctor_init___,0x0030dd00,0x0030dd80,0x80
obj_ctor_init___,0x0030dd80,0x0030de00,0x80
sub_30DE00,0x0030de00,0x0030de60,0x60
obj_ctor_init___,0x0030de60,0x0030ded0,0x70
obj_ctor_init___,0x0030ded0,0x0030df40,0x70
obj_ctor_init___,0x0030df40,0x0030dfb0,0x70
anim_state_set,0x0030dfb0,0x0030dfbc,0xc
anim_state_advance,0x0030dfc0,0x0030e004,0x44
anim_track_advance,0x0030e010,0x0030e0c8,0xb8
sub_30E0D0,0x0030e0d0,0x0030e16c,0x9c
sub_30E170,0x0030e170,0x0030e2fc,0x18c
obj_update_position_with_ground,0x0030e300,0x0030e4b0,0x1b0
singleton_get_mgr_b,0x0030e4b0,0x0030e62c,0x17c
obj_trigger_event2,0x0030e630,0x0030e638,0x8
obj_sync_pos_to_target,0x0030e640,0x0030e8a4,0x264
mem_fill_z_235,0x0030e8b0,0x0030eae0,0x230
mem_fill_z_236,0x0030eae0,0x0030ed28,0x248
pool_entry_pop___,0x0030ed30,0x0030ee3c,0x10c
sub_30EE40,0x0030ee40,0x0030eed0,0x90
sub_30EED0,0x0030eed0,0x0030efac,0xdc
sub_30EFB0,0x0030efb0,0x0030f04c,0x9c
flags_test_mask_e_clone_02,0x0030f050,0x0030f088,0x38
sub_30F090,0x0030f090,0x0030f110,0x80
sub_30F110,0x0030f110,0x0030f25c,0x14c
sub_30F260,0x0030f260,0x0030f3ec,0x18c
state_sub_f3f0,0x0030f3f0,0x0030f584,0x194
euler_to_quat_z_1_clone_03,0x0030f590,0x0030f680,0xf0
sub_30F680,0x0030f680,0x0030f720,0xa0
sub_30F720,0x0030f720,0x0030f7b4,0x94
sub_30F7C0,0x0030f7c0,0x0030f830,0x70
noop_wrapper___,0x0030f830,0x0030f890,0x60
noop_wrapper___,0x0030f890,0x0030f8f4,0x64
noop_wrapper___,0x0030f900,0x0030f914,0x14
vtable_sub_f920,0x0030f920,0x0030f9d0,0xb0
vtable_sub_f9d0,0x0030f9d0,0x0030fc44,0x274
vtable_sub_fc50,0x0030fc50,0x0030fd04,0xb4
mem_fill_z_237,0x0030fd10,0x00310158,0x448
sub_310160,0x00310160,0x00310274,0x114
obj_set_fields_j_1,0x00310280,0x003102c0,0x40
obj_set_fields_k_1,0x003102c0,0x00310300,0x40
obj_set_fields_z_221,0x00310300,0x00310344,0x44
obj_set_fields_z_222,0x00310350,0x00310394,0x44
euler_to_quat_z_14,0x003103a0,0x003107cc,0x42c
mem_fill_z_238,0x003107d0,0x003111a4,0x9d4
mem_fill_z_239,0x003111b0,0x00311d00,0xb50
mem_fill_z_240,0x00311d00,0x0031299c,0xc9c
sub_3129A0,0x003129a0,0x00312a84,0xe4
mem_fill_z_31_clone_21,0x00312a90,0x00312b24,0x94
mem_fill_z_31_clone_22,0x00312b30,0x00312c38,0x108
array_call_ctor_dtor_clone_01,0x00312c40,0x00313248,0x608
mem_fill_z_241,0x00313250,0x00313484,0x234
noop_z_286,0x00313490,0x00313498,0x8
loadscreen_cancel_clone_03,0x003134a0,0x00313518,0x78
noop_z_287,0x00313520,0x00313528,0x8
obj_spawn_reset,0x00313530,0x0031364c,0x11c
sub_313650,0x00313650,0x00313658,0x8
wrap_sub_313660,0x00313660,0x00313670,0x10
obj_set_flags_if_param4,0x00313670,0x00313698,0x28
wrap_sub_229120_clone_12,0x003136a0,0x003136b4,0x14
asm_reg_save_k,0x003136c0,0x00313708,0x48
loadscreen_cancel_clone_04,0x00313710,0x003137bc,0xac
fighter_clear_anim_flags,0x003137c0,0x00313830,0x70
obj_set_flags_guarded,0x00313830,0x00313858,0x28
obj_init_rot_and_anim,0x00313860,0x00313a04,0x1a4
vtable_sub_3a10,0x00313a10,0x00313a78,0x68
obj_sub_ca60_clone_18,0x00313a80,0x00313b44,0xc4
wrap_anim_track_start_b,0x00313b50,0x00313b98,0x48
noop_z_288,0x00313ba0,0x00313ba8,0x8
sub_313BB0,0x00313bb0,0x00313c8c,0xdc
wrap_obj_set_flags,0x00313c90,0x00313ca0,0x10
sub_313CA0,0x00313ca0,0x00313d1c,0x7c
wrap_anim_track_start_b_b,0x00313d20,0x00313d68,0x48
wrap_anim_track_start_b_c,0x00313d70,0x00313db8,0x48
vtable_dispatch_o_0_clone_105,0x00313dc0,0x00313de8,0x28
sub_313DF0,0x00313df0,0x00313ed0,0xe0
fighter_spawn_child_obj,0x00313ed0,0x00314048,0x178
j_wrap_obj_register___42_3,0x00314050,0x00314058,0x8
mem_fill_z_55_clone_19,0x00314060,0x003140f8,0x98
obj_set_color_and_walk,0x00314100,0x00314194,0x94
noop_wrapper_z_481,0x003141a0,0x003141a8,0x8
wrap_anim_track_start_b_q,0x003141b0,0x003141c0,0x10
wrap_obj_activate_up_clone_01,0x003141c0,0x00314208,0x48
obj_set_pos_world_clone_02,0x00314210,0x00314388,0x178
sub_314390,0x00314390,0x0031447c,0xec
noop_z_289,0x00314480,0x00314488,0x8
vtable_dispatch___,0x00314490,0x003144e4,0x54
vtable_dispatch___,0x003144f0,0x00314544,0x54
obj_ctor_init___241_0,0x00314550,0x00314598,0x48
mem_fill_z_242,0x003145a0,0x003146ec,0x14c
return_const__1_k,0x003146f0,0x003146f8,0x8
return_zero_z_188,0x00314700,0x00314708,0x8
sub_314710,0x00314710,0x00314750,0x40
sub_314750,0x00314750,0x003147a4,0x54
vtable_dispatch___130_1,0x003147b0,0x00314810,0x60
return_const__1_l,0x00314810,0x00314818,0x8
return_const__1_m,0x00314820,0x00314828,0x8
mem_fill_z_243,0x00314830,0x00314ca0,0x470
mem_fill_z_244,0x00314ca0,0x0031512c,0x48c
return_zero_z_189,0x00315130,0x00315138,0x8
singleton_sub_deb0_clone_04,0x00315140,0x00315218,0xd8
sub_315220,0x00315220,0x003154a0,0x280
noop_seq_var_10_z_24,0x003154a0,0x003154dc,0x3c
return_zero_z_190,0x003154e0,0x003154e8,0x8
mem_fill_z_201_0,0x003154f0,0x00315568,0x78
mem_fill_z_245,0x00315570,0x00315b5c,0x5ec
wrap_obj_set_flags_b,0x00315b60,0x00315b70,0x10
wrap_obj_try_change_state_b,0x00315b70,0x00315bc0,0x50
sub_315BC0,0x00315bc0,0x00315c20,0x60
obj_tick_ik_clone_02,0x00315c20,0x00315cf4,0xd4
j_wrap_obj_set_flags_b,0x00315d00,0x00315d08,0x8
sub_315D10,0x00315d10,0x00315d70,0x60
noop_z_290,0x00315d70,0x00315d78,0x8
obj_set_flag_8000,0x00315d80,0x00315d90,0x10
wrap_obj_check_state_flag,0x00315d90,0x00315de4,0x54
set_field_byte_imm,0x00315df0,0x00315dfc,0xc
obj_check_flag_333,0x00315e00,0x00315e10,0x10
sub_315E10,0x00315e10,0x00316020,0x210
hud_sub_dd30_clone_11,0x00316020,0x00316190,0x170
sub_316190,0x00316190,0x003161a4,0x14
return_const_8_z_40,0x003161b0,0x003161b8,0x8
return_const_69,0x003161c0,0x003161c8,0x8
return_const_5_z_4,0x003161d0,0x003161d8,0x8
wrap_obj_flag_conditional_set_b,0x003161e0,0x003161f0,0x10
j_obj_set_flag_8000,0x003161f0,0x003161f8,0x8
fighter_track_advance_clone_05,0x00316200,0x00316400,0x200
mem_fill_z_246,0x00316400,0x0031656c,0x16c
asm_reg_save_l,0x00316570,0x003165a4,0x34
sub_3165B0,0x003165b0,0x0031660c,0x5c
sub_316610,0x00316610,0x00316680,0x70
wrap_obj_set_scale_b,0x00316680,0x003166f8,0x78
sub_316700,0x00316700,0x003167c0,0xc0
sub_3167C0,0x003167c0,0x00316830,0x70
sub_316830,0x00316830,0x00316944,0x114
wrap_obj_set_scale_c,0x00316950,0x003169bc,0x6c
noop_seq_var_10_z_25,0x003169c0,0x00316a08,0x48
mem_fill_z_31_clone_23,0x00316a10,0x00316ad0,0xc0
sub_316AD0,0x00316ad0,0x00316c04,0x134
mem_fill_z_247,0x00316c10,0x00316ec4,0x2b4
asm_reg_save_m,0x00316ed0,0x00316f04,0x34
sub_316F10,0x00316f10,0x00316f6c,0x5c
mem_fill_z_248,0x00316f70,0x00317034,0xc4
noop_seq_var_10_z_26,0x00317040,0x00317088,0x48
noop_seq_var_10_z_27,0x00317090,0x003170d8,0x48
noop_seq_var_10_z_28,0x003170e0,0x00317128,0x48
mem_compare_n_0_clone_37,0x00317130,0x00317230,0x100
mem_compare_n_0_clone_38,0x00317230,0x00317490,0x260
obj_tick_camera_track_clone_07,0x00317490,0x003174f8,0x68
sub_317500,0x00317500,0x00317644,0x144
scene_node_requeue_clone_14,0x00317650,0x00317724,0xd4
noop_seq_var_10_z_29,0x00317730,0x00317778,0x48
sub_317780,0x00317780,0x003177dc,0x5c
noop_seq_var_10_z_30,0x003177e0,0x00317828,0x48
noop_seq_var_10_z_31,0x00317830,0x00317878,0x48
noop_seq_var_10_z_32,0x00317880,0x003178c8,0x48
sub_3178D0,0x003178d0,0x00317980,0xb0
mem_fill_z_249,0x00317980,0x00317eb4,0x534
sub_317EC0,0x00317ec0,0x00317f04,0x44
wrap_fighter_flag_0x333_is_set,0x00317f10,0x00317f54,0x44
mem_fill_z_250,0x00317f60,0x00318394,0x434
GS_DispatchPending_clone_05,0x003183a0,0x003185ac,0x20c
sub_3185B0,0x003185b0,0x00318610,0x60
sub_318610,0x00318610,0x00318668,0x58
sub_318670,0x00318670,0x003186d8,0x68
return_const_9_f,0x003186e0,0x003186e8,0x8
return_const_70,0x003186f0,0x003186f8,0x8
return_const_4_z_10,0x00318700,0x00318708,0x8
fighter_track_slot_ctor_clone_18,0x00318710,0x003187c8,0xb8
sub_3187D0,0x003187d0,0x00318858,0x88
j_obj_set_flag_8000_0,0x00318860,0x00318868,0x8
sub_318870,0x00318870,0x003189bc,0x14c
sub_3189C0,0x003189c0,0x00318adc,0x11c
noop_seq_var_10_z_33,0x00318ae0,0x00318b28,0x48
sub_318B30,0x00318b30,0x00318b8c,0x5c
sub_318B90,0x00318b90,0x00318bc4,0x34
sub_318BD0,0x00318bd0,0x00318de0,0x210
str_copy_n_e_clone_92,0x00318de0,0x00318ff4,0x214
euler_to_quat_z_15,0x00319000,0x003193bc,0x3bc
sub_3193C0,0x003193c0,0x0031945c,0x9c
sub_319460,0x00319460,0x003194bc,0x5c
wrap_mem_fill_z_251,0x003194c0,0x003194cc,0xc
fighter_anim_tick,0x003194d0,0x0031988c,0x3bc
fighter_enter_state_0x37,0x00319890,0x003198e4,0x54
mem_fill_z_251,0x003198f0,0x00319bfc,0x30c
obj_set_field_pair___,0x00319c00,0x00319c18,0x18
sub_319C20,0x00319c20,0x00319c98,0x78
wrap_mem_fill_z_265_clone_02,0x00319ca0,0x00319cac,0xc
wrap_sub_326137,0x00319cb0,0x00319cc4,0x14
sub_319CD0,0x00319cd0,0x00319cdc,0xc
EngineUpdate_clone_10,0x00319ce0,0x00319d20,0x40
j_obj_queue_anim_change,0x00319d20,0x00319d28,0x8
state_byte_transition_p_02,0x00319d30,0x00319f2c,0x1fc
noop_wrapper___,0x00319f30,0x00319f64,0x34
sub_319F70,0x00319f70,0x00319fd0,0x60
PadSysInit_clone_07,0x00319fd0,0x0031a178,0x1a8
vtable_dispatch___,0x0031a180,0x0031a1f0,0x70
vtable_dispatch___,0x0031a1f0,0x0031a250,0x60
sub_31A250,0x0031a250,0x0031a304,0xb4
get_data_ptr_z_220,0x0031a310,0x0031a31c,0xc
wrap_pool_entry_pop_b_i,0x0031a320,0x0031a36c,0x4c
sub_31A370,0x0031a370,0x0031a3d0,0x60
obj_ctor_init___,0x0031a3d0,0x0031a450,0x80
sub_31A450,0x0031a450,0x0031a514,0xc4
sub_31A520,0x0031a520,0x0031a6f8,0x1d8
sub_31A700,0x0031a700,0x0031a7a4,0xa4
mem_fill_z_221_clone_10,0x0031a7b0,0x0031ac48,0x498
euler_to_quat_z_16,0x0031ac50,0x0031b7e0,0xb90
fighter_track_tick_clone_15,0x0031b7e0,0x0031b934,0x154
str_copy_n_e_clone_93,0x0031b940,0x0031bc24,0x2e4
mem_fill_z_265_clone_02,0x0031bc30,0x0031c324,0x6f4
sub_31C330,0x0031c330,0x0031c51c,0x1ec
sub_31C520,0x0031c520,0x0031c5e0,0xc0
return_const_50_h,0x0031c5e0,0x0031c5e8,0x8
return_zero_z_191,0x0031c5f0,0x0031c5f8,0x8
noop_seq_var_10_z_34,0x0031c600,0x0031c640,0x40
wrap_euler_to_quat_z_17,0x0031c640,0x0031c64c,0xc
wrap_sub_326138,0x0031c650,0x0031c664,0x14
sub_31C670,0x0031c670,0x0031c67c,0xc
EngineUpdate_clone_11,0x0031c680,0x0031c6c0,0x40
state_byte_transition_h_0_clone_01,0x0031c6c0,0x0031c854,0x194
noop_wrapper___,0x0031c860,0x0031c894,0x34
sub_31C8A0,0x0031c8a0,0x0031c900,0x60
sub_31C900,0x0031c900,0x0031c960,0x60
sub_31C960,0x0031c960,0x0031c98c,0x2c
sub_31C990,0x0031c990,0x0031cad0,0x140
vtable_dispatch___,0x0031cad0,0x0031cb34,0x64
vtable_dispatch___,0x0031cb40,0x0031cb8c,0x4c
sub_31CB90,0x0031cb90,0x0031cbf8,0x68
wrap_anim_track_start_a_c,0x0031cc00,0x0031cc58,0x58
get_data_ptr_z_221,0x0031cc60,0x0031cc6c,0xc
wrap_pool_entry_pop_b_j,0x0031cc70,0x0031ccbc,0x4c
sub_31CCC0,0x0031ccc0,0x0031cd20,0x60
obj_ctor_init___,0x0031cd20,0x0031cda0,0x80
sub_31CDA0,0x0031cda0,0x0031ceb4,0x114
sub_31CEC0,0x0031cec0,0x0031d5fc,0x73c
noop_seq_var_10_z_35,0x0031d600,0x0031d674,0x74
vtable_sub_fc40_clone_07,0x0031d680,0x0031d8ac,0x22c
euler_to_quat_z_17,0x0031d8b0,0x0031e000,0x750
sub_31E000,0x0031e000,0x0031e094,0x94
return_const_50_i,0x0031e0a0,0x0031e0a8,0x8
return_zero_z_192,0x0031e0b0,0x0031e0b8,0x8
blend_state_is_idle_clone_10,0x0031e0c0,0x0031e0f0,0x30
vtable_dispatch___,0x0031e0f0,0x0031e130,0x40
asm_reg_save_n,0x0031e130,0x0031e164,0x34
wrap_obj_dispatch_vtable10,0x0031e170,0x0031e1d0,0x60
wrap_obj_dispatch_vtable0c,0x0031e1d0,0x0031e240,0x70
wrap_obj_dispatch_vtable14,0x0031e240,0x0031e2a0,0x60
sub_31E2A0,0x0031e2a0,0x0031e410,0x170
asm_reg_save_o,0x0031e410,0x0031e450,0x40
obj_ctor_init___242_0,0x0031e450,0x0031e4a0,0x50
asm_reg_save_p,0x0031e4a0,0x0031e4e0,0x40
EngineUpdate_clone_12,0x0031e4e0,0x0031e520,0x40
sub_31E520,0x0031e520,0x0031e528,0x8
noop_wrapper___,0x0031e530,0x0031e560,0x30
state_sub_e560,0x0031e560,0x0031e5fc,0x9c
sub_31E600,0x0031e600,0x0031e660,0x60
fighter_track_advance_clone_06,0x0031e660,0x0031e73c,0xdc
CApp_CharaVS_Update_clone_05,0x0031e740,0x0031eadc,0x39c
state_byte_transition_p_03,0x0031eae0,0x0031ee34,0x354
obj_set_fields_z_223,0x0031ee40,0x0031ee9c,0x5c
sub_31EEA0,0x0031eea0,0x0031ef00,0x60
sub_31EF00,0x0031ef00,0x0031ef60,0x60
sub_31EF60,0x0031ef60,0x0031f04c,0xec
CAppFightStageView_Tick_clone_02,0x0031f050,0x0031f160,0x110
sub_31F160,0x0031f160,0x0031f25c,0xfc
noop_wrapper___,0x0031f260,0x0031f2a8,0x48
sub_31F2B0,0x0031f2b0,0x0031f334,0x84
vtable_dispatch___,0x0031f340,0x0031f378,0x38
sub_31F380,0x0031f380,0x0031f444,0xc4
vtable_dispatch___,0x0031f450,0x0031f478,0x28
sub_31F480,0x0031f480,0x0031f5b0,0x130
get_data_ptr_z_222,0x0031f5b0,0x0031f5bc,0xc
sub_31F5C0,0x0031f5c0,0x0031f634,0x74
obj_ctor_init___,0x0031f640,0x0031f6b0,0x70
obj_ctor_init___,0x0031f6b0,0x0031f740,0x90
obj_ctor_init___,0x0031f740,0x0031f7d0,0x90
sub_31F7D0,0x0031f7d0,0x0031f830,0x60
obj_ctor_init___,0x0031f830,0x0031f8b0,0x80
obj_ctor_init___,0x0031f8b0,0x0031f930,0x80
obj_ctor_init___,0x0031f930,0x0031f9b0,0x80
sub_31F9B0,0x0031f9b0,0x0031fa7c,0xcc
sub_31FA80,0x0031fa80,0x0031fe4c,0x3cc
noop_seq_var_10_z_36,0x0031fe50,0x0031feac,0x5c
wrap_anim_track_start_a_z_4,0x0031feb0,0x0031febc,0xc
sub_31FEC0,0x0031fec0,0x0031ff34,0x74
sub_31FF40,0x0031ff40,0x0032004c,0x10c
wrap_sub_320050,0x00320050,0x0032007c,0x2c
sub_320080,0x00320080,0x00320160,0xe0
sub_320160,0x00320160,0x003201a8,0x48
sub_3201B0,0x003201b0,0x00320270,0xc0
sub_320270,0x00320270,0x003202b8,0x48
wrap_obj_set_hit_vec4,0x003202c0,0x003202d4,0x14
sub_3202E0,0x003202e0,0x003203bc,0xdc
obj_set_fields___38_0,0x003203c0,0x0032077c,0x3bc
noop_seq_var_10_z_37,0x00320780,0x003207c4,0x44
wrap_anim_track_start_a_z_5,0x003207d0,0x003207dc,0xc
state_byte_transition_p_1,0x003207e0,0x00320abc,0x2dc
euler_to_quat_z_18,0x00320ac0,0x0032105c,0x59c
sub_321060,0x00321060,0x0032110c,0xac
return_const_50_j,0x00321110,0x00321118,0x8
return_zero_z_193,0x00321120,0x00321128,0x8
wrap_anim_track_start_a_0_clone_05,0x00321130,0x0032113c,0xc
wrap_anim_track_start_a_0_clone_06,0x00321140,0x0032114c,0xc
sub_321150,0x00321150,0x003211c8,0x78
state_byte_transition_i_04,0x003211d0,0x0032135c,0x18c
noop_wrapper___,0x00321360,0x00321394,0x34
sub_3213A0,0x003213a0,0x00321400,0x60
wrap_obj_dispatch_vtable10_b,0x00321400,0x00321460,0x60
wrap_obj_dispatch_vtable0c_b,0x00321460,0x003214d0,0x70
wrap_obj_dispatch_vtable14_b,0x003214d0,0x00321530,0x60
sub_321530,0x00321530,0x003216c8,0x198
sub_3216D0,0x003216d0,0x00321750,0x80
sub_321750,0x00321750,0x0032175c,0xc
wrap_sub_326139,0x00321760,0x00321774,0x14
sub_321780,0x00321780,0x0032178c,0xc
EngineUpdate_clone_13,0x00321790,0x003217d0,0x40
PadSysInit_clone_08,0x003217d0,0x003219fc,0x22c
wrap_entity_tree_insert_and_init_b,0x00321a00,0x00321a74,0x74
vtable_dispatch___,0x00321a80,0x00321ae0,0x60
sub_321AE0,0x00321ae0,0x00321b9c,0xbc
get_data_ptr_z_223,0x00321ba0,0x00321bac,0xc
wrap_pool_entry_pop_b_k,0x00321bb0,0x00321bfc,0x4c
obj_ctor_init___,0x00321c00,0x00321c90,0x90
sub_321C90,0x00321c90,0x00321cf0,0x60
obj_ctor_init___,0x00321cf0,0x00321d70,0x80
obj_ctor_init___,0x00321d70,0x00321df0,0x80
obj_ctor_init___,0x00321df0,0x00321e70,0x80
obj_ctor_init___,0x00321e70,0x00321ef0,0x80
asm_reg_save_q,0x00321ef0,0x00321f24,0x34
sub_321F30,0x00321f30,0x0032213c,0x20c
asm_reg_save_r,0x00322140,0x00322174,0x34
sub_322180,0x00322180,0x00322288,0x108
str_copy_n_e_clone_94,0x00322290,0x003226dc,0x44c
noop_seq_var_10_z_38,0x003226e0,0x0032273c,0x5c
sub_322740,0x00322740,0x003227ec,0xac
mem_fill_z_252,0x003227f0,0x00322a04,0x214
wrap_sub_229120_clone_13,0x00322a10,0x00322a20,0x10
sub_322A20,0x00322a20,0x00322b5c,0x13c
obj_set_fields___170_0,0x00322b60,0x00322c7c,0x11c
noop_z_291,0x00322c80,0x00322c88,0x8
sub_322C90,0x00322c90,0x00322d00,0x70
sub_322D00,0x00322d00,0x00322df4,0xf4
sub_322E00,0x00322e00,0x00323350,0x550
noop_seq_var_10_z_39,0x00323350,0x00323394,0x44
mem_fill_z_253,0x003233a0,0x00323550,0x1b0
str_copy_n_e_clone_95,0x00323550,0x003237e0,0x290
state_byte_transition_n,0x003237e0,0x00324558,0xd78
sub_324560,0x00324560,0x00324634,0xd4
return_const_50_k,0x00324640,0x00324648,0x8
return_zero_z_194,0x00324650,0x00324658,0x8
noop_wrapper_z_482,0x00324660,0x00324688,0x28
noop_seq_var_10_z_40,0x00324690,0x003246e8,0x58
noop_seq_var_10_z_41,0x003246f0,0x0032473c,0x4c
noop_seq_var_10_z_42,0x00324740,0x0032478c,0x4c
state_byte_transition_i_05,0x00324790,0x00324958,0x1c8
obj_sub_ca60_clone_19,0x00324960,0x00324a60,0x100
vtable_dispatch___,0x00324a60,0x00324a8c,0x2c
singleton_sub_deb0_clone_05,0x00324a90,0x00324b4c,0xbc
vtable_dispatch___,0x00324b50,0x00324b7c,0x2c
noop_wrapper___,0x00324b80,0x00324bb4,0x34
sub_324BC0,0x00324bc0,0x00324c20,0x60
wrap_sub_326360,0x00324c20,0x00324c2c,0xc
wrap_sub_326130,0x00324c30,0x00324c44,0x14
wrap_vtable_sub_fc40_clone_09,0x00324c50,0x00324c5c,0xc
EngineUpdate_clone_14,0x00324c60,0x00324ca0,0x40
PadSysInit_clone_09,0x00324ca0,0x00324e90,0x1f0
sub_324E90,0x00324e90,0x00325084,0x1f4
sub_325090,0x00325090,0x00325130,0xa0
sub_325130,0x00325130,0x0032528c,0x15c
state_byte_transition__clone_06,0x00325290,0x00325348,0xb8
get_data_ptr_z_224,0x00325350,0x0032535c,0xc
wrap_pool_entry_pop_b_l,0x00325360,0x003253ac,0x4c
obj_ctor_init___,0x003253b0,0x00325420,0x70
sub_325420,0x00325420,0x00325480,0x60
obj_ctor_init___,0x00325480,0x00325500,0x80
obj_ctor_init___,0x00325500,0x00325580,0x80
obj_ctor_init___,0x00325580,0x00325600,0x80
sub_325600,0x00325600,0x003256d8,0xd8
sub_3256E0,0x003256e0,0x00325abc,0x3dc
noop_seq_var_10_z_43,0x00325ac0,0x00325b04,0x44
sub_325B10,0x00325b10,0x00325be8,0xd8
sub_325BF0,0x00325bf0,0x003260cc,0x4dc
noop_seq_var_10_z_44,0x003260d0,0x00326114,0x44
return_const_9_g,0x00326120,0x00326128,0x8
vtable_sub_fc40_clone_08,0x00326130,0x0032635c,0x22c
euler_to_quat_z_19,0x00326360,0x00326e08,0xaa8
vtable_sub_fc40_clone_09,0x00326e10,0x00326f28,0x118
return_const_50_l,0x00326f30,0x00326f38,0x8
return_zero_z_195,0x00326f40,0x00326f48,0x8
sub_326F50,0x00326f50,0x00326f60,0x10
noop_wrapper_z_483,0x00326f60,0x00326f74,0x14
wrap_anim_track_start_b_r,0x00326f80,0x00326f90,0x10
noop_wrapper_z_484,0x00326f90,0x00326fa4,0x14
return_const_19_b,0x00326fb0,0x00326fb8,0x8
wrap_move_input_advance_b_clone_05,0x00326fc0,0x00326fd4,0x14
noop_z_292,0x00326fe0,0x00326fe8,0x8
pool_entry_push_b_0_clone_07,0x00326ff0,0x00327224,0x234
get_data_ptr_z_225,0x00327230,0x0032723c,0xc
CAppFinal_Ctor,0x00327240,0x003272c0,0x80
obj_ctor_init___,0x003272c0,0x00327330,0x70
sub_327330,0x00327330,0x00327338,0x8
vtable_dispatch___,0x00327340,0x003273b4,0x74
noop_z_293,0x003273c0,0x003273c8,0x8
singleton_lazy_init_y_clone_06,0x003273d0,0x00327544,0x174
singleton_lazy_init___26_0,0x00327550,0x0032772c,0x1dc
pool_entry_push_b_0_clone_08,0x00327730,0x00327810,0xe0
sub_327810,0x00327810,0x00327cac,0x49c
get_data_ptr_z_226,0x00327cb0,0x00327cbc,0xc
CAppInit_Ctor,0x00327cc0,0x00327d40,0x80
obj_ctor_init___,0x00327d40,0x00327dc0,0x80
obj_ctor_init___,0x00327dc0,0x00327e00,0x40
GameState_Init,0x00327e00,0x00327e64,0x64
input_state_update_clone_07,0x00327e70,0x00327e9c,0x2c
obj_set_field_pair___,0x00327ea0,0x00327ecc,0x2c
scene_node_set_visible_clone_08,0x00327ed0,0x00327f84,0xb4
GameState_ReadInput,0x00327f90,0x003280c0,0x130
GameState_Update,0x003280c0,0x0032815c,0x9c
GameState_Draw,0x00328160,0x00328188,0x28
get_data_ptr_z_227,0x00328190,0x0032819c,0xc
CAppMain_Ctor,0x003281a0,0x00328260,0xc0
CAppTestFunc_Ctor,0x00328260,0x00328294,0x34
wrap_vtable_dispatch_b_1,0x003282a0,0x003282e0,0x40
CAppDemoMainAlt_Begin_clone_03,0x003282e0,0x003285c4,0x2e4
sub_3285D0,0x003285d0,0x00328674,0xa4
get_data_ptr_z_228,0x00328680,0x0032868c,0xc
input_state_update_clone_08,0x00328690,0x003286bc,0x2c
input_state_update_clone_09,0x003286c0,0x003286ec,0x2c
sub_3286F0,0x003286f0,0x0032877c,0x8c
sub_328780,0x00328780,0x00328808,0x88
CApp_CharaVS_Update_clone_06,0x00328810,0x00328928,0x118
euler_to_quat_z_20,0x00328930,0x00328bdc,0x2ac
sub_328BE0,0x00328be0,0x00328c50,0x70
sub_328C50,0x00328c50,0x00328cd4,0x84
obj_quat_changed_check_clone_03,0x00328ce0,0x00328e60,0x180
sub_328E60,0x00328e60,0x00328ed0,0x70
euler_to_quat_z_21,0x00328ed0,0x003290d4,0x204
euler_to_quat_z_22,0x003290e0,0x003293fc,0x31c
sub_329400,0x00329400,0x00329470,0x70
wrap_obj_register_h,0x00329470,0x003294cc,0x5c
sub_3294D0,0x003294d0,0x00329624,0x154
noop_z_294,0x00329630,0x00329638,0x8
obj_set_fields___140_clone_04,0x00329640,0x003298cc,0x28c
sub_3298D0,0x003298d0,0x00329924,0x54
obj_ctor_init___,0x00329930,0x00329988,0x58
sub_329990,0x00329990,0x00329a0c,0x7c
mem_compare_n_0_clone_39,0x00329a10,0x00329bb4,0x1a4
get_data_ptr_z_229,0x00329bc0,0x00329bcc,0xc
wrap_obj_register_i,0x00329bd0,0x00329c2c,0x5c
sub_329C30,0x00329c30,0x00329f78,0x348
noop_z_295,0x00329f80,0x00329f88,0x8
state_byte_transition___08,0x00329f90,0x0032a3d4,0x444
sub_32A3E0,0x0032a3e0,0x0032a43c,0x5c
obj_ctor_init___,0x0032a440,0x0032a48c,0x4c
obj_ctor_init___,0x0032a490,0x0032a50c,0x7c
get_data_ptr_z_230,0x0032a510,0x0032a51c,0xc
wrap_obj_register_j,0x0032a520,0x0032a57c,0x5c
sub_32A580,0x0032a580,0x0032a818,0x298
noop_z_296,0x0032a820,0x0032a828,0x8
stream_parser_tick_clone_04,0x0032a830,0x0032aa24,0x1f4
sub_32AA30,0x0032aa30,0x0032aac0,0x90
obj_ctor_init___,0x0032aac0,0x0032ab40,0x80
obj_ctor_init___,0x0032ab40,0x0032abd4,0x94
obj_set_fields___191_0,0x0032abe0,0x0032acf8,0x118
obj_set_fields___,0x0032ad00,0x0032ad40,0x40
sub_32AD40,0x0032ad40,0x0032ad94,0x54
obj_set_fields___,0x0032ada0,0x0032adc0,0x20
sub_32ADC0,0x0032adc0,0x0032aeec,0x12c
vtable_dispatch___,0x0032aef0,0x0032af3c,0x4c
sub_32AF40,0x0032af40,0x0032b1b8,0x278
noop_wrapper_z_485,0x0032b1c0,0x0032b1e4,0x24
get_data_ptr_z_231,0x0032b1f0,0x0032b1fc,0xc
wrap_obj_register_k,0x0032b200,0x0032b25c,0x5c
sub_32B260,0x0032b260,0x0032b2f0,0x90
sub_32B2F0,0x0032b2f0,0x0032b34c,0x5c
singleton_lazy_init_m_clone_04,0x0032b350,0x0032b448,0xf8
sub_32B450,0x0032b450,0x0032b4ac,0x5c
obj_ctor_init___,0x0032b4b0,0x0032b4f0,0x40
sub_32B4F0,0x0032b4f0,0x0032b550,0x60
get_data_ptr_z_232,0x0032b550,0x0032b55c,0xc
sub_32B560,0x0032b560,0x0032b568,0x8
singleton_get_battle_mgr,0x0032b570,0x0032b5cc,0x5c
noop_wrapper___,0x0032b5d0,0x0032b61c,0x4c
get_field_val_i,0x0032b620,0x0032b628,0x8
obj_set_field_byte_b,0x0032b630,0x0032b638,0x8
obj_get_field0c,0x0032b640,0x0032b648,0x8
obj_set_field_byte___,0x0032b650,0x0032b658,0x8
noop_wrapper_z_486,0x0032b660,0x0032b684,0x24
obj_flag_conditional_set_b,0x0032b690,0x0032b6c0,0x30
flags_test_mask_d,0x0032b6c0,0x0032b6d0,0x10
noop_wrapper_z_487,0x0032b6d0,0x0032b6d8,0x8
sub_32B6E0,0x0032b6e0,0x0032b78c,0xac
return_zero___,0x0032b790,0x0032b798,0x8
set_field_byte_imm_d,0x0032b7a0,0x0032b7ac,0xc
get_field_val___,0x0032b7b0,0x0032b7b8,0x8
obj_set_field_byte___,0x0032b7c0,0x0032b7c8,0x8
get_field_val___,0x0032b7d0,0x0032b7d8,0x8
noop_wrapper_z_488,0x0032b7e0,0x0032b7fc,0x1c
noop_wrapper_z_489,0x0032b800,0x0032b81c,0x1c
noop_wrapper_z_490,0x0032b820,0x0032b83c,0x1c
obj_set_fields_z_10,0x0032b840,0x0032b864,0x24
sub_32B870,0x0032b870,0x0032b8b4,0x44
obj_ctor_init___243_0,0x0032b8e0,0x0032b970,0x90
pool_entry_push___,0x0032b970,0x0032b994,0x24
singleton_lazy_init___,0x0032b9a0,0x0032ba74,0xd4
obj_sub_ca60_clone_20,0x0032ba80,0x0032baec,0x6c
vtable_dispatch___,0x0032baf0,0x0032bb30,0x40
noop_z_297,0x0032bb30,0x0032bb38,0x8
noop_z_298,0x0032bb40,0x0032bb48,0x8
noop_z_299,0x0032bb50,0x0032bb58,0x8
vtable_dispatch___,0x0032bb60,0x0032bb94,0x34
noop_z_300,0x0032bba0,0x0032bba8,0x8
mem_fill_i_03,0x0032bbb0,0x0032bc98,0xe8
gp_field_get_z_396,0x0032bca0,0x0032bca8,0x8
vtable_dispatch___,0x0032bcb0,0x0032bce8,0x38
mem_fill_z_37_clone_04,0x0032bcf0,0x0032bebc,0x1cc
noop_seq_var_10_z_45,0x0032bec0,0x0032befc,0x3c
sub_32BF00,0x0032bf00,0x0032bf8c,0x8c
wrap_var_10_j,0x0032bf90,0x0032bfc4,0x34
sub_32BFD0,0x0032bfd0,0x0032c098,0xc8
mem_fill_z_138_clone_02,0x0032c0a0,0x0032c1bc,0x11c
obj_set_fields_z_11,0x0032c1c0,0x0032c1d4,0x14
sub_32C1E0,0x0032c1e0,0x0032c250,0x70
asm_reg_save_s,0x0032c250,0x0032c284,0x34
asm_reg_save_t,0x0032c290,0x0032c2c4,0x34
asm_reg_save_u,0x0032c2d0,0x0032c304,0x34
sub_32C310,0x0032c310,0x0032c318,0x8
wrap_fighter_spawn_child_obj_0,0x0032c320,0x0032c32c,0xc
asm_reg_save_v,0x0032c330,0x0032c364,0x34
j_str_copy_n_e_clone_04,0x0032c370,0x0032c378,0x8
sub_32C380,0x0032c380,0x0032c470,0xf0
noop_wrapper___,0x0032c470,0x0032c4a4,0x34
sub_32C4B0,0x0032c4b0,0x0032c510,0x60
sub_32C510,0x0032c510,0x0032c630,0x120
sub_32C630,0x0032c630,0x0032c700,0xd0
sub_32C700,0x0032c700,0x0032cda8,0x6a8
sub_32CDB0,0x0032cdb0,0x0032ce9c,0xec
sub_32CEA0,0x0032cea0,0x0032cf78,0xd8
wrap_anim_track_start_c_r,0x0032cf80,0x0032cf90,0x10
singleton_sub_deb0_clone_06,0x0032cf90,0x0032d06c,0xdc
vtable_dispatch___,0x0032d070,0x0032d09c,0x2c
PadSysInit_clone_10,0x0032d0a0,0x0032d3f0,0x350
vtable_dispatch___,0x0032d3f0,0x0032d41c,0x2c
vtable_dispatch___,0x0032d420,0x0032d44c,0x2c
sub_32D450,0x0032d450,0x0032d578,0x128
singleton_lazy_init_0_clone_05,0x0032d580,0x0032d704,0x184
vtable_dispatch___,0x0032d710,0x0032d73c,0x2c
curve_sub_4401,0x0032d740,0x0032d88c,0x14c
CMemory_Init_clone_04,0x0032d890,0x0032d9f0,0x160
vtable_dispatch___,0x0032d9f0,0x0032da1c,0x2c
get_data_ptr_z_233,0x0032da20,0x0032da2c,0xc
wrap_pool_entry_pop_b_m,0x0032da30,0x0032da7c,0x4c
obj_ctor_init___,0x0032da80,0x0032db10,0x90
sub_32DB10,0x0032db10,0x0032db18,0x8
wrap_obj_set_fields___86,0x0032db20,0x0032db44,0x24
return_const_50_m,0x0032db50,0x0032db58,0x8
get_global_var_l,0x0032db60,0x0032db68,0x8
vtable_sub_fc40_clone_10,0x0032db70,0x0032dc0c,0x9c
noop_wrapper_z_491,0x0032dc10,0x0032dc28,0x18
noop_wrapper_z_492,0x0032dc30,0x0032dc64,0x34
noop_wrapper___,0x0032dc70,0x0032dce8,0x78
wrap_mem_copy_h,0x0032dcf0,0x0032dd08,0x18
return_const_4924,0x0032dd10,0x0032dd18,0x8
noop_wrapper_z_493,0x0032dd20,0x0032dd30,0x10
hud_sub_dd30,0x0032dd30,0x0032de40,0x110
sub_32DE40,0x0032de40,0x0032df08,0xc8
sub_32DF10,0x0032df10,0x0032dfc8,0xb8
pool_entry_push_c_0_clone_02,0x0032dfd0,0x0032dff0,0x20
hud_sub_dff0,0x0032dff0,0x0032e014,0x24
noop_wrapper_z_494,0x0032e020,0x0032e048,0x28
sub_32E050,0x0032e050,0x0032e150,0x100
obj_ctor_init___244_0,0x0032e150,0x0032e1c0,0x70
noop___,0x0032e1c0,0x0032e1c8,0x8
singleton_lazy_init___,0x0032e1d0,0x0032e3d8,0x208
sub_32E3E0,0x0032e3e0,0x0032e42c,0x4c
sub_32E430,0x0032e430,0x0032e45c,0x2c
singleton_lazy_init_,0x0032e460,0x0032e668,0x208
noop_wrapper_z_495,0x0032e670,0x0032e680,0x10
get_global_var_m,0x0032e680,0x0032e688,0x8
return_const_2040,0x0032e690,0x0032e698,0x8
wrap_mem_copy_i,0x0032e6a0,0x0032e6b0,0x10
get_data_ptr_z_234,0x0032e6b0,0x0032e6bc,0xc
sub_32E6C0,0x0032e6c0,0x0032e7cc,0x10c
sub_32E7D0,0x0032e7d0,0x0032e874,0xa4
mem_fill_q,0x0032e880,0x0032f7c0,0xf40
sub_32F7C0,0x0032f7c0,0x0032fa28,0x268
sub_32FA30,0x0032fa30,0x0032fca4,0x274
sub_32FCB0,0x0032fcb0,0x0032fd28,0x78
obj_set_fields___,0x0032fd30,0x0032fda0,0x70
obj_set_fields___,0x0032fda0,0x0032fe0c,0x6c
sub_32FE10,0x0032fe10,0x0032fe8c,0x7c
wrap_wrap_obj_set_flags_clone_06,0x0032fe90,0x0032fecc,0x3c
sub_32FED0,0x0032fed0,0x0032ff40,0x70
wrap_str_format_into_buf_v,0x0032ff40,0x0032ffc8,0x88
obj_set_field_byte___,0x0032ffd0,0x0032ffd8,0x8
obj_set_field_pair___,0x0032ffe0,0x00330038,0x58
sub_330040,0x00330040,0x00330194,0x154
wrap_obj_update_curve_interp_d_clone_05,0x003301a0,0x003301e0,0x40
wrap_obj_copy_fields_clone_03,0x003301e0,0x00330270,0x90
sub_330270,0x00330270,0x0033041c,0x1ac
sub_330420,0x00330420,0x003306f0,0x2d0
sub_3306F0,0x003306f0,0x00330824,0x134
mem_fill_q_1,0x00330830,0x00330858,0x28
sub_330860,0x00330860,0x003309d4,0x174
sub_3309E0,0x003309e0,0x00330b40,0x160
sub_330B40,0x00330b40,0x00330c38,0xf8
sub_330C40,0x00330c40,0x00330cd8,0x98
sub_330CE0,0x00330ce0,0x00330d60,0x80
vtable_sub_fc40_clone_11,0x00330d60,0x00330e20,0xc0
noop_seq_var_50,0x00330e20,0x00330e8c,0x6c
mem_fill_z_55_clone_20,0x00330e90,0x00330fcc,0x13c
noop_wrapper_z_496,0x00330fd0,0x00330fdc,0xc
sub_330FE0,0x00330fe0,0x00331040,0x60
singleton_get_mgr_3310,0x00331040,0x0033109c,0x5c
sub_3310A0,0x003310a0,0x0033113c,0x9c
sub_331140,0x00331140,0x00331194,0x54
wrap_array_call_ctor_dtor,0x003311a0,0x003311f8,0x58
sub_331200,0x00331200,0x00331260,0x60
sub_331260,0x00331260,0x003312ac,0x4c
pass_identity_g,0x003312b0,0x003312d8,0x28
wrap_wrap_obj_register_l,0x003312e0,0x00331304,0x24
input_query_slot_a,0x00331310,0x0033137c,0x6c
input_query_slot_b,0x00331380,0x003313ec,0x6c
sub_3313F0,0x003313f0,0x003315f8,0x208
sub_331600,0x00331600,0x003317fc,0x1fc
sub_331800,0x00331800,0x00331970,0x170
sub_331970,0x00331970,0x00331b38,0x1c8
state_byte_transition___51_0,0x00331b40,0x00331c58,0x118
noop_z_301,0x00331c60,0x00331c68,0x8
noop_z_302,0x00331c70,0x00331c78,0x8
return_zero_z_196,0x00331c80,0x00331c88,0x8
return_zero_z_197,0x00331c90,0x00331c98,0x8
return_zero_z_198,0x00331ca0,0x00331ca8,0x8
return_zero_z_199,0x00331cb0,0x00331cb8,0x8
obj_ctor_init___245_0,0x00331cc0,0x00331d8c,0xcc
obj_ctor_init_n_clone_11,0x00331d90,0x00331e44,0xb4
obj_ctor_init_n_clone_12,0x00331e50,0x00331f20,0xd0
obj_ctor_init_n_clone_13,0x00331f20,0x00331f8c,0x6c
obj_ctor_init_n_clone_14,0x00331f90,0x0033201c,0x8c
obj_ctor_init_n_clone_15,0x00332020,0x003320ac,0x8c
obj_ctor_init_n_clone_16,0x003320b0,0x0033212c,0x7c
return_zero_z_200,0x00332130,0x00332138,0x8
sub_332140,0x00332140,0x003321c0,0x80
get_data_ptr_z_235,0x003321c0,0x003321cc,0xc
wrap_obj_register_l,0x003321d0,0x0033222c,0x5c
pass_identity_h,0x00332230,0x00332238,0x8
sub_332240,0x00332240,0x00332284,0x44
wrap_singleton_get_mgr_333a,0x00332290,0x003322c4,0x34
sub_3322D0,0x003322d0,0x00332440,0x170
sub_332440,0x00332440,0x003325b0,0x170
singleton_lazy_init__03,0x003325b0,0x0033282c,0x27c
sub_332830,0x00332830,0x00332a10,0x1e0
sub_332A10,0x00332a10,0x00332ccc,0x2bc
sub_332CD0,0x00332cd0,0x00333024,0x354
sub_333030,0x00333030,0x003331dc,0x1ac
sub_3331E0,0x003331e0,0x003335b4,0x3d4
sub_3335C0,0x003335c0,0x003337c8,0x208
curve_interp_call___06,0x003337d0,0x00333a10,0x240
singleton_get_mgr_333a,0x00333a10,0x00333a6c,0x5c
pass_identity_i,0x00333a70,0x00333a7c,0xc
sub_333A80,0x00333a80,0x00333ac4,0x44
sub_333AD0,0x00333ad0,0x00333c18,0x148
noop_d,0x00333c20,0x00333c28,0x8
sub_333C30,0x00333c30,0x00333cf0,0xc0
sub_333CF0,0x00333cf0,0x00333e34,0x144
sub_333E40,0x00333e40,0x00333f7c,0x13c
sub_333F80,0x00333f80,0x003340b8,0x138
sub_3340C0,0x003340c0,0x003341f8,0x138
sub_334200,0x00334200,0x00334318,0x118
sub_334320,0x00334320,0x00334434,0x114
sub_334440,0x00334440,0x00334554,0x114
sub_334560,0x00334560,0x00334680,0x120
sub_334680,0x00334680,0x00334794,0x114
sub_3347A0,0x003347a0,0x00334840,0xa0
obj_ctor_init,0x00334840,0x00334878,0x38
sub_334880,0x00334880,0x00334940,0xc0
noop_wrapper_z_497,0x00334940,0x00334948,0x8
return_const_1_z_101,0x00334950,0x00334958,0x8
return_const_1_z_102,0x00334960,0x00334968,0x8
return_const_1_z_103,0x00334970,0x00334978,0x8
async_task_tick,0x00334980,0x00334b04,0x184
noop_z_303,0x00334b10,0x00334b18,0x8
noop_z_304,0x00334b20,0x00334b28,0x8
noop_z_305,0x00334b30,0x00334b38,0x8
async_task_cancel,0x00334b40,0x00334bac,0x6c
noop_z_306,0x00334bb0,0x00334bb8,0x8
noop_z_307,0x00334bc0,0x00334bc8,0x8
vtable_dispatch_e,0x00334bd0,0x00334c0c,0x3c
noop_z_308,0x00334c10,0x00334c18,0x8
async_task_complete,0x00334c20,0x00334c68,0x48
noop_wrapper_z_498,0x00334c70,0x00334c80,0x10
sub_334C80,0x00334c80,0x00334d44,0xc4
sub_334D50,0x00334d50,0x00334de4,0x94
noop_z_309,0x00334df0,0x00334df8,0x8
get_field_val_z_73,0x00334e00,0x00334e08,0x8
noop_wrapper_z_499,0x00334e10,0x00334e20,0x10
vtable_dispatch___,0x00334e20,0x00334e78,0x58
wrap_sound_play_3d,0x00334e80,0x00334ea0,0x20
sound_play_default,0x00334ea0,0x00334ec0,0x20
wrap_sound_play_3d_b,0x00334ec0,0x00334ee0,0x20
wrap_sound_play_3d_c,0x00334ee0,0x00334f00,0x20
noop_wrapper_x,0x00334f00,0x00334f38,0x38
scene_node_set_visible_clone_09,0x00334f40,0x00334ffc,0xbc
obj_is_menu_func_mng,0x00335000,0x00335018,0x18
j_vtable_dispatch___3,0x00335020,0x00335028,0x8
get_data_ptr_z_236,0x00335030,0x0033503c,0xc
obj_ctor_init_c,0x00335040,0x003350c0,0x80
get_data_ptr_z_237,0x003350c0,0x003350cc,0xc
obj_ctor_init_d,0x003350d0,0x00335140,0x70
fighter_track_slot_ctor_clone_19,0x00335140,0x00335294,0x154
sub_3352A0,0x003352a0,0x00335338,0x98
input_state_update_clone_10,0x00335340,0x0033536c,0x2c
sub_335370,0x00335370,0x00335498,0x128
resource_try_load_clone_05,0x003354a0,0x00335534,0x94
state_byte_transition___49_0,0x00335540,0x0033571c,0x1dc
sub_335720,0x00335720,0x00335770,0x50
slerp_quat_c_clone_10,0x00335770,0x00335928,0x1b8
noop_wrapper_z_500,0x00335930,0x00335938,0x8
get_data_ptr_p_0,0x00335940,0x0033594c,0xc
sub_335950,0x00335950,0x003359fc,0xac
sub_335A00,0x00335a00,0x00335a40,0x40
sub_335A40,0x00335a40,0x00335d5c,0x31c
noop_z_310,0x00335d60,0x00335d68,0x8
input_state_update_clone_11,0x00335d70,0x00335dd0,0x60
sub_335DD0,0x00335dd0,0x00335e20,0x50
sub_335E20,0x00335e20,0x00335e6c,0x4c
dual_vtable_invoke,0x00335e70,0x00335eb0,0x40
sub_335EB0,0x00335eb0,0x00335f80,0xd0
pass_identity_d_clone_115,0x00335f80,0x00335fcc,0x4c
dual_vtable_invoke_b,0x00335fd0,0x00336010,0x40
get_data_ptr_z_238,0x00336010,0x0033601c,0xc
obj_ctor_init___,0x00336020,0x003360dc,0xbc
obj_ctor_init___,0x003360e0,0x00336188,0xa8
obj_ctor_init_e,0x00336190,0x00336220,0x90
obj_ctor_init_f,0x00336220,0x00336300,0xe0
get_data_ptr_z_239,0x00336300,0x0033630c,0xc
return_const_11_d,0x00336310,0x00336318,0x8
j_vtable_dispatch_e,0x00336320,0x00336328,0x8
noop_z_311,0x00336330,0x00336338,0x8
noop_z_312,0x00336340,0x00336348,0x8
noop_z_313,0x00336350,0x00336358,0x8
noop_z_314,0x00336360,0x00336368,0x8
sub_336370,0x00336370,0x00336478,0x108
obj_ctor_init___,0x00336480,0x0033650c,0x8c
obj_ctor_init_n_clone_17,0x00336510,0x00336730,0x220
obj_ctor_init_r_clone_01,0x00336730,0x00336834,0x104
obj_ctor_init_r_clone_02,0x00336840,0x00336944,0x104
obj_ctor_init___,0x00336950,0x003369ec,0x9c
obj_ctor_init___,0x003369f0,0x00336a8c,0x9c
obj_ctor_init_n_clone_18,0x00336a90,0x00336c14,0x184
obj_ctor_init_n_clone_19,0x00336c20,0x00336da4,0x184
obj_ctor_init___0_clone_91,0x00336db0,0x00336e04,0x54
sub_336E10,0x00336e10,0x00336e58,0x48
sub_336E60,0x00336e60,0x00336ecc,0x6c
wrap_get_global_var_b_0,0x00336ed0,0x00336f00,0x30
wrap_vtable_dispatch_i,0x00336f00,0x00336f2c,0x2c
return_const_7_z_3,0x00336f30,0x00336f38,0x8
wrap_table_get_ptr_by_id,0x00336f40,0x00336f74,0x34
wrap_vtable_dispatch_e_0,0x00336f80,0x00336f8c,0xc
sub_336F90,0x00336f90,0x0033705c,0xcc
noop_seq_var_10_z_46,0x00337060,0x003370a8,0x48
get_data_ptr_z_240,0x003370b0,0x003370bc,0xc
obj_ctor_init_n_clone_20,0x003370c0,0x0033729c,0x1dc
mem_compare_n_0_clone_40,0x003372a0,0x00337420,0x180
VU0_RunMicro_clone_02,0x00337420,0x00337468,0x48
sub_337470,0x00337470,0x00337478,0x8
input_check_btn_80,0x00337480,0x00337488,0x8
input_check_btn_40,0x00337490,0x00337498,0x8
sub_3374A0,0x003374a0,0x003374a8,0x8
noop_wrapper_z,0x003374b0,0x003374bc,0xc
noop_wrapper__,0x003374c0,0x003374cc,0xc
noop_wrapper__,0x003374d0,0x003374dc,0xc
noop_wrapper__,0x003374e0,0x003375e0,0x100
noop_wrapper_z_501,0x003375e0,0x00337614,0x34
flags_test_mask_x,0x00337620,0x0033765c,0x3c
flags_test_mask_y,0x00337660,0x0033769c,0x3c
sub_3376A0,0x003376a0,0x00337804,0x164
obj_ctor_init___,0x00337810,0x0033785c,0x4c
state_try_advance,0x00337860,0x003378bc,0x5c
sub_3378C0,0x003378c0,0x0033793c,0x7c
vtable_dispatch_j,0x00337940,0x00337978,0x38
dual_vtable_invoke,0x00337980,0x003379c0,0x40
vtable_dispatch_f,0x003379c0,0x003379d8,0x18
sub_3379E0,0x003379e0,0x00337a0c,0x2c
get_field_val_z_74,0x00337a10,0x00337a18,0x8
vtable_dispatch_g,0x00337a20,0x00337a50,0x30
vtable_dispatch_m,0x00337a50,0x00337a78,0x28
menu_item_input_tick,0x00337a80,0x0033811c,0x69c
wrap_sub_338120,0x00338120,0x00338128,0x8
noop_z_315,0x00338130,0x00338138,0x8
menu_sub_8140,0x00338140,0x00338228,0xe8
noop_z_316,0x00338230,0x00338238,0x8
vtable_dispatch_h,0x00338240,0x00338278,0x38
sub_338280,0x00338280,0x00338368,0xe8
menu_item_draw,0x00338370,0x0033859c,0x22c
vtable_dispatch___,0x003385a0,0x003385b8,0x18
vtable_dispatch___5_clone_06,0x003385c0,0x00338618,0x58
vtable_dispatch___5_clone_07,0x00338620,0x00338678,0x58
get_data_ptr_z_241,0x00338680,0x0033868c,0xc
obj_sub_8690,0x00338690,0x00338738,0xa8
sub_338740,0x00338740,0x0033878c,0x4c
obj_set_fields_z_224,0x00338790,0x00338814,0x84
noop_wrapper_v_2,0x00338820,0x00338868,0x48
sub_338870,0x00338870,0x003388dc,0x6c
sub_3388E0,0x003388e0,0x0033894c,0x6c
vtable_sub_8950,0x00338950,0x00338a98,0x148
obj_set_field_byte___,0x00338aa0,0x00338aa8,0x8
obj_set_fields_d,0x00338ab0,0x00338b0c,0x5c
obj_set_field_pair___,0x00338b10,0x00338b58,0x48
obj_set_field_pair___,0x00338b60,0x00338b80,0x20
sub_338B80,0x00338b80,0x00338c50,0xd0
obj_set_field_byte___,0x00338c50,0x00338c58,0x8
vtable_sub_8c60,0x00338c60,0x00338c74,0x14
wrap_vtable_dispatch_o,0x00338c80,0x00338cd0,0x50
get_field_val___,0x00338cd0,0x00338cd8,0x8
get_field_val___,0x00338ce0,0x00338ce8,0x8
get_field_val___,0x00338cf0,0x00338cf8,0x8
get_field_val___,0x00338d00,0x00338d08,0x8
vtable_dispatch___,0x00338d10,0x00338d5c,0x4c
vtable_dispatch_o,0x00338d60,0x00338dac,0x4c
sub_338DB0,0x00338db0,0x00339140,0x390
sub_339140,0x00339140,0x003392c0,0x180
sub_3392C0,0x003392c0,0x00339408,0x148
sub_339410,0x00339410,0x00339468,0x58
noop_seq_var_10_z_47,0x00339470,0x00339524,0xb4
obj_update_curve_interp_d,0x00339530,0x003396a8,0x178
sub_3396B0,0x003396b0,0x00339884,0x1d4
mem_compare_n_0_clone_41,0x00339890,0x00339bcc,0x33c
pool_entry_pop_e_clone_05,0x00339bd0,0x00339c4c,0x7c
set_global_var_p,0x00339c50,0x00339c5c,0xc
asm_reg_save_w,0x00339c60,0x00339cac,0x4c
vtable_dispatch___92_0,0x00339cb0,0x00339cfc,0x4c
input_state_update_clone_12,0x00339d00,0x00339d2c,0x2c
state_byte_transition_j_2,0x00339d30,0x00339eec,0x1bc
sub_339EF0,0x00339ef0,0x00339f48,0x58
sub_339F50,0x00339f50,0x00339fc8,0x78
noop_wrapper___,0x00339fd0,0x0033a014,0x44
return_const_5_z_5,0x0033a020,0x0033a028,0x8
wrap_table_get_ptr_by_id_b,0x0033a030,0x0033a064,0x34
wrap_vtable_dispatch_e_b,0x0033a070,0x0033a07c,0xc
state_byte_transition_j_0,0x0033a080,0x0033a1b0,0x130
get_data_ptr_z_242,0x0033a1b0,0x0033a1bc,0xc
obj_ctor_init_n_clone_21,0x0033a1c0,0x0033a3f0,0x230
obj_ctor_init_r_clone_03,0x0033a3f0,0x0033a4e8,0xf8
noop_z_317,0x0033a4f0,0x0033a4f8,0x8
table_index_get,0x0033a500,0x0033a514,0x14
noop_wrapper_z_502,0x0033a520,0x0033a544,0x24
mem_compare_n_0_clone_42,0x0033a550,0x0033a944,0x3f4
obj_ctor_init___,0x0033a950,0x0033a9ac,0x5c
obj_vtable_dispatch_and_store,0x0033a9b0,0x0033aa14,0x64
return_const_2_z_2,0x0033aa20,0x0033aa28,0x8
vtable_dispatch___,0x0033aa30,0x0033aa4c,0x1c
sub_33AA50,0x0033aa50,0x0033aacc,0x7c
vtable_dispatch_i,0x0033aad0,0x0033ab08,0x38
dual_vtable_invoke_b,0x0033ab10,0x0033ab50,0x40
vtable_dispatch_m_0_clone_02,0x0033ab50,0x0033ab68,0x18
vtable_dispatch_g_clone_01,0x0033ab70,0x0033aba0,0x30
sub_33ABA0,0x0033aba0,0x0033ac94,0xf4
sub_33ACA0,0x0033aca0,0x0033aeb8,0x218
noop_z_318,0x0033aec0,0x0033aec8,0x8
sub_33AED0,0x0033aed0,0x0033aed8,0x8
vtable_dispatch_j,0x0033aee0,0x0033af18,0x38
stream_parser_tick_clone_05,0x0033af20,0x0033b058,0x138
return_zero_z_201,0x0033b060,0x0033b068,0x8
sub_33B070,0x0033b070,0x0033b07c,0xc
get_data_ptr_z_243,0x0033b080,0x0033b08c,0xc
wrap_obj_register_m,0x0033b090,0x0033b0e4,0x54
pass_identity_j,0x0033b0f0,0x0033b104,0x14
sub_33B110,0x0033b110,0x0033b15c,0x4c
noop_wrapper___,0x0033b160,0x0033b188,0x28
noop_wrapper_w_2,0x0033b190,0x0033b1c0,0x30
flags_test_mask_z,0x0033b1c0,0x0033b1d0,0x10
sub_33B1D0,0x0033b1d0,0x0033b260,0x90
noop_wrapper_z_503,0x0033b260,0x0033b288,0x28
sub_33B290,0x0033b290,0x0033b2e8,0x58
noop_wrapper_z_504,0x0033b2f0,0x0033b318,0x28
wrap_anim_track_start_c_s,0x0033b320,0x0033b330,0x10
sub_33B330,0x0033b330,0x0033b3f4,0xc4
sub_33B400,0x0033b400,0x0033b4ac,0xac
wrap_get_global_var_b_0_b,0x0033b4b0,0x0033b4e0,0x30
wrap_vtable_dispatch_j_0,0x0033b4e0,0x0033b50c,0x2c
sub_33B510,0x0033b510,0x0033b584,0x74
sub_33B590,0x0033b590,0x0033b66c,0xdc
sub_33B670,0x0033b670,0x0033b6e0,0x70
noop_seq_var_10_z_48,0x0033b6e0,0x0033b728,0x48
sub_33B730,0x0033b730,0x0033b7a0,0x70
sub_33B7A0,0x0033b7a0,0x0033b8d8,0x138
sub_33B8E0,0x0033b8e0,0x0033ba60,0x180
j_flags_test_mask___7,0x0033ba60,0x0033ba68,0x8
wrap_table_get_ptr_by_id_c,0x0033ba70,0x0033baa4,0x34
noop_wrapper_z_505,0x0033bab0,0x0033bac4,0x14
sub_33BAD0,0x0033bad0,0x0033bbf8,0x128
return_const_8_z_41,0x0033bc00,0x0033bc08,0x8
get_data_ptr_q_0,0x0033bc10,0x0033bc1c,0xc
sub_33BC20,0x0033bc20,0x0033bf40,0x320
noop_wrapper_z_506,0x0033bf40,0x0033bf48,0x8
get_data_ptr_z_244,0x0033bf50,0x0033bf5c,0xc
sub_33BF60,0x0033bf60,0x0033bffc,0x9c
sub_33C000,0x0033c000,0x0033c130,0x130
wrap_get_global_var_b_0_c,0x0033c130,0x0033c160,0x30
wrap_vtable_dispatch_j_0_b,0x0033c160,0x0033c18c,0x2c
noop_seq_var_10_z_49,0x0033c190,0x0033c1d8,0x48
sub_33C1E0,0x0033c1e0,0x0033c210,0x30
sub_33C210,0x0033c210,0x0033c288,0x78
sub_33C290,0x0033c290,0x0033c36c,0xdc
sub_33C370,0x0033c370,0x0033c4f8,0x188
sub_33C500,0x0033c500,0x0033c638,0x138
noop_wrapper___,0x0033c640,0x0033c6b0,0x70
sub_33C6B0,0x0033c6b0,0x0033c724,0x74
state_byte_transition___09,0x0033c730,0x0033c810,0xe0
sub_33C810,0x0033c810,0x0033c938,0x128
return_const_7_z_4,0x0033c940,0x0033c948,0x8
get_data_ptr_z_245,0x0033c950,0x0033c95c,0xc
sub_33C960,0x0033c960,0x0033cc88,0x328
noop_wrapper_z_507,0x0033cc90,0x0033cc98,0x8
get_data_ptr_z_246,0x0033cca0,0x0033ccac,0xc
obj_ctor_init___,0x0033ccb0,0x0033ccf0,0x40
pass_identity_d_clone_116,0x0033ccf0,0x0033cd38,0x48
vtable_dispatch___,0x0033cd40,0x0033cd7c,0x3c
wrap_vtable_dispatch_b_0,0x0033cd80,0x0033cda8,0x28
dual_vtable_invoke_c,0x0033cdb0,0x0033cdf8,0x48
vtable_dispatch_m_0_clone_03,0x0033ce00,0x0033ce18,0x18
vtable_dispatch_m_0_clone_04,0x0033ce20,0x0033ce38,0x18
vtable_dispatch_m_0_clone_05,0x0033ce40,0x0033ce58,0x18
vtable_dispatch_g_clone_02,0x0033ce60,0x0033ce90,0x30
return_zero_z_202,0x0033ce90,0x0033ce98,0x8
sub_33CEA0,0x0033cea0,0x0033ced4,0x34
sub_33CEE0,0x0033cee0,0x0033cf18,0x38
obj_set_field_byte___,0x0033cf20,0x0033cf28,0x8
get_data_ptr_z_247,0x0033cf30,0x0033cf3c,0xc
str_sub_bf60_clone_01,0x0033cf40,0x0033d0bc,0x17c
state_byte_transition_k_0,0x0033d0c0,0x0033d2ec,0x22c
sub_33D2F0,0x0033d2f0,0x0033d3c8,0xd8
wrap_table_get_ptr_by_id_d,0x0033d3d0,0x0033d408,0x38
noop_z_319,0x0033d410,0x0033d418,0x8
fighter_track_reset_clone_01,0x0033d420,0x0033d4bc,0x9c
sub_33D4C0,0x0033d4c0,0x0033d648,0x188
sub_33D650,0x0033d650,0x0033d6fc,0xac
sub_33D700,0x0033d700,0x0033d7e0,0xe0
sub_33D7E0,0x0033d7e0,0x0033d884,0xa4
sub_33D890,0x0033d890,0x0033d970,0xe0
vtable_dispatch_m_0_clone_06,0x0033d970,0x0033d988,0x18
sub_33D990,0x0033d990,0x0033dad4,0x144
vtable_dispatch_m_0_clone_07,0x0033dae0,0x0033daf8,0x18
sub_33DB00,0x0033db00,0x0033dbac,0xac
noop_z_320,0x0033dbb0,0x0033dbb8,0x8
sub_33DBC0,0x0033dbc0,0x0033dcdc,0x11c
dual_vtable_invoke_d,0x0033dce0,0x0033dd30,0x50
sub_33DD30,0x0033dd30,0x0033dd8c,0x5c
sub_33DD90,0x0033dd90,0x0033de48,0xb8
pass_identity_d_clone_117,0x0033de50,0x0033de9c,0x4c
dual_vtable_invoke_e,0x0033dea0,0x0033def0,0x50
get_data_ptr_z_248,0x0033def0,0x0033defc,0xc
obj_ctor_init_r_clone_04,0x0033df00,0x0033e008,0x108
get_data_ptr_z_249,0x0033e010,0x0033e01c,0xc
obj_sub_0d50_clone_01,0x0033e020,0x0033e0b8,0x98
sub_33E0C0,0x0033e0c0,0x0033e250,0x190
sub_33E250,0x0033e250,0x0033e2a8,0x58
sub_33E2B0,0x0033e2b0,0x0033e4c8,0x218
wrap_obj_copy_fields_clone_04,0x0033e4d0,0x0033e538,0x68
sub_33E540,0x0033e540,0x0033e660,0x120
sub_33E660,0x0033e660,0x0033e788,0x128
mem_compare_n_0_clone_43,0x0033e790,0x0033e940,0x1b0
mem_fill_z_326_0,0x0033e940,0x0033eaac,0x16c
noop___,0x0033eab0,0x0033eab8,0x8
obj_ctor_init___,0x0033eac0,0x0033eb18,0x58
sub_33EB20,0x0033eb20,0x0033ebc8,0xa8
sub_33EBD0,0x0033ebd0,0x0033ec64,0x94
sub_33EC70,0x0033ec70,0x0033efbc,0x34c
sub_33EFC0,0x0033efc0,0x0033f244,0x284
mem_fill_z_249_0,0x0033f250,0x0033f428,0x1d8
obj_ctor_init___,0x0033f430,0x0033f4b4,0x84
obj_ctor_init___,0x0033f4c0,0x0033f568,0xa8
sub_33F570,0x0033f570,0x0033f64c,0xdc
sub_33F650,0x0033f650,0x0033f6c8,0x78
vtable_dispatch___93_0,0x0033f6d0,0x0033f728,0x58
input_state_update_clone_13,0x0033f730,0x0033f75c,0x2c
mem_fill_z_221_clone_11,0x0033f760,0x0033f90c,0x1ac
sub_33F910,0x0033f910,0x0033f968,0x58
sub_33F970,0x0033f970,0x0033f9e8,0x78
noop_wrapper___,0x0033f9f0,0x0033fa34,0x44
sub_33FA40,0x0033fa40,0x0033faa4,0x64
wrap_vtable_dispatch_e_c,0x0033fab0,0x0033fabc,0xc
sub_33FAC0,0x0033fac0,0x0033fcf0,0x230
sub_33FCF0,0x0033fcf0,0x0033fdf4,0x104
get_data_ptr_z_250,0x0033fe00,0x0033fe0c,0xc
return_const_12,0x0033fe10,0x0033fe18,0x8
get_data_ptr_r_0,0x0033fe20,0x0033fe2c,0xc
noop_wrapper_z_508,0x0033fe30,0x0033fe38,0x8
obj_ctor_init_n_clone_22,0x0033fe40,0x00340140,0x300
obj_ctor_init___,0x00340140,0x00340210,0xd0
sub_340210,0x00340210,0x00340220,0x10
obj_set_fields___,0x00340220,0x00340230,0x10
obj_set_fields_z_225,0x00340230,0x003402d4,0xa4
sub_3402E0,0x003402e0,0x003402e8,0x8
input_state_update_clone_14,0x003402f0,0x0034031c,0x2c
obj_set_fields___,0x00340320,0x0034033c,0x1c
sub_340340,0x00340340,0x00340378,0x38
sub_340380,0x00340380,0x003403dc,0x5c
move_input_advance_b_clone_12,0x003403e0,0x00340464,0x84
sub_340470,0x00340470,0x003404c4,0x54
state_byte_transition_q_1,0x003404d0,0x003407bc,0x2ec
mem_compare_n_0_clone_44,0x003407c0,0x00340e9c,0x6dc
vtable_sub_efc0_clone_04,0x00340ea0,0x00340ff0,0x150
str_sub_ec00_clone_04,0x00340ff0,0x00341094,0xa4
get_data_ptr_s_0,0x003410a0,0x003410ac,0xc
sub_3410B0,0x003410b0,0x00341144,0x94
sub_341150,0x00341150,0x00341224,0xd4
obj_set_field_pair_j_0,0x00341230,0x00341258,0x28
get_data_ptr_z_251,0x00341260,0x0034126c,0xc
return_const_3_x,0x00341270,0x00341278,0x8
noop_wrapper_z_509,0x00341280,0x00341288,0x8
sub_341290,0x00341290,0x003413a4,0x114
sub_3413B0,0x003413b0,0x003414b0,0x100
sub_3414B0,0x003414b0,0x00341500,0x50
noop_seq_var_10_z_50,0x00341500,0x0034155c,0x5c
sub_341560,0x00341560,0x00341620,0xc0
noop_seq_var_10_z_51,0x00341620,0x00341668,0x48
get_data_ptr_z_252,0x00341670,0x0034167c,0xc
return_const_8_z_42,0x00341680,0x00341688,0x8
get_data_ptr_t_0,0x00341690,0x0034169c,0xc
noop_wrapper_z_510,0x003416a0,0x003416a8,0x8
obj_ctor_init___,0x003416b0,0x0034173c,0x8c
fighter_track_slot_ctor_clone_20,0x00341740,0x00341854,0x114
sub_341860,0x00341860,0x00341920,0xc0
obj_ctor_init_n_clone_23,0x00341db0,0x00341e84,0xd4
state_byte_transition_o,0x00341e90,0x00342048,0x1b8
str_copy_n_e_clone_96,0x00342050,0x003421e0,0x190
blend_state_is_idle_clone_11,0x003421e0,0x00342214,0x34
field_is_null,0x00342220,0x00342230,0x10
blend_state_is_idle_clone_12,0x00342230,0x00342254,0x24
wrap_obj_update_curve_interp_d,0x00342260,0x003422c8,0x68
set_field_byte_imm_e,0x003422d0,0x003422f0,0x20
set_field_byte_imm_f,0x003422f0,0x00342310,0x20
sub_342310,0x00342310,0x003423b0,0xa0
obj_set_fields___,0x003423b0,0x003423e8,0x38
obj_set_fields___,0x003423f0,0x00342420,0x30
obj_flag_conditional_set_o,0x00342420,0x00342450,0x30
obj_flag_conditional_set_p,0x00342450,0x00342480,0x30
obj_flag_conditional_set_q,0x00342480,0x003424b0,0x30
obj_set_fields___,0x003424b0,0x00342510,0x60
sub_342510,0x00342510,0x003425ec,0xdc
sub_3425F0,0x003425f0,0x003426cc,0xdc
return_const_1_z_104,0x003426d0,0x003426d8,0x8
obj_update_curve_interp_e,0x003426e0,0x00342838,0x158
mem_fill_z_37_clone_05,0x00342840,0x00342a48,0x208
mem_fill_z_37_clone_06,0x00342a50,0x00342d4c,0x2fc
sub_342D50,0x00342d50,0x00342d7c,0x2c
sub_342D80,0x00342d80,0x0034303c,0x2bc
obj_sub_3040,0x00343040,0x00343118,0xd8
noop_wrapper__,0x00343120,0x00343188,0x68
obj_set_fields_z_226,0x00343190,0x00343224,0x94
sub_343230,0x00343230,0x0034343c,0x20c
field_is_null_b,0x00343440,0x00343450,0x10
noop_wrapper_z_511,0x00343450,0x00343460,0x10
noop_wrapper_z_512,0x00343460,0x00343470,0x10
noop_wrapper_z_513,0x00343470,0x00343480,0x10
sub_343490,0x00343490,0x003434fc,0x6c
pool_entry_pop_clone_01,0x00343500,0x00343560,0x60
fighter_track_slot_ctor_clone_21,0x00343560,0x003435dc,0x7c
sub_3435E0,0x003435e0,0x00343644,0x64
sub_343650,0x00343650,0x003437d0,0x180
state_byte_transition_w_clone_01,0x003437d0,0x00343a94,0x2c4
pool_entry_push_b_0_clone_09,0x00343aa0,0x00343b94,0xf4
sub_343BA0,0x00343ba0,0x00343c18,0x78
obj_set_field_pair___,0x00343c20,0x00343c2c,0xc
obj_set_field_pair___,0x00343c30,0x00343c3c,0xc
obj_set_field_pair___,0x00343c40,0x00343c4c,0xc
set_field_byte_imm_g,0x00343c50,0x00343c5c,0xc
set_field_byte_imm_h,0x00343c60,0x00343c84,0x24
blend_state_is_idle_clone_13,0x00343c90,0x00343cc8,0x38
noop_wrapper_z_514,0x00343cd0,0x00343ce0,0x10
field_is_null_c,0x00343ce0,0x00343cf0,0x10
noop_wrapper_z_515,0x00343cf0,0x00343d08,0x18
curve_interp_call_p,0x00343d10,0x00343e04,0xf4
mem_alloc_single_e,0x00343e10,0x00343e24,0x14
sub_343E30,0x00343e30,0x00343e94,0x64
pass_identity_k,0x00343ea0,0x00343ec8,0x28
obj_set_fields___,0x00343ed0,0x00343f30,0x60
state_byte_transition_l_02,0x00343f30,0x00344038,0x108
curve_interp_call_q,0x00344040,0x00344130,0xf0
obj_set_fields___,0x00344130,0x00344158,0x28
noop_wrapper_z_516,0x00344160,0x00344170,0x10
set_field_byte_imm_i,0x00344170,0x0034419c,0x2c
field_is_null_d,0x003441a0,0x003441b0,0x10
obj_set_field_byte___,0x003441b0,0x003441b8,0x8
fighter_track_slot_ctor_clone_22,0x003441c0,0x00344230,0x70
sub_344230,0x00344230,0x003442a0,0x70
sub_3442A0,0x003442a0,0x0034439c,0xfc
obj_set_field_pair___,0x003443a0,0x003443e0,0x40
obj_set_fields___,0x003443e0,0x00344434,0x54
sub_344440,0x00344440,0x003445d8,0x198
str_copy_n_e_clone_97,0x003445e0,0x003448e0,0x300
noop_wrapper_z_517,0x003448e0,0x003448ec,0xc
set_field_byte_imm_j,0x003448f0,0x00344914,0x24
set_field_byte_imm_k,0x00344920,0x00344944,0x24
noop_wrapper_z_518,0x00344950,0x00344960,0x10
field_is_null_e,0x00344960,0x00344970,0x10
obj_set_field_byte_,0x00344970,0x00344978,0x8
obj_ctor_init_n_clone_24,0x00344980,0x00344abc,0x13c
obj_set_field_pair___,0x00344ac0,0x00344acc,0xc
noop_seq_var_10_z_52,0x00344ad0,0x00344b20,0x50
sub_344B20,0x00344b20,0x00344ba8,0x88
sub_344BB0,0x00344bb0,0x00344d2c,0x17c
sub_344D30,0x00344d30,0x00344dac,0x7c
state_byte_transition_p,0x00344db0,0x00345030,0x280
sub_345030,0x00345030,0x00345088,0x58
obj_set_fields_e,0x00345090,0x003450e4,0x54
state_byte_transition_q,0x003450f0,0x00345194,0xa4
noop_wrapper_z_519,0x003451a0,0x003451ec,0x4c
noop_wrapper_z_520,0x003451f0,0x00345200,0x10
field_is_null_f,0x00345200,0x00345210,0x10
state_sub_5210,0x00345210,0x003452d8,0xc8
state_byte_transition_r,0x003452e0,0x00345378,0x98
state_byte_transition_s,0x00345380,0x0034548c,0x10c
wrap_wrap_obj_set_flags_clone_07,0x00345490,0x003454f8,0x68
obj_set_fields___,0x00345500,0x00345514,0x14
sub_345520,0x00345520,0x00345614,0xf4
curve_interp_call_r,0x00345620,0x00345740,0x120
curve_interp_call_s,0x00345740,0x00345814,0xd4
obj_set_fields___,0x00345820,0x00345834,0x14
sub_345840,0x00345840,0x003458b4,0x74
sub_3458C0,0x003458c0,0x0034593c,0x7c
obj_set_fields___39_0,0x00345940,0x00345a74,0x134
sub_345A80,0x00345a80,0x00345b1c,0x9c
set_field_byte_imm_l,0x00345b20,0x00345b30,0x10
obj_set_field_pair___,0x00345b30,0x00345b58,0x28
state_byte_transition_t,0x00345b60,0x00345c30,0xd0
sub_345C30,0x00345c30,0x00345dfc,0x1cc
sub_345E00,0x00345e00,0x00346208,0x408
str_copy_n_13,0x00346210,0x003462e4,0xd4
obj_field8_clear_clone_01,0x003462f0,0x00346394,0xa4
sub_3463A0,0x003463a0,0x00346440,0xa0
str_copy_n_e_clone_98,0x00346440,0x00346758,0x318
obj_flag_conditional_set_b_1_clone_01,0x00346760,0x003467a0,0x40
noop_wrapper_z_521,0x003467a0,0x003467a8,0x8
str_sub_67b0,0x003467b0,0x00346ae0,0x330
sub_346AE0,0x00346ae0,0x00346bbc,0xdc
obj_set_flag_b,0x00346bc0,0x00346be8,0x28
sub_346BF0,0x00346bf0,0x00346c9c,0xac
sub_346CA0,0x00346ca0,0x00346db4,0x114
sub_346DC0,0x00346dc0,0x00346e20,0x60
obj_set_field_pair___,0x00346e20,0x00346e60,0x40
mem_alloc_single_f,0x00346e60,0x00346e74,0x14
sub_346E80,0x00346e80,0x00346f24,0xa4
sub_346F30,0x00346f30,0x00346fb4,0x84
sub_346FC0,0x00346fc0,0x0034713c,0x17c
wrap_wrap_obj_set_flags_clone_08,0x00347140,0x00347214,0xd4
sub_347220,0x00347220,0x003472cc,0xac
state_byte_transition_u,0x003472d0,0x00347434,0x164
curve_interp_call_t,0x00347440,0x003476f4,0x2b4
sub_347700,0x00347700,0x00347780,0x80
sub_347780,0x00347780,0x003477e4,0x64
sub_3477F0,0x003477f0,0x00347854,0x64
sub_347860,0x00347860,0x003478b4,0x54
sub_3478C0,0x003478c0,0x00347914,0x54
wrap_sub_347920,0x00347920,0x00347974,0x54
sub_347980,0x00347980,0x003479e0,0x60
sub_3479E0,0x003479e0,0x00347a40,0x60
noop_sub_7a40,0x00347a40,0x00347ef0,0x4b0
sub_347EF0,0x00347ef0,0x00347fb8,0xc8
sub_347FC0,0x00347fc0,0x00347ffc,0x3c
mem_compare_n_0_clone_45,0x00348000,0x00348158,0x158
hud_text_set,0x00348160,0x00348508,0x3a8
noop_wrapper_z_522,0x00348510,0x00348520,0x10
noop_wrapper_z_523,0x00348520,0x00348530,0x10
sub_348530,0x00348530,0x0034855c,0x2c
hud_text_activate,0x00348560,0x0034856c,0xc
set_field_byte_imm_b,0x00348570,0x00348590,0x20
noop_wrapper_z_524,0x00348590,0x003485a0,0x10
field_is_null,0x003485a0,0x003485b0,0x10
hud_text_is_active,0x003485b0,0x003485bc,0xc
sub_3485C0,0x003485c0,0x00348638,0x78
noop_wrapper_z_525,0x00348640,0x00348668,0x28
fighter_track_slot_ctor_clone_23,0x00348670,0x003487dc,0x16c
sub_3487E0,0x003487e0,0x00348904,0x124
sub_348910,0x00348910,0x00348f98,0x688
state_byte_transition_v,0x00348fa0,0x003497e4,0x844
sub_3497F0,0x003497f0,0x00349a00,0x210
return_const_12_b,0x00349a00,0x00349a08,0x8
sub_349A10,0x00349a10,0x00349bac,0x19c
mem_fill_z_55_clone_21,0x00349bb0,0x00349cac,0xfc
obj_set_fields___,0x00349cb0,0x00349cc0,0x10
state_byte_transition_w,0x00349cc0,0x00349f0c,0x24c
curve_interp_call_u,0x00349f10,0x0034a020,0x110
curve_interp_call_v,0x0034a020,0x0034a0e4,0xc4
sub_34A0F0,0x0034a0f0,0x0034a334,0x244
obj_set_fields_z_227,0x0034a340,0x0034a3f0,0xb0
mem_fill_z_37_clone_07,0x0034a3f0,0x0034a6a0,0x2b0
obj_set_field_pair___,0x0034a6a0,0x0034a6e0,0x40
mem_fill_z_129_0,0x0034a6e0,0x0034a7b8,0xd8
scene_node_requeue_clone_15,0x0034a7c0,0x0034a85c,0x9c
obj_set_fields___180_0,0x0034a860,0x0034a900,0xa0
sub_34A900,0x0034a900,0x0034aa74,0x174
script_expr_parse_primary_clone_01,0x0034aa80,0x0034ab20,0xa0
obj_set_field_pair___,0x0034ab20,0x0034ab64,0x44
sub_34AB70,0x0034ab70,0x0034abd4,0x64
sub_34ABE0,0x0034abe0,0x0034ac40,0x60
sub_34AC40,0x0034ac40,0x0034b104,0x4c4
sub_34B110,0x0034b110,0x0034b328,0x218
obj_ctor_init___246_0,0x0034b330,0x0034b388,0x58
sub_34B390,0x0034b390,0x0034b588,0x1f8
noop_wrapper_z_526,0x0034b590,0x0034b5a4,0x14
sub_34B5B0,0x0034b5b0,0x0034b668,0xb8
obj_set_field_byte___,0x0034b670,0x0034b678,0x8
noop_wrapper_z_527,0x0034b680,0x0034b690,0x10
field_is_null_g,0x0034b690,0x0034b6a0,0x10
obj_set_field_pair___,0x0034b6a0,0x0034b6c0,0x20
set_field_byte_imm_m,0x0034b6c0,0x0034b6d4,0x14
obj_flag_conditional_set_r,0x0034b6e0,0x0034b710,0x30
obj_flag_conditional_set_s,0x0034b710,0x0034b740,0x30
noop_sub_b740,0x0034b740,0x0034b7e0,0xa0
sub_34B7E0,0x0034b7e0,0x0034b868,0x88
vtable_dispatch___,0x0034b870,0x0034b8b8,0x48
wrap_get_global_var_b_0_d,0x0034b8c0,0x0034b8f0,0x30
wrap_vtable_dispatch_j_0_c,0x0034b8f0,0x0034b91c,0x2c
wrap_dual_vtable_invoke,0x0034b920,0x0034b954,0x34
wrap_vtable_dispatch_h,0x0034b960,0x0034b98c,0x2c
noop_seq_var_10_z_53,0x0034b990,0x0034b9d8,0x48
sub_34B9E0,0x0034b9e0,0x0034ba34,0x54
get_data_ptr_z_253,0x0034ba40,0x0034ba4c,0xc
return_const_3_y,0x0034ba50,0x0034ba58,0x8
get_data_ptr_u_0,0x0034ba60,0x0034ba6c,0xc
noop_wrapper_z_528,0x0034ba70,0x0034ba78,0x8
obj_ctor_init___,0x0034ba80,0x0034bae4,0x64
asm_reg_save_x,0x0034baf0,0x0034bb30,0x40
vtable_dispatch___,0x0034bb30,0x0034bb7c,0x4c
sub_34BB80,0x0034bb80,0x0034bcec,0x16c
vtable_dispatch___,0x0034bcf0,0x0034bd50,0x60
vtable_dispatch___,0x0034bd50,0x0034bd84,0x34
vtable_dispatch_m_0_clone_08,0x0034bd90,0x0034bda8,0x18
sub_34BDB0,0x0034bdb0,0x0034be24,0x74
vtable_dispatch___,0x0034be30,0x0034be60,0x30
return_const_1_z_105,0x0034be60,0x0034be68,0x8
noop___,0x0034be70,0x0034be78,0x8
sub_34BE80,0x0034be80,0x0034c03c,0x1bc
vtable_dispatch___,0x0034c040,0x0034c074,0x34
sub_34C080,0x0034c080,0x0034c088,0x8
sub_34C090,0x0034c090,0x0034c15c,0xcc
sub_34C160,0x0034c160,0x0034c2a8,0x148
sub_34C2B0,0x0034c2b0,0x0034c418,0x168
wrap_sound_play_3d_d,0x0034c420,0x0034c440,0x20
get_data_ptr_z_254,0x0034c440,0x0034c44c,0xc
sub_34C450,0x0034c450,0x0034c57c,0x12c
sub_34C580,0x0034c580,0x0034c620,0xa0
vtable_dispatch___,0x0034c620,0x0034c654,0x34
mem_fill_z_254,0x0034c660,0x0034c6b4,0x54
vtable_dispatch_y_clone_02,0x0034c6c0,0x0034c71c,0x5c
noop_sub_c720,0x0034c720,0x0034c854,0x134
noop_sub_c860,0x0034c860,0x0034c8e4,0x84
curve_interp_call_w,0x0034c8f0,0x0034ca14,0x124
noop_wrapper___,0x0034ca20,0x0034caac,0x8c
sub_34CAB0,0x0034cab0,0x0034cb54,0xa4
curve_interp_call_x,0x0034cb60,0x0034cc84,0x124
curve_interp_call_y,0x0034cc90,0x0034cd1c,0x8c
noop_sub_cd20,0x0034cd20,0x0034ced0,0x1b0
singleton_lazy_init_0_clone_06,0x0034ced0,0x0034cf7c,0xac
singleton_lazy_init_0_clone_07,0x0034cf80,0x0034d040,0xc0
sub_34D040,0x0034d040,0x0034d2b8,0x278
mem_fill_z_255,0x0034d2c0,0x0034d590,0x2d0
noop_sub_d590,0x0034d590,0x0034d7a4,0x214
state_sub_d7b0,0x0034d7b0,0x0034d808,0x58
state_byte_transition_k_2,0x0034d810,0x0034d8d4,0xc4
noop_wrapper__,0x0034d8e0,0x0034d910,0x30
noop_wrapper___,0x0034d910,0x0034d95c,0x4c
noop_wrapper___,0x0034d960,0x0034d9ac,0x4c
noop___,0x0034d9b0,0x0034d9b8,0x8
noop_wrapper___,0x0034d9c0,0x0034d9e8,0x28
sub_34D9F0,0x0034d9f0,0x0034da88,0x98
sub_34DA90,0x0034da90,0x0034db4c,0xbc
sub_34DB50,0x0034db50,0x0034dc2c,0xdc
obj_set_fields___53_0,0x0034dc30,0x0034dc4c,0x1c
noop_wrapper_z_529,0x0034dc50,0x0034dc60,0x10
state_byte_transition_x,0x0034dc60,0x0034de74,0x214
noop_wrapper___,0x0034de80,0x0034de98,0x18
noop_wrapper___,0x0034dea0,0x0034debc,0x1c
noop_wrapper___,0x0034dec0,0x0034dedc,0x1c
state_byte_transition_y,0x0034dee0,0x0034df58,0x78
noop_wrapper_z_530,0x0034df60,0x0034df70,0x10
sub_34DF70,0x0034df70,0x0034e0e8,0x178
noop_wrapper___,0x0034e0f0,0x0034e108,0x18
sub_34E110,0x0034e110,0x0034e428,0x318
singleton_lazy_init__04,0x0034e430,0x0034e668,0x238
state_sub_c240_clone_08,0x0034e670,0x0034e70c,0x9c
sub_34E710,0x0034e710,0x0034e7a0,0x90
obj_set_fields_z_228,0x0034e7a0,0x0034e81c,0x7c
sub_34E820,0x0034e820,0x0034ead4,0x2b4
return_zero___,0x0034eae0,0x0034eae8,0x8
vtable_dispatch___104_clone_01,0x0034eaf0,0x0034eb70,0x80
sub_34EB70,0x0034eb70,0x0034ec1c,0xac
sub_34EC20,0x0034ec20,0x0034ef80,0x360
sub_34EF80,0x0034ef80,0x0034f010,0x90
obj_set_field_pair_k_0,0x0034f010,0x0034f024,0x14
obj_set_field_pair_l_0,0x0034f030,0x0034f044,0x14
sub_34F050,0x0034f050,0x0034f170,0x120
blend_state_is_idle_clone_14,0x0034f170,0x0034f204,0x94
sub_34F210,0x0034f210,0x0034f52c,0x31c
state_byte_transition_z,0x0034f530,0x0034f58c,0x5c
sub_34F590,0x0034f590,0x0034f664,0xd4
str_sub_f670,0x0034f670,0x0034f680,0x10
state_byte_transition__,0x0034f680,0x0034f704,0x84
state_byte_transition__,0x0034f710,0x0034f798,0x88
noop_wrapper___,0x0034f7a0,0x0034f7cc,0x2c
noop_wrapper___,0x0034f7d0,0x0034f7f0,0x20
mem_fill_z_256,0x0034f7f0,0x0034fa88,0x298
obj_set_fields_l_2,0x0034fa90,0x0034fac4,0x34
sub_34FAD0,0x0034fad0,0x0034fbc4,0xf4
str_sub_fbd0,0x0034fbd0,0x0034fcdc,0x10c
obj_set_field_pair___,0x0034fce0,0x0034fcf0,0x10
vtable_dispatch___,0x0034fcf0,0x0034fd20,0x30
sub_34FD20,0x0034fd20,0x0034fe5c,0x13c
sub_34FE60,0x0034fe60,0x0034ffc4,0x164
noop_wrapper_z_531,0x0034ffd0,0x0034ffe0,0x10
noop_wrapper_z_532,0x0034ffe0,0x0034fff0,0x10
state_byte_transition__,0x0034fff0,0x00350198,0x1a8
noop_wrapper___,0x003501a0,0x003501c4,0x24
noop_wrapper___,0x003501d0,0x003501e8,0x18
state_byte_transition__,0x003501f0,0x0035025c,0x6c
str_sub_0260,0x00350260,0x00350270,0x10
sub_350270,0x00350270,0x003502ec,0x7c
fighter_track_tick_clone_16,0x003502f0,0x003505e8,0x2f8
sub_3505F0,0x003505f0,0x00350778,0x188
obj_set_fields_h_0_clone_03,0x00350780,0x003507f0,0x70
fighter_track_slot_ctor_clone_24,0x003507f0,0x00350848,0x58
sub_350850,0x00350850,0x003508d4,0x84
mem_compare_n_0_clone_46,0x003508e0,0x00350bbc,0x2dc
set_field_byte_imm_n,0x00350bc0,0x00350bcc,0xc
state_byte_transition_i_2,0x00350bd0,0x00350d10,0x140
sub_350D10,0x00350d10,0x00350d5c,0x4c
noop_wrapper___,0x00350d60,0x00350dac,0x4c
wrap_obj_update_curve_interp_d_clone_06,0x00350db0,0x00350e08,0x58
wrap_obj_update_curve_interp_d_clone_07,0x00350e10,0x00350e64,0x54
wrap_obj_update_curve_interp_e,0x00350e70,0x00350eb0,0x40
wrap_obj_update_curve_interp_f,0x00350eb0,0x00350ef0,0x40
blend_state_is_idle_clone_15,0x00350ef0,0x00350f14,0x24
noop_wrapper_z_533,0x00350f20,0x00350f44,0x24
str_copy_n_14,0x00350f50,0x00350f78,0x28
noop_wrapper_z_534,0x00350f80,0x00350f90,0x10
field_is_null_h,0x00350f90,0x00350fa0,0x10
sub_350FA0,0x00350fa0,0x00351024,0x84
noop_wrapper___,0x00351030,0x00351044,0x14
noop_wrapper___,0x00351050,0x00351090,0x40
obj_set_field_byte___,0x00351090,0x00351098,0x8
obj_set_fields___,0x003510a0,0x00351108,0x68
sub_351110,0x00351110,0x0035117c,0x6c
noop_sub_1180,0x00351180,0x003512b0,0x130
obj_field8_clear_clone_02,0x003512b0,0x00351350,0xa0
sub_351350,0x00351350,0x003513b4,0x64
set_field_byte_imm_o,0x003513c0,0x003513e8,0x28
set_field_byte_imm_p,0x003513f0,0x00351414,0x24
blend_state_is_idle_clone_16,0x00351420,0x00351444,0x24
noop_wrapper_z_535,0x00351450,0x003514f4,0xa4
curve_interp_call_z,0x00351500,0x0035178c,0x28c
fighter_track_slot_ctor_clone_25,0x00351790,0x0035187c,0xec
sub_351880,0x00351880,0x00351944,0xc4
str_copy_n_e_clone_99,0x00351950,0x00351cc0,0x370
sub_351CC0,0x00351cc0,0x00351e20,0x160
noop___,0x00351e20,0x00351e28,0x8
str_copy_n_e_clone_100,0x00351e30,0x00352040,0x210
str_copy_n_e_clone_101,0x00352040,0x00352198,0x158
sub_3521A0,0x003521a0,0x00352234,0x94
str_copy_n_e_clone_102,0x00352240,0x003523ac,0x16c
noop_seq_var_10_z_54,0x003523b0,0x003523e4,0x34
sub_3523F0,0x003523f0,0x003524ac,0xbc
obj_update_curve_interp_f,0x003524b0,0x0035266c,0x1bc
noop_wrapper_z_536,0x00352670,0x003526bc,0x4c
obj_ctor_init_n_clone_25,0x003526c0,0x0035278c,0xcc
noop_sub_2790,0x00352790,0x00352810,0x80
set_field_byte_imm_q,0x00352810,0x00352838,0x28
set_field_byte_imm_r,0x00352840,0x00352864,0x24
noop_wrapper_z_537,0x00352870,0x00352880,0x10
field_is_null_i,0x00352880,0x00352890,0x10
wrap_obj_ctor_base,0x00352890,0x003528cc,0x3c
sub_3528D0,0x003528d0,0x00352930,0x60
sub_352930,0x00352930,0x003529b4,0x84
state_sub_29c0,0x003529c0,0x00352a14,0x54
obj_update_curve_interp_g,0x00352a20,0x00352b14,0xf4
vtable_dispatch___,0x00352b20,0x00352b68,0x48
noop_wrapper_z_538,0x00352b70,0x00352b98,0x28
obj_update_curve_interp_h,0x00352ba0,0x00352c98,0xf8
obj_set_fields___,0x00352ca0,0x00352cb0,0x10
obj_set_field_pair___,0x00352cb0,0x00352cbc,0xc
obj_ctor_init___652_clone_01,0x00352cc0,0x00352d74,0xb4
obj_ctor_init_n_clone_26,0x00352d80,0x00352e30,0xb0
sub_352E30,0x00352e30,0x0035306c,0x23c
fighter_track_tick_clone_17,0x00353070,0x003533dc,0x36c
noop___,0x003533e0,0x003533e8,0x8
state_byte_transition__,0x003533f0,0x003535d8,0x1e8
state_byte_transition_l_0,0x003535e0,0x003536d0,0xf0
obj_update_curve_interp_i,0x003536d0,0x003537dc,0x10c
obj_update_curve_interp_j,0x003537e0,0x00353894,0xb4
obj_update_curve_interp_k,0x003538a0,0x003539e8,0x148
obj_update_curve_interp,0x003539f0,0x00353c00,0x210
obj_set_fields___,0x00353c00,0x00353c10,0x10
obj_set_field_pair___,0x00353c10,0x00353c1c,0xc
sub_353C20,0x00353c20,0x00353c6c,0x4c
sub_353C70,0x00353c70,0x00353f1c,0x2ac
obj_set_field_pair___,0x00353f20,0x00353f2c,0xc
sub_353F30,0x00353f30,0x00353fe0,0xb0
sub_353FE0,0x00353fe0,0x00354068,0x88
vtable_dispatch___36_clone_13,0x00354070,0x003542a0,0x230
obj_set_field_pair___,0x003542a0,0x003542e0,0x40
fighter_track_slot_ctor_clone_26,0x003542e0,0x0035435c,0x7c
obj_set_fields_z_229,0x00354360,0x003543c4,0x64
sub_3543D0,0x003543d0,0x00354624,0x254
state_byte_transition_m_0,0x00354630,0x003547ac,0x17c
wrap_effect_spawn_colored,0x003547b0,0x003547dc,0x2c
get_field_ptr_n,0x003547e0,0x003547e8,0x8
sub_3547F0,0x003547f0,0x00354818,0x28
noop_wrapper_z_539,0x00354820,0x00354830,0x10
state_sub_4830,0x00354830,0x003548b0,0x80
get_field_val___,0x003548b0,0x003548b8,0x8
sub_3548C0,0x003548c0,0x00354a2c,0x16c
obj_update_curve_interp_m_clone_01,0x00354a30,0x00354b04,0xd4
state_byte_transition_n_0,0x00354b10,0x003551dc,0x6cc
scene_graph_flush_clone_12,0x003551e0,0x00355334,0x154
euler_to_quat_z_1_clone_04,0x00355340,0x00355490,0x150
sub_355490,0x00355490,0x003554d4,0x44
sub_3554E0,0x003554e0,0x00355564,0x84
sub_355570,0x00355570,0x003556a4,0x134
sub_3556B0,0x003556b0,0x00355720,0x70
sub_355720,0x00355720,0x0035576c,0x4c
get_global_var,0x00355770,0x00355778,0x8
sub_355780,0x00355780,0x003557e0,0x60
sub_3557E0,0x003557e0,0x00355828,0x48
sub_355830,0x00355830,0x00355890,0x60
obj_set_field_byte___,0x00355890,0x00355898,0x8
noop_wrapper_z_540,0x003558a0,0x003558a8,0x8
get_data_ptr_z_255,0x003558b0,0x003558bc,0xc
return_const_24,0x003558c0,0x003558c8,0x8
sub_3558D0,0x003558d0,0x00355934,0x64
return_zero_z_203,0x00355940,0x00355948,0x8
return_zero_z_204,0x00355950,0x00355958,0x8
return_zero_z_205,0x00355960,0x00355968,0x8
sub_355970,0x00355970,0x00355a60,0xf0
mem_fill_z_55_clone_22,0x00355a60,0x00355bc8,0x168
curve_interp_call__,0x00355bd0,0x00355cd0,0x100
noop_wrapper_z_541,0x00355cd0,0x00355ce0,0x10
scene_node_set_visible_clone_10,0x00355ce0,0x00355da8,0xc8
sub_355DB0,0x00355db0,0x00355dfc,0x4c
str_sub_1a00_clone_05,0x00355e00,0x00355f14,0x114
sub_355F20,0x00355f20,0x00355fd8,0xb8
sub_355FE0,0x00355fe0,0x003563a4,0x3c4
sub_3563B0,0x003563b0,0x00356578,0x1c8
sub_356580,0x00356580,0x0035661c,0x9c
noop___,0x00356620,0x00356628,0x8
sub_356630,0x00356630,0x00356854,0x224
noop_wrapper_z_542,0x00356860,0x00356870,0x10
get_field_val_z_75,0x00356870,0x00356884,0x14
asm_reg_save_y,0x00356890,0x003568d8,0x48
vtable_dispatch___94_0,0x003568e0,0x00356928,0x48
wrap_sub_356930,0x00356930,0x00356938,0x8
return_const_3_z,0x00356940,0x00356948,0x8
wrap_table_get_ptr_by_id_e,0x00356950,0x00356984,0x34
noop_z_321,0x00356990,0x00356998,0x8
wrap_vtable_dispatch_e_1,0x003569a0,0x00356a04,0x64
noop_z_322,0x00356a10,0x00356a18,0x8
get_data_ptr_z_256,0x00356a20,0x00356a2c,0xc
obj_ctor_init___,0x00356a30,0x00356abc,0x8c
fighter_track_slot_ctor_clone_27,0x00356ac0,0x00356b94,0xd4
sub_356BA0,0x00356ba0,0x00356cd0,0x130
fighter_track_slot_ctor_clone_28,0x00357200,0x0035727c,0x7c
sub_357280,0x00357280,0x0035744c,0x1cc
state_byte_transition___,0x00357450,0x00357760,0x310
sub_357760,0x00357760,0x003579b0,0x250
obj_update_curve_interp_l,0x003579b0,0x00357bbc,0x20c
state_byte_transition_q_02,0x00357bc0,0x00357d40,0x180
sub_357D40,0x00357d40,0x00357e08,0xc8
return_zero___,0x00357e10,0x00357e18,0x8
set_field_byte_imm_s,0x00357e20,0x00357e54,0x34
set_field_byte_imm_t,0x00357e60,0x00357e8c,0x2c
noop_wrapper_z_543,0x00357e90,0x00357ea0,0x10
field_is_null_j,0x00357ea0,0x00357eb0,0x10
obj_set_field_byte_c,0x00357eb0,0x00357eb8,0x8
state_sub_7ec0,0x00357ec0,0x00357ecc,0xc
obj_flag_conditional_set_t,0x00357ed0,0x00357f10,0x40
get_field_val___,0x00357f10,0x00357f18,0x8
obj_set_field_byte___,0x00357f20,0x00357f28,0x8
get_field_val___,0x00357f30,0x00357f38,0x8
move_input_advance_b_clone_13,0x00357f40,0x00358028,0xe8
mem_fill_z_257,0x00358030,0x00358108,0xd8
sub_358110,0x00358110,0x00358144,0x34
sub_358150,0x00358150,0x00358230,0xe0
mem_fill_z_146_clone_02,0x00358230,0x00358494,0x264
noop_wrapper___,0x003584a0,0x003584c8,0x28
sub_3584D0,0x003584d0,0x003586cc,0x1fc
mem_fill_z_258,0x003586d0,0x003587b0,0xe0
sub_3587B0,0x003587b0,0x00358aa0,0x2f0
noop_wrapper___,0x00358aa0,0x00358af8,0x58
mem_fill_z_259,0x00358b00,0x00358df8,0x2f8
sub_358E00,0x00358e00,0x00358f8c,0x18c
mem_fill_z_265_clone_03,0x00358f90,0x00359164,0x1d4
mem_fill_z_55_clone_23,0x00359170,0x00359544,0x3d4
mem_fill_s_1,0x00359550,0x00359688,0x138
fighter_track_slot_ctor_clone_29,0x00359690,0x0035976c,0xdc
sub_359770,0x00359770,0x00359850,0xe0
obj_set_fields_z_12,0x00359850,0x003598a0,0x50
obj_ctor_init___,0x003598a0,0x003598e4,0x44
sub_3598F0,0x003598f0,0x00359994,0xa4
obj_set_fields_z_230,0x003599a0,0x00359a14,0x74
noop_z_323,0x00359a20,0x00359a28,0x8
sub_359A30,0x00359a30,0x00359a74,0x44
noop_z_324,0x00359a80,0x00359a88,0x8
noop_seq_var_10_z_55,0x00359a90,0x00359ad8,0x48
sub_359AE0,0x00359ae0,0x00359aec,0xc
vtable_dispatch___5_clone_08,0x00359af0,0x00359b28,0x38
wrap_get_global_var_b_0_e,0x00359b30,0x00359b60,0x30
set_field_byte_imm_j_clone_01,0x00359b60,0x00359bc4,0x64
sub_359BD0,0x00359bd0,0x00359c58,0x88
vtable_dispatch___5_clone_09,0x00359c60,0x00359cac,0x4c
CAppMenuMain_Tick_clone_03,0x00359cb0,0x00359db4,0x104
sub_359DC0,0x00359dc0,0x00359ec4,0x104
get_data_ptr_z_257,0x00359ed0,0x00359edc,0xc
return_const_4_z_11,0x00359ee0,0x00359ee8,0x8
get_data_ptr_v_0,0x00359ef0,0x00359efc,0xc
noop_wrapper_z_544,0x00359f00,0x00359f08,0x8
obj_set_fields_z_231,0x00359f10,0x00359f8c,0x7c
sub_359F90,0x00359f90,0x0035a0b4,0x124
sub_35A0C0,0x0035a0c0,0x0035a2bc,0x1fc
noop___,0x0035a2c0,0x0035a2c8,0x8
singleton_lazy_init_0_clone_08,0x0035a2d0,0x0035a378,0xa8
asm_reg_save_z,0x0035a380,0x0035a3b0,0x30
sub_35A3B0,0x0035a3b0,0x0035a440,0x90
sub_35A440,0x0035a440,0x0035a4d0,0x90
sub_35A4D0,0x0035a4d0,0x0035a6ec,0x21c
noop___,0x0035a6f0,0x0035a6f8,0x8
curve_interp_call___11,0x0035a700,0x0035a7e4,0xe4
AudioSysInit_clone_01,0x0035a7f0,0x0035a894,0xa4
obj_set_fields_z_232,0x0035a8a0,0x0035a938,0x98
obj_ctor_init___,0x0035a940,0x0035a988,0x48
noop_wrapper_z_545,0x0035a990,0x0035a99c,0xc
noop_seq_var_10_z_56,0x0035a9a0,0x0035aa58,0xb8
sub_35AA60,0x0035aa60,0x0035ab04,0xa4
state_byte_transition_l_2,0x0035ab10,0x0035accc,0x1bc
sub_35ACD0,0x0035acd0,0x0035ad44,0x74
singleton_lazy_init_l_0,0x0035ad50,0x0035ae3c,0xec
singleton_lazy_init_y_clone_07,0x0035ae40,0x0035af64,0x124
pool_entry_push___17_0,0x0035af70,0x0035b054,0xe4
return_const_2_z_3,0x0035b060,0x0035b068,0x8
wrap_table_get_ptr_by_id_f,0x0035b070,0x0035b0a4,0x34
wrap_vtable_dispatch_e_d,0x0035b0b0,0x0035b0bc,0xc
wrap_vtable_dispatch_e_b_0,0x0035b0c0,0x0035b108,0x48
get_data_ptr_z_258,0x0035b110,0x0035b11c,0xc
noop_wrapper_z_546,0x0035b120,0x0035b128,0x8
obj_ctor_init___,0x0035b130,0x0035b1d8,0xa8
asm_reg_save_z_0,0x0035b1e0,0x0035b228,0x48
noop_seq_var_10_z_57,0x0035b230,0x0035b288,0x58
sub_35B290,0x0035b290,0x0035b298,0x8
j_stream_parser_tick_clone_05,0x0035b2a0,0x0035b2a8,0x8
return_const_3_z_0,0x0035b2b0,0x0035b2b8,0x8
wrap_table_get_ptr_by_id_g,0x0035b2c0,0x0035b2f4,0x34
noop_z_325,0x0035b300,0x0035b308,0x8
wrap_vtable_dispatch_e_c_0,0x0035b310,0x0035b374,0x64
noop_z_326,0x0035b380,0x0035b388,0x8
get_data_ptr_z_259,0x0035b390,0x0035b39c,0xc
noop_wrapper_z_547,0x0035b3a0,0x0035b3a8,0x8
obj_ctor_init___,0x0035b3b0,0x0035b43c,0x8c
noop_seq_var_10_z_58,0x0035b440,0x0035b49c,0x5c
vtable_dispatch___95_0,0x0035b4a0,0x0035b4ec,0x4c
sub_35B4F0,0x0035b4f0,0x0035b578,0x88
mem_compare_n_0_clone_47,0x0035b580,0x0035b6c4,0x144
sub_35B6D0,0x0035b6d0,0x0035b760,0x90
noop_wrapper_z_548,0x0035b760,0x0035b768,0x8
sub_35B770,0x0035b770,0x0035b7fc,0x8c
pass_identity_d_clone_118,0x0035b800,0x0035b82c,0x2c
sub_35B830,0x0035b830,0x0035b8b0,0x80
scene_node_set_visible_clone_11,0x0035b8b0,0x0035b960,0xb0
pool_entry_push___18_0,0x0035b960,0x0035ba4c,0xec
return_const_2_z_4,0x0035ba50,0x0035ba58,0x8
wrap_table_get_ptr_by_id_h,0x0035ba60,0x0035ba94,0x34
wrap_vtable_dispatch_e_d_0,0x0035baa0,0x0035bae8,0x48
noop_z_327,0x0035baf0,0x0035baf8,0x8
get_data_ptr_z_260,0x0035bb00,0x0035bb0c,0xc
noop_wrapper_z_549,0x0035bb10,0x0035bb18,0x8
obj_ctor_init_n_clone_27,0x0035bb20,0x0035bc1c,0xfc
sub_35BC20,0x0035bc20,0x0035bc84,0x64
sub_35BC90,0x0035bc90,0x0035bd00,0x70
obj_set_fields_z_13,0x0035bd00,0x0035bd40,0x40
sub_35BD40,0x0035bd40,0x0035bdf4,0xb4
obj_update_curve_interp_m,0x0035be00,0x0035bfac,0x1ac
vtable_dispatch___,0x0035bfb0,0x0035c000,0x50
sub_35C000,0x0035c000,0x0035c058,0x58
noop_seq_var_10_z_59,0x0035c060,0x0035c0a8,0x48
obj_ctor_init___,0x0035c0b0,0x0035c140,0x90
sub_35C140,0x0035c140,0x0035c23c,0xfc
state_byte_transition_r_1,0x0035c240,0x0035c738,0x4f8
noop_seq_var_10_z_60,0x0035c740,0x0035c7ac,0x6c
obj_ctor_init___,0x0035c7b0,0x0035c830,0x80
noop_wrapper___,0x0035c830,0x0035c874,0x44
noop_seq_var_10_z_61,0x0035c880,0x0035c8c8,0x48
obj_ctor_init___,0x0035c8d0,0x0035c960,0x90
noop_seq_var_10_z_62,0x0035c960,0x0035c9a8,0x48
sub_35C9B0,0x0035c9b0,0x0035cc94,0x2e4
obj_set_fields_z_233,0x0035cca0,0x0035ccf4,0x54
sub_35CD00,0x0035cd00,0x0035cd60,0x60
wrap_euler_to_quat_z_23,0x0035cd60,0x0035cd6c,0xc
wrap_sub_326140,0x0035cd70,0x0035cd84,0x14
sub_35CD90,0x0035cd90,0x0035cd9c,0xc
EngineUpdate_clone_15,0x0035cda0,0x0035cde0,0x40
sub_35CDE0,0x0035cde0,0x0035ce6c,0x8c
sub_35CE70,0x0035ce70,0x0035cf64,0xf4
PadSysInit_clone_11,0x0035cf70,0x0035d150,0x1e0
sub_35D150,0x0035d150,0x0035d24c,0xfc
vtable_dispatch___,0x0035d250,0x0035d29c,0x4c
sub_35D2A0,0x0035d2a0,0x0035d34c,0xac
vtable_dispatch___,0x0035d350,0x0035d378,0x28
sub_35D380,0x0035d380,0x0035d450,0xd0
vtable_dispatch___5_clone_10,0x0035d450,0x0035d4ac,0x5c
noop_seq_var_10_z_63,0x0035d4b0,0x0035d4f8,0x48
sub_35D500,0x0035d500,0x0035d558,0x58
get_data_ptr_z_261,0x0035d560,0x0035d56c,0xc
obj_set_fields_z_234,0x0035d570,0x0035d5dc,0x6c
sub_35D5E0,0x0035d5e0,0x0035d640,0x60
obj_ctor_init___,0x0035d640,0x0035d6c0,0x80
obj_ctor_init___,0x0035d6c0,0x0035d750,0x90
obj_ctor_init___,0x0035d750,0x0035d7d0,0x80
obj_ctor_init___,0x0035d7d0,0x0035d840,0x70
sub_35D840,0x0035d840,0x0035d910,0xd0
slerp_quat_c_clone_11,0x0035d910,0x0035df50,0x640
noop_seq_var_10_z_64,0x0035df50,0x0035dfbc,0x6c
sub_35DFC0,0x0035dfc0,0x0035e08c,0xcc
vtable_dispatch___,0x0035e090,0x0035e0c8,0x38
state_byte_transition_o_0,0x0035e0d0,0x0035e270,0x1a0
noop_wrapper___,0x0035e270,0x0035e2a4,0x34
sub_35E2B0,0x0035e2b0,0x0035e310,0x60
wrap_obj_dispatch_vtable10_c,0x0035e310,0x0035e370,0x60
wrap_obj_dispatch_vtable0c_c,0x0035e370,0x0035e3e0,0x70
wrap_obj_dispatch_vtable14_c,0x0035e3e0,0x0035e440,0x60
sub_35E440,0x0035e440,0x0035e5d8,0x198
sub_35E5E0,0x0035e5e0,0x0035e660,0x80
sub_35E660,0x0035e660,0x0035e75c,0xfc
CAppFightStageView_Tick_clone_03,0x0035e760,0x0035e870,0x110
wrap_entity_tree_insert_and_init_c,0x0035e870,0x0035e8b4,0x44
return_zero___,0x0035e8c0,0x0035e8e0,0x20
wrap_singleton_lazy_init_b_c,0x0035e8e0,0x0035e924,0x44
get_data_ptr_z_262,0x0035e930,0x0035e93c,0xc
wrap_pool_entry_pop_b_n,0x0035e940,0x0035e98c,0x4c
obj_ctor_init___,0x0035e990,0x0035ea10,0x80
obj_ctor_init___,0x0035ea10,0x0035ea90,0x80
obj_ctor_init___,0x0035ea90,0x0035eb00,0x70
noop_seq_var_10_z_65,0x0035eb00,0x0035eb5c,0x5c
state_byte_transition_i_06,0x0035eb60,0x0035ed00,0x1a0
noop_wrapper___,0x0035ed00,0x0035ed34,0x34
sub_35ED40,0x0035ed40,0x0035eda0,0x60
sub_35EDA0,0x0035eda0,0x0035ee28,0x88
sub_35EE30,0x0035ee30,0x0035ee78,0x48
sub_35EE80,0x0035ee80,0x0035efc0,0x140
sub_35EFC0,0x0035efc0,0x0035f028,0x68
get_data_ptr_z_263,0x0035f030,0x0035f03c,0xc
wrap_pool_entry_pop_b_o,0x0035f040,0x0035f08c,0x4c
obj_ctor_init___,0x0035f090,0x0035f120,0x90
wrap_fighter_spawn_child_obj,0x0035f120,0x0035f12c,0xc
j_wrap_obj_register___42_4,0x0035f130,0x0035f138,0x8
sub_35F140,0x0035f140,0x0035f1b0,0x70
sub_35F1B0,0x0035f1b0,0x0035f2e0,0x130
CApp_Ukemi_Update_clone_06,0x0035f2e0,0x0035f9a4,0x6c4
noop_seq_var_10_z_66,0x0035f9b0,0x0035fa24,0x74
sub_35FA30,0x0035fa30,0x0035fb38,0x108
sub_35FB40,0x0035fb40,0x0035fc9c,0x15c
sub_35FCA0,0x0035fca0,0x0035fdcc,0x12c
sub_35FDD0,0x0035fdd0,0x0035fef0,0x120
noop_wrapper_z_550,0x0035fef0,0x0035ff04,0x14
noop_wrapper_z_551,0x0035ff10,0x0035ff24,0x14
obj_set_fields_z_235,0x0035ff30,0x0035ff84,0x54
sub_35FF90,0x0035ff90,0x00360084,0xf4
sub_360090,0x00360090,0x00360190,0x100
sub_360190,0x00360190,0x00360210,0x80
obj_set_fields_z_236,0x00360210,0x00360270,0x60
sub_360270,0x00360270,0x003603e8,0x178
sub_3603F0,0x003603f0,0x00360480,0x90
sub_360480,0x00360480,0x003604c8,0x48
noop_wrapper___,0x003604d0,0x003604f8,0x28
sub_360500,0x00360500,0x003605bc,0xbc
sub_3605C0,0x003605c0,0x0036064c,0x8c
sub_360650,0x00360650,0x0036076c,0x11c
sub_360770,0x00360770,0x00360800,0x90
str_sub_0800,0x00360800,0x00360808,0x8
vtable_dispatch___,0x00360810,0x00360850,0x40
noop_wrapper___,0x00360850,0x00360878,0x28
obj_sub_0880,0x00360880,0x00360898,0x18
vtable_dispatch_o_0_clone_106,0x003608a0,0x003608b4,0x14
vtable_dispatch_o_0_clone_107,0x003608c0,0x003608d4,0x14
vtable_dispatch_o_0_clone_108,0x003608e0,0x003608f4,0x14
sub_360900,0x00360900,0x003609c8,0xc8
return_const_1_z_106,0x003609d0,0x003609d8,0x8
noop_z_328,0x003609e0,0x003609e8,0x8
return_const_1_z_107,0x003609f0,0x003609f8,0x8
noop_wrapper_z_552,0x00360a00,0x00360a08,0x8
obj_set_field_pair_d,0x00360a10,0x00360a1c,0xc
get_field_val_z_76,0x00360a20,0x00360a28,0x8
get_field_val_z_77,0x00360a30,0x00360a38,0x8
sub_360A40,0x00360a40,0x00360a50,0x10
j_wrap_obj_motion_update_slot_clone_01,0x00360a50,0x00360a58,0x8
j_vtable_dispatch_y,0x00360a60,0x00360a68,0x8
singleton_sub_deb0_clone_07,0x00360a70,0x00360af8,0x88
vtable_dispatch___,0x00360b00,0x00360b3c,0x3c
singleton_get_mgr_c,0x00360b40,0x00360bb8,0x78
obj_ctor_init___,0x00360bc0,0x00360c30,0x70
wrap_obj_get_state_index_b,0x00360c30,0x00360c5c,0x2c
vtable_dispatch___,0x00360c60,0x00360ca0,0x40
state_byte_transition_p_0,0x00360ca0,0x00360fc0,0x320
noop_wrapper___,0x00360fc0,0x00360ff4,0x34
sub_361000,0x00361000,0x00361060,0x60
wrap_obj_dispatch_vtable10_d,0x00361060,0x003610c0,0x60
wrap_obj_dispatch_vtable0c_d,0x003610c0,0x00361130,0x70
wrap_obj_dispatch_vtable14_d,0x00361130,0x00361190,0x60
sub_361190,0x00361190,0x00361198,0x8
sub_3611A0,0x003611a0,0x00361310,0x170
sub_361310,0x00361310,0x003613ec,0xdc
CAppFightStageView_Tick_clone_04,0x003613f0,0x00361500,0x110
wrap_sub_361500,0x00361500,0x00361508,0x8
j_vtable_dispatch___71,0x00361510,0x00361518,0x8
wrap_sub_361520,0x00361520,0x00361540,0x20
get_data_ptr_z_264,0x00361540,0x0036154c,0xc
wrap_pool_entry_pop_b_p,0x00361550,0x0036159c,0x4c
obj_ctor_init___,0x003615a0,0x00361610,0x70
obj_ctor_init___,0x00361610,0x00361680,0x70
obj_ctor_init___,0x00361680,0x00361710,0x90
obj_ctor_init___,0x00361710,0x003617a0,0x90
vtable_dispatch___,0x003617a0,0x003617e0,0x40
vtable_dispatch___,0x003617e0,0x00361814,0x34
state_byte_transition_p_04,0x00361820,0x00361a68,0x248
wrap_obj_dispatch_vtable10_e,0x00361a70,0x00361ad0,0x60
wrap_obj_dispatch_vtable0c_e,0x00361ad0,0x00361b40,0x70
wrap_obj_dispatch_vtable14_e,0x00361b40,0x00361ba0,0x60
sub_361BA0,0x00361ba0,0x00361d10,0x170
sub_361D10,0x00361d10,0x00361e14,0x104
sub_361E20,0x00361e20,0x00361eb4,0x94
vtable_dispatch___,0x00361ec0,0x00361f00,0x40
CApp_CharaVS_Update_clone_07,0x00361f00,0x0036231c,0x41c
sub_362320,0x00362320,0x003623e4,0xc4
vtable_dispatch_r,0x003623f0,0x00362418,0x28
noop_wrapper___,0x00362420,0x00362454,0x34
sub_362460,0x00362460,0x003624c0,0x60
sub_3624C0,0x003624c0,0x0036255c,0x9c
obj_active_check_clone_05,0x00362560,0x003625a0,0x40
sub_3625A0,0x003625a0,0x00362798,0x1f8
sub_3627A0,0x003627a0,0x003629a4,0x204
sub_3629B0,0x003629b0,0x00362a80,0xd0
wrap_obj_advance_state_b,0x00362a80,0x00362ab4,0x34
sub_362AC0,0x00362ac0,0x00362ad8,0x18
obj_sub_ca60_clone_21,0x00362ae0,0x00362cb0,0x1d0
CAppFightStageView_Tick_clone_05,0x00362cb0,0x00362dc0,0x110
sub_362DC0,0x00362dc0,0x00362de0,0x20
sub_362DE0,0x00362de0,0x00362df8,0x18
vtable_dispatch___5_clone_11,0x00362e00,0x00362e44,0x44
sub_362E50,0x00362e50,0x00362eac,0x5c
CMemory_Init_clone_05,0x00362eb0,0x00362fa8,0xf8
noop_wrapper_z_553,0x00362fb0,0x00362fcc,0x1c
obj_clear_all_slots_clone_02,0x00362fd0,0x00363084,0xb4
sub_363090,0x00363090,0x003631d4,0x144
sub_3631E0,0x003631e0,0x003632a0,0xc0
obj_clear_all_slots_clone_03,0x003632a0,0x0036334c,0xac
get_data_ptr_z_265,0x00363350,0x0036335c,0xc
wrap_pool_entry_pop_b_q,0x00363360,0x003633ac,0x4c
obj_ctor_init___,0x003633b0,0x00363420,0x70
obj_ctor_init___,0x00363420,0x00363490,0x70
obj_ctor_init___,0x00363490,0x00363500,0x70
obj_ctor_init___,0x00363500,0x00363570,0x70
obj_ctor_init___,0x00363570,0x003635f0,0x80
obj_ctor_init___,0x003635f0,0x00363690,0xa0
obj_ctor_init___,0x00363690,0x00363730,0xa0
obj_ctor_init___,0x00363730,0x003637c0,0x90
obj_ctor_init___,0x003637c0,0x00363850,0x90
obj_ctor_init___,0x00363850,0x003638c0,0x70
obj_ctor_init___,0x003638c0,0x00363950,0x90
obj_ctor_init___,0x00363950,0x003639b8,0x68
obj_ctor_init___,0x003639c0,0x00363aa0,0xe0
sub_363AA0,0x00363aa0,0x00363b1c,0x7c
sub_363B20,0x00363b20,0x00363b9c,0x7c
noop_z_329,0x00363ba0,0x00363ba8,0x8
obj_set_fields___,0x00363bb0,0x00363be8,0x38
obj_copy_vec4_to_offset,0x00363bf0,0x00363bfc,0xc
state_try_advance_clone_01,0x00363c00,0x00363c50,0x50
mem_compare_n_0_clone_48,0x00363c50,0x00363d0c,0xbc
singleton_lazy_init_m_clone_05,0x00363d10,0x00363e08,0xf8
sub_363E10,0x00363e10,0x00363e90,0x80
sub_363E90,0x00363e90,0x00363ef0,0x60
vtable_dispatch_m_0_clone_09,0x00363ef0,0x00363f08,0x18
sub_363F10,0x00363f10,0x00363fc4,0xb4
sub_363FD0,0x00363fd0,0x00364054,0x84
sub_364060,0x00364060,0x00364198,0x138
singleton_lazy_init_m_clone_06,0x003641a0,0x0036424c,0xac
scene_node_requeue_clone_16,0x00364250,0x003642bc,0x6c
noop_z_330,0x003642c0,0x003642c8,0x8
get_data_ptr_z_266,0x003642d0,0x003642dc,0xc
obj_ctor_init_n_clone_28,0x003642e0,0x0036446c,0x18c
obj_set_fields___,0x00364470,0x003644d0,0x60
sub_3644D0,0x003644d0,0x00364688,0x1b8
sub_364690,0x00364690,0x00364788,0xf8
sub_364790,0x00364790,0x003648b8,0x128
obj_set_field_byte___,0x003648c0,0x003648c8,0x8
obj_set_fields_z_237,0x003648d0,0x0036490c,0x3c
obj_set_fields___,0x00364910,0x00364940,0x30
noop_wrapper_z_554,0x00364940,0x00364950,0x10
curve_interp_call__,0x00364950,0x00364b38,0x1e8
curve_interp_call__,0x00364b40,0x00364ba8,0x68
obj_update_curve_interp_n,0x00364bb0,0x00364e8c,0x2dc
get_global_var_n,0x00364e90,0x00364e98,0x8
pool_entry_pop_e_clone_06,0x00364ea0,0x00364efc,0x5c
sub_364F00,0x00364f00,0x00364f48,0x48
sub_364F50,0x00364f50,0x00364fb0,0x60
get_data_ptr_z_267,0x00364fb0,0x00364fbc,0xc
return_const_3_z_1,0x00364fc0,0x00364fc8,0x8
wrap_sound_get_volume_ptr,0x00364fd0,0x00365000,0x30
obj_ctor_init___0_clone_92,0x00365000,0x0036504c,0x4c
mem_fill_z_327_0,0x00365050,0x00365268,0x218
state_byte_transition___10_0,0x00365270,0x00365314,0xa4
sub_365320,0x00365320,0x003654fc,0x1dc
obj_flag_conditional_set_u,0x00365500,0x00365538,0x38
obj_set_fields___,0x00365540,0x0036555c,0x1c
obj_set_fields___,0x00365560,0x00365574,0x14
obj_set_fields___,0x00365580,0x003655a0,0x20
obj_update_curve_interp_o,0x003655a0,0x00365788,0x1e8
obj_set_fields___,0x00365790,0x003657f8,0x68
obj_set_field_pair___,0x00365800,0x0036586c,0x6c
obj_update_curve_interp_p,0x00365870,0x003659fc,0x18c
obj_ctor_init___,0x00365a00,0x00365a48,0x48
asm_reg_save_z_1,0x00365a50,0x00365aa0,0x50
input_state_update_clone_15,0x00365aa0,0x00365ae0,0x40
wrap_vtable_dispatch_b_b,0x00365ae0,0x00365b08,0x28
dual_vtable_invoke_c,0x00365b10,0x00365b58,0x48
vtable_dispatch_s,0x00365b60,0x00365b78,0x18
vtable_dispatch_m_0_clone_10,0x00365b80,0x00365b98,0x18
vtable_dispatch_m_0_clone_11,0x00365ba0,0x00365bb8,0x18
vtable_dispatch_t,0x00365bc0,0x00365bf0,0x30
return_zero___,0x00365bf0,0x00365bf8,0x8
sub_365C00,0x00365c00,0x00365c08,0x8
euler_to_quat_z_1_clone_05,0x00365c10,0x00365d0c,0xfc
vec4f_write_to_offset40_clone_04,0x00365d10,0x00365d44,0x34
wrap_obj_update_curve_interp_d_clone_08,0x00365d50,0x00365db4,0x64
return_const_4_z_12,0x00365dc0,0x00365dc8,0x8
noop_seq_var_10_z_67,0x00365dd0,0x00365e14,0x44
obj_set_field_byte___,0x00365e20,0x00365e28,0x8
obj_set_field_byte___,0x00365e30,0x00365e38,0x8
get_data_ptr_z_268,0x00365e40,0x00365e4c,0xc
sub_365E50,0x00365e50,0x00365ed0,0x80
noop_wrapper_z_555,0x00365ed0,0x00365edc,0xc
sub_365EE0,0x00365ee0,0x00365f2c,0x4c
noop_seq_var_10_z_68,0x00365f30,0x00365f78,0x48
noop_sub_5f80,0x00365f80,0x00365fe4,0x64
sub_365FF0,0x00365ff0,0x003662a0,0x2b0
euler_to_quat_z_23,0x003662a0,0x003669c8,0x728
sub_3669D0,0x003669d0,0x00366a84,0xb4
return_const_50_n,0x00366a90,0x00366a98,0x8
return_zero_z_206,0x00366aa0,0x00366aa8,0x8
mem_alloc_single_g,0x00366ab0,0x00366ac4,0x14
noop_seq_var_6290,0x00366ad0,0x00366b20,0x50
sub_366B20,0x00366b20,0x00366b98,0x78
sub_366BA0,0x00366ba0,0x00366d20,0x180
sub_366D20,0x00366d20,0x00366f94,0x274
sub_366FA0,0x00366fa0,0x003670b0,0x110
obj_update_curve_interp_q,0x003670b0,0x003671ec,0x13c
obj_set_euler_angles_clone_03,0x003671f0,0x00367420,0x230
sub_367420,0x00367420,0x003674f8,0xd8
sub_367500,0x00367500,0x003675d8,0xd8
sub_3675E0,0x003675e0,0x0036760c,0x2c
sub_367610,0x00367610,0x00367850,0x240
sub_367850,0x00367850,0x003679f0,0x1a0
noop_wrapper___,0x003679f0,0x00367a78,0x88
sub_367A80,0x00367a80,0x00367ab8,0x38
fighter_track_slot_ctor_clone_30,0x00367ac0,0x00367b3c,0x7c
obj_ctor_init_n_clone_29,0x00367b40,0x00367c20,0xe0
sub_367C20,0x00367c20,0x0036804c,0x42c
sub_368050,0x00368050,0x00368194,0x144
sub_3681A0,0x003681a0,0x003682f4,0x154
state_byte_transition___,0x00368300,0x00368484,0x184
state_byte_transition___,0x00368490,0x003686b8,0x228
set_field_byte_imm_u,0x003686c0,0x003686f4,0x34
set_field_byte_imm_v,0x00368700,0x0036872c,0x2c
noop_wrapper_z_556,0x00368730,0x00368740,0x10
field_is_null_k,0x00368740,0x00368750,0x10
obj_set_field_byte___,0x00368750,0x00368758,0x8
noop_wrapper_z_557,0x00368760,0x0036876c,0xc
flags_test_mask__,0x00368770,0x00368780,0x10
flags_test_mask__,0x00368780,0x00368790,0x10
flags_test_mask__,0x00368790,0x003687a0,0x10
flags_test_mask__,0x003687a0,0x003687b0,0x10
flags_test_mask__,0x003687b0,0x003687c0,0x10
wrap_mem_copy_j,0x003687c0,0x003687d4,0x14
mem_fill_z_260,0x003687e0,0x003688b8,0xd8
sub_3688C0,0x003688c0,0x00368924,0x64
sub_368930,0x00368930,0x00368b60,0x230
mem_compare_n_0_clone_49,0x00368b60,0x00368ec0,0x360
sub_368EC0,0x00368ec0,0x00368fcc,0x10c
mem_fill_z_261,0x00368fd0,0x00369518,0x548
mem_compare_n_0_clone_50,0x00369520,0x0036eee4,0x59c4
sub_36EEF0,0x0036eef0,0x0036f110,0x220
sub_36F110,0x0036f110,0x0036f130,0x20
obj_flag_conditional_set_v,0x0036f130,0x0036f170,0x40
obj_ctor_init___,0x0036f170,0x0036f1d0,0x60
obj_ctor_init_r_clone_05,0x0036f1d0,0x0036f3e4,0x214
obj_ctor_init_r_clone_06,0x0036f3f0,0x0036f4e0,0xf0
noop_z_331,0x0036f4e0,0x0036f4e8,0x8
obj_set_fields_z_14,0x0036f4f0,0x0036f500,0x10
wrap_vtable_dispatch_b_c,0x0036f500,0x0036f528,0x28
sub_36F530,0x0036f530,0x0036f728,0x1f8
vtable_dispatch___,0x0036f730,0x0036f784,0x54
noop_wrapper___,0x0036f790,0x0036f7d0,0x40
noop_seq_var_10_z_69,0x0036f7d0,0x0036f82c,0x5c
get_data_ptr_z_269,0x0036f830,0x0036f83c,0xc
obj_ctor_init_n_clone_30,0x0036f840,0x0036fab0,0x270
obj_ctor_init_r_clone_07,0x0036fab0,0x0036fba0,0xf0
sub_36FBA0,0x0036fba0,0x0036fc9c,0xfc
obj_ctor_init___,0x0036fca0,0x0036fce0,0x40
obj_set_fields___,0x0036fce0,0x0036fd10,0x30
obj_set_field_byte___,0x0036fd10,0x0036fd18,0x8
vtable_dispatch___5_clone_12,0x0036fd20,0x0036fd74,0x54
vtable_dispatch___5_clone_13,0x0036fd80,0x0036fdd0,0x50
noop_wrapper_z_558,0x0036fdd0,0x0036fddc,0xc
sub_36FDE0,0x0036fde0,0x0036fe64,0x84
sub_36FE70,0x0036fe70,0x0036fecc,0x5c
noop_wrapper_z_559,0x0036fed0,0x0036fee4,0x14
return_const_2_z_5,0x0036fef0,0x0036fef8,0x8
sub_36FF00,0x0036ff00,0x0036ff54,0x54
get_data_ptr_z_270,0x0036ff60,0x0036ff6c,0xc
obj_ctor_init___0_clone_93,0x0036ff70,0x0036ffac,0x3c
noop_seq_var_10_z_70,0x0036ffb0,0x00370004,0x54
sub_370010,0x00370010,0x003700c0,0xb0
timer_tick_and_check_clone_02,0x003700c0,0x00370118,0x58
input_state_update_clone_16,0x00370120,0x00370154,0x34
return_const_2_z_6,0x00370160,0x00370168,0x8
mem_fill_z_262,0x00370170,0x00370330,0x1c0
get_data_ptr_z_271,0x00370330,0x0037033c,0xc
noop_wrapper___,0x00370340,0x00370374,0x34
noop_seq_var_10_z_71,0x00370380,0x003703f0,0x70
wrap_vtable_sub_8950,0x003703f0,0x003703fc,0xc
mem_fill_z_263,0x00370400,0x003704a4,0xa4
sub_3704C0,0x003704c0,0x00370570,0xb0
get_data_ptr_z_272,0x00370570,0x0037057c,0xc
sub_370580,0x00370580,0x00370614,0x94
obj_ctor_init___0_clone_94,0x00370620,0x00370680,0x60
sub_370680,0x00370680,0x00370800,0x180
wrap_sub_370800,0x00370800,0x00370808,0x8
obj_set_field_byte___,0x00370810,0x00370818,0x8
state_try_advance_clone_02,0x00370820,0x00370880,0x60
return_const_10_d,0x00370880,0x00370888,0x8
wrap_sub_370890,0x00370890,0x00370898,0x8
noop_seq_var_10_z_72,0x003708a0,0x003708d4,0x34
wrap_dual_vtable_invoke_b,0x003708e0,0x00370924,0x44
sub_370930,0x00370930,0x00370a90,0x160
curve_interp_call__,0x00370a90,0x00370b5c,0xcc
wrap_vtable_dispatch_j,0x00370b60,0x00370ba4,0x44
j_stream_parser_tick_clone_05_0,0x00370bb0,0x00370bb8,0x8
noop_wrapper_z_560,0x00370bc0,0x00370bcc,0xc
sub_370BD0,0x00370bd0,0x00370c10,0x40
sub_370C10,0x00370c10,0x00370c6c,0x5c
wrap_vtable_dispatch_e_e,0x00370c70,0x00370c7c,0xc
obj_set_fields___204_0,0x00370c80,0x00370c9c,0x1c
sub_370CA0,0x00370ca0,0x00370d04,0x64
sub_370D10,0x00370d10,0x00370da0,0x90
noop_wrapper_x_3,0x00370da0,0x00370dd8,0x38
wrap_sound_play_default,0x00370de0,0x00370e3c,0x5c
mem_fill_z_264,0x00370e40,0x0037101c,0x1dc
get_data_ptr_z_273,0x00371020,0x0037102c,0xc
get_global_var,0x00371030,0x00371038,0x8
singleton_lazy_init_y_clone_08,0x00371040,0x003710c8,0x88
vtable_dispatch___,0x003710d0,0x0037110c,0x3c
sub_371110,0x00371110,0x00371180,0x70
sub_371180,0x00371180,0x003711f8,0x78
sub_371200,0x00371200,0x00371330,0x130
sub_371330,0x00371330,0x003713c8,0x98
obj_update_curve_interp_r,0x003713d0,0x00371528,0x158
sub_371530,0x00371530,0x0037157c,0x4c
sub_371580,0x00371580,0x003715e4,0x64
obj_set_fields___,0x003715f0,0x0037160c,0x1c
vtable_dispatch___,0x00371610,0x00371638,0x28
sub_371640,0x00371640,0x0037179c,0x15c
sub_3717A0,0x003717a0,0x00371840,0xa0
sub_371840,0x00371840,0x003718e0,0xa0
sub_3718E0,0x003718e0,0x00371ae8,0x208
mem_fill_z_265,0x00371af0,0x00371d28,0x238
obj_set_fields___17_0,0x00371d30,0x00371dd4,0xa4
set_field_byte_imm_w,0x00371de0,0x00371e14,0x34
set_field_byte_imm_x,0x00371e20,0x00371e4c,0x2c
noop_wrapper_z_561,0x00371e50,0x00371e60,0x10
field_is_null_l,0x00371e60,0x00371e70,0x10
mem_fill_z_266,0x00371e70,0x00371f48,0xd8
sub_371F50,0x00371f50,0x00371fa4,0x54
sub_371FB0,0x00371fb0,0x00372030,0x80
mem_fill_z_267,0x00372030,0x003721d4,0x1a4
mem_fill_z_268,0x003721e0,0x00372448,0x268
mem_fill_z_269,0x00372450,0x003726a4,0x254
sub_3726B0,0x003726b0,0x00372770,0xc0
sub_372770,0x00372770,0x00372878,0x108
sub_372880,0x00372880,0x003728d8,0x58
state_sub_28e0,0x003728e0,0x00372920,0x40
state_sub_2920,0x00372920,0x00372944,0x24
state_sub_2950,0x00372950,0x00372974,0x24
flags_test_mask___,0x00372980,0x00372990,0x10
flags_test_mask___,0x00372990,0x003729a0,0x10
noop_wrapper___,0x003729a0,0x003729d4,0x34
obj_set_fields_z_15,0x003729e0,0x00372a30,0x50
str_copy_n_e_clone_103,0x00372a30,0x00372e5c,0x42c
curve_interp_call___07,0x00372e60,0x00373210,0x3b0
sub_373210,0x00373210,0x003732b4,0xa4
sub_3732C0,0x003732c0,0x00373318,0x58
euler_to_quat_z_24,0x00373320,0x0037344c,0x12c
euler_to_quat_z_25,0x00373450,0x003735e4,0x194
return_const_4_z_13,0x003735f0,0x003735f8,0x8
obj_ctor_init___,0x00373600,0x0037361c,0x1c
sub_373620,0x00373620,0x003736cc,0xac
list_get_element,0x003736d0,0x00373748,0x78
sub_373750,0x00373750,0x003737b4,0x64
obj_set_fields___,0x003737c0,0x0037380c,0x4c
sub_373810,0x00373810,0x00373880,0x70
obj_set_fields_z_238,0x00373880,0x0037390c,0x8c
state_byte_transition___,0x00373910,0x003739d0,0xc0
state_byte_transition_q_0,0x003739d0,0x00373a4c,0x7c
obj_update_curve_interp_s,0x00373a50,0x00373b30,0xe0
obj_update_curve_interp_t,0x00373b30,0x00373bfc,0xcc
curve_interp_call__,0x00373c00,0x00373d68,0x168
state_byte_transition_r_0,0x00373d70,0x00373ebc,0x14c
obj_set_fields___,0x00373ec0,0x00373f28,0x68
obj_set_fields___,0x00373f30,0x00373f88,0x58
obj_set_fields_z_16,0x00373f90,0x00373fcc,0x3c
sub_373FD0,0x00373fd0,0x00374030,0x60
sub_374030,0x00374030,0x003740a4,0x74
obj_set_fields___,0x003740b0,0x003740f4,0x44
vtable_dispatch___,0x00374100,0x00374150,0x50
obj_set_fields___,0x00374150,0x00374170,0x20
obj_set_fields___,0x00374170,0x00374180,0x10
obj_ctor_init___342_clone_05,0x00374180,0x00374204,0x84
sub_374210,0x00374210,0x0037428c,0x7c
sub_374290,0x00374290,0x003743b8,0x128
sub_3743C0,0x003743c0,0x0037450c,0x14c
state_byte_transition___,0x00374510,0x003745f0,0xe0
noop_wrapper___,0x003745f0,0x0037464c,0x5c
curve_interp_call___,0x00374650,0x003746fc,0xac
noop_wrapper___,0x00374700,0x00374724,0x24
curve_interp_call___,0x00374730,0x00374874,0x144
state_sub_4880,0x00374880,0x003749c4,0x144
obj_set_fields___,0x003749d0,0x003749e4,0x14
obj_set_field_pair___,0x003749f0,0x00374a00,0x10
obj_set_field_pair___,0x00374a00,0x00374a0c,0xc
input_state_update_clone_17,0x00374a10,0x00374a48,0x38
sub_374A50,0x00374a50,0x00374afc,0xac
sub_374B00,0x00374b00,0x00374c38,0x138
vtable_dispatch___,0x00374c40,0x00374c70,0x30
vtable_dispatch___,0x00374c70,0x00374c84,0x14
vtable_dispatch___,0x00374c90,0x00374ca8,0x18
vtable_dispatch___,0x00374cb0,0x00374cc8,0x18
vtable_dispatch___,0x00374cd0,0x00374ce8,0x18
noop_wrapper_z_562,0x00374cf0,0x00374d04,0x14
noop_wrapper_z_563,0x00374d10,0x00374d20,0x10
noop_z_332,0x00374d20,0x00374d28,0x8
noop_z_333,0x00374d30,0x00374d38,0x8
obj_set_fields_f,0x00374d40,0x00374df8,0xb8
noop_wrapper_z_564,0x00374e00,0x00374e08,0x8
obj_set_fields_z_17,0x00374e10,0x00374e30,0x20
obj_set_fields_z_18,0x00374e30,0x00374e48,0x18
obj_update_color_interp,0x00374e50,0x00374f34,0xe4
return_zero_z_207,0x00374f40,0x00374f48,0x8
obj_update_curve_interp_c,0x00374f50,0x00374fd4,0x84
obj_update_color_interp2,0x00374fe0,0x003750c4,0xe4
noop_z_334,0x003750d0,0x003750d8,0x8
sub_3750E0,0x003750e0,0x003751bc,0xdc
return_sub_51c0,0x003751c0,0x003751fc,0x3c
sub_375200,0x00375200,0x0037546c,0x26c
sub_375470,0x00375470,0x003754bc,0x4c
obj_set_fields_m_1,0x003754c0,0x003754e0,0x20
noop_z_335,0x003754e0,0x003754e8,0x8
noop_wrapper_z_565,0x003754f0,0x003754f8,0x8
return_zero___,0x00375500,0x00375520,0x20
mem_fill_z_260_0,0x00375520,0x00375620,0x100
sub_375620,0x00375620,0x003756e8,0xc8
obj_ctor_init___,0x003756f0,0x00375794,0xa4
sub_3757A0,0x003757a0,0x00375804,0x64
obj_set_field_pair_m_0,0x00375810,0x00375820,0x10
noop_z_336,0x00375820,0x00375828,0x8
noop_wrapper_z_566,0x00375830,0x00375838,0x8
return_zero_z_208,0x00375840,0x00375848,0x8
obj_set_fields_z_19,0x00375850,0x003758e4,0x94
sub_3758F0,0x003758f0,0x00375984,0x94
obj_ctor_init___,0x00375990,0x00375a08,0x78
obj_set_field_pair_n_0,0x00375a10,0x00375a24,0x14
noop_z_337,0x00375a30,0x00375a38,0x8
noop_wrapper_z_567,0x00375a40,0x00375a48,0x8
return_zero___,0x00375a50,0x00375a70,0x20
mem_fill_z_250_0,0x00375a70,0x00375c50,0x1e0
mem_compare_n_0_clone_51,0x00375c50,0x00375df8,0x1a8
obj_ctor_init___,0x00375e00,0x00375ec8,0xc8
get_global_flag,0x00375ed0,0x00375ed8,0x8
pool_entry_pop_e_clone_07,0x00375ee0,0x00375f3c,0x5c
sub_375F40,0x00375f40,0x00375f88,0x48
sub_375F90,0x00375f90,0x00375ff0,0x60
get_data_ptr_z_274,0x00375ff0,0x00375ffc,0xc
return_const_13,0x00376000,0x00376008,0x8
sub_376010,0x00376010,0x00376094,0x84
sub_3760A0,0x003760a0,0x003761e8,0x148
sub_3761F0,0x003761f0,0x00376258,0x68
sub_376260,0x00376260,0x003762d8,0x78
vtable_dispatch___,0x003762e0,0x003762fc,0x1c
vtable_dispatch___,0x00376300,0x00376318,0x18
vtable_dispatch___,0x00376320,0x00376338,0x18
noop_wrapper_z_568,0x00376340,0x00376354,0x14
sub_376360,0x00376360,0x003763fc,0x9c
noop_seq_var_10_z_73,0x00376400,0x00376490,0x90
obj_update_curve_interp_e,0x00376490,0x003765c4,0x134
noop_z_338,0x003765d0,0x003765d8,0x8
noop_z_339,0x003765e0,0x003765e8,0x8
move_tick_dispatch_a,0x003765f0,0x0037664c,0x5c
noop_z_340,0x00376650,0x00376658,0x8
move_tick_dispatch_b,0x00376660,0x003766bc,0x5c
move_tick_dispatch_c,0x003766c0,0x0037671c,0x5c
move_tick_dispatch_d,0x00376720,0x0037677c,0x5c
move_tick_dispatch_f,0x00376780,0x003767c0,0x40
return_zero_z_209,0x003767c0,0x003767c8,0x8
move_tick_composite,0x003767d0,0x00376880,0xb0
return_const_1_z_108,0x00376880,0x00376888,0x8
return_const__1_n,0x00376890,0x00376898,0x8
return_const__1_o,0x003768a0,0x003768a8,0x8
return_const__1_p,0x003768b0,0x003768b8,0x8
return_const__1_q,0x003768c0,0x003768c8,0x8
move_tick_dispatch_e,0x003768d0,0x0037692c,0x5c
noop_z_341,0x00376930,0x00376938,0x8
sub_376940,0x00376940,0x003769a4,0x64
obj_set_fields_z_20,0x003769b0,0x003769d0,0x20
noop_z_342,0x003769d0,0x003769d8,0x8
obj_set_fields___,0x003769e0,0x00376a20,0x40
noop_z_343,0x00376a20,0x00376a28,0x8
return_zero_z_210,0x00376a30,0x00376a38,0x8
return_const_3_z_2,0x00376a40,0x00376a48,0x8
obj_set_field_pair_c_0_clone_17,0x00376a50,0x00376a64,0x14
vtable_dispatch___131_1,0x00376a70,0x00376ac8,0x58
obj_ctor_init_n_clone_31,0x00376ad0,0x00376c30,0x160
noop_wrapper_z_569,0x00376c30,0x00376c4c,0x1c
noop_z_344,0x00376c50,0x00376c58,0x8
noop_z_345,0x00376c60,0x00376c68,0x8
return_zero_z_211,0x00376c70,0x00376c78,0x8
return_const_2_z_7,0x00376c80,0x00376c88,0x8
return_zero_z_212,0x00376c90,0x00376c98,0x8
return_const_4_z_14,0x00376ca0,0x00376ca8,0x8
sub_376CB0,0x00376cb0,0x00376cfc,0x4c
obj_ctor_init_n_clone_32,0x00376d00,0x00376e38,0x138
noop_wrapper_z_570,0x00376e40,0x00376e5c,0x1c
noop_z_346,0x00376e60,0x00376e68,0x8
noop_z_347,0x00376e70,0x00376e78,0x8
return_zero_z_213,0x00376e80,0x00376e88,0x8
return_const_2_z_8,0x00376e90,0x00376e98,0x8
return_const_1_z_109,0x00376ea0,0x00376ea8,0x8
asm_reg_save_z_2,0x00376eb0,0x00376eec,0x3c
obj_ctor_init_n_clone_33,0x00376ef0,0x00377074,0x184
obj_set_fields_z_239,0x00377080,0x003770c8,0x48
sub_3770D0,0x003770d0,0x0037716c,0x9c
sub_377170,0x00377170,0x00377288,0x118
return_const_1_z_110,0x00377290,0x00377298,0x8
sub_3772A0,0x003772a0,0x00377370,0xd0
return_const_1_z_111,0x00377370,0x00377378,0x8
sub_377380,0x00377380,0x00377448,0xc8
sub_377450,0x00377450,0x00377474,0x24
obj_set_fields___,0x00377480,0x00377494,0x14
singleton_get_mgr_d,0x003774a0,0x00377524,0x84
sub_377530,0x00377530,0x0037759c,0x6c
sub_3775A0,0x003775a0,0x003775f4,0x54
pass_identity_l,0x00377600,0x00377628,0x28
sub_377630,0x00377630,0x00377684,0x54
sub_377690,0x00377690,0x003776e4,0x54
sub_3776F0,0x003776f0,0x00377744,0x54
sub_377750,0x00377750,0x003777a4,0x54
sub_3777B0,0x003777b0,0x0037782c,0x7c
obj_set_fields_z_240,0x00377830,0x00377878,0x48
sub_377880,0x00377880,0x003779b8,0x138
anim_timer_tick_c,0x003779c0,0x00377a40,0x80
vtable_dispatch___101_0,0x00377a40,0x00377a80,0x40
sub_377A80,0x00377a80,0x00377ae4,0x64
sub_377AF0,0x00377af0,0x00377ba8,0xb8
sub_377BB0,0x00377bb0,0x00377d08,0x158
vtable_dispatch___,0x00377d10,0x00377d40,0x30
vtable_dispatch___,0x00377d40,0x00377d54,0x14
vtable_dispatch___,0x00377d60,0x00377d78,0x18
vtable_dispatch___,0x00377d80,0x00377d98,0x18
noop_wrapper_z_571,0x00377dc0,0x00377dd4,0x14
noop_z_348,0x00377de0,0x00377de8,0x8
noop_z_349,0x00377df0,0x00377df8,0x8
obj_set_fields_l,0x00377e00,0x00377eb0,0xb0
noop_z_350,0x00377eb0,0x00377eb8,0x8
noop_z_351,0x00377ec0,0x00377ec8,0x8
noop_z_352,0x00377ed0,0x00377ed8,0x8
obj_update_curve_interp_f,0x00377ee0,0x00377fc4,0xe4
return_const_1_z_112,0x00377fd0,0x00377fd8,0x8
return_const_1_z_113,0x00377fe0,0x00377fe8,0x8
return_const_1_z_114,0x00377ff0,0x00377ff8,0x8
noop_z_353,0x00378000,0x00378008,0x8
sub_378010,0x00378010,0x00378074,0x64
sub_378080,0x00378080,0x00378104,0x84
noop_z_354,0x00378110,0x00378118,0x8
noop_z_355,0x00378120,0x00378128,0x8
return_zero_z_214,0x00378130,0x00378138,0x8
vtable_dispatch___128_0,0x00378140,0x00378178,0x38
sub_378180,0x00378180,0x003781f4,0x74
sub_378200,0x00378200,0x00378284,0x84
noop_z_356,0x00378290,0x00378298,0x8
noop_z_357,0x003782a0,0x003782a8,0x8
return_zero_z_215,0x003782b0,0x003782b8,0x8
vtable_dispatch___129_0,0x003782c0,0x003782f8,0x38
sub_378300,0x00378300,0x00378374,0x74
sub_378380,0x00378380,0x00378404,0x84
noop_z_358,0x00378410,0x00378418,0x8
noop_z_359,0x00378420,0x00378428,0x8
return_zero_z_216,0x00378430,0x00378438,0x8
vtable_dispatch___130_0,0x00378440,0x00378478,0x38
sub_378480,0x00378480,0x003784f4,0x74
sub_378500,0x00378500,0x00378588,0x88
noop_z_360,0x00378590,0x00378598,0x8
noop_z_361,0x003785a0,0x003785a8,0x8
return_zero_z_217,0x003785b0,0x003785b8,0x8
vtable_dispatch___131_0,0x003785c0,0x003785f8,0x38
sub_378600,0x00378600,0x00378674,0x74
sub_378680,0x00378680,0x00378704,0x84
noop_z_362,0x00378710,0x00378718,0x8
noop_z_363,0x00378720,0x00378728,0x8
return_zero_z_218,0x00378730,0x00378738,0x8
vtable_dispatch___132_0,0x00378740,0x00378778,0x38
sub_378780,0x00378780,0x003787f4,0x74
sub_378800,0x00378800,0x00378888,0x88
noop_z_364,0x00378890,0x00378898,0x8
noop_z_365,0x003788a0,0x003788a8,0x8
return_zero_z_219,0x003788b0,0x003788b8,0x8
vtable_dispatch___133_0,0x003788c0,0x003788f8,0x38
sub_378900,0x00378900,0x00378974,0x74
sub_378980,0x00378980,0x00378a04,0x84
noop_z_366,0x00378a10,0x00378a18,0x8
noop_z_367,0x00378a20,0x00378a28,0x8
return_zero_z_220,0x00378a30,0x00378a38,0x8
vtable_dispatch___134_0,0x00378a40,0x00378a78,0x38
sub_378A80,0x00378a80,0x00378af4,0x74
fighter_track_slot_ctor_clone_31,0x00378b00,0x00378b54,0x54
state_byte_transition_s_01,0x00378b60,0x00378c90,0x130
sub_378C90,0x00378c90,0x00378ec8,0x238
sub_378ED0,0x00378ed0,0x00379030,0x160
obj_set_fields___,0x00379030,0x00379084,0x54
noop_wrapper_z_572,0x00379090,0x003790a0,0x10
scene_graph_flush_clone_13,0x003790a0,0x003791c4,0x124
return_zero_z_221,0x003791d0,0x003791d8,0x8
obj_set_fields___,0x003791e0,0x0037925c,0x7c
scene_node_requeue_clone_17,0x00379260,0x003792fc,0x9c
sub_379300,0x00379300,0x00379384,0x84
obj_set_fields___,0x003793b0,0x003793c4,0x14
noop_wrapper___,0x003793d0,0x003793e0,0x10
obj_ctor_init___247_0,0x003793e0,0x003794a4,0xc4
sub_3794B0,0x003794b0,0x0037956c,0xbc
sub_379570,0x00379570,0x00379678,0x108
curve_interp_call___,0x00379680,0x003796f4,0x74
return_zero_z_222,0x00379700,0x00379708,0x8
curve_interp_call___,0x00379710,0x00379784,0x74
vtable_dispatch___,0x00379790,0x003797c8,0x38
noop___,0x003797d0,0x003797d8,0x8
obj_set_field_pair___,0x003797e0,0x003797f0,0x10
obj_set_field_pair___,0x003797f0,0x00379800,0x10
sub_379800,0x00379800,0x00379864,0x64
move_input_advance_b_clone_14,0x00379870,0x00379944,0xd4
sub_379950,0x00379950,0x00379f04,0x5b4
obj_ctor_init___,0x00379f10,0x00379f88,0x78
obj_ctor_init___,0x00379f90,0x0037a014,0x84
obj_ctor_init___,0x0037a020,0x0037a0c4,0xa4
obj_ctor_init___,0x0037a0d0,0x0037a148,0x78
obj_ctor_init___,0x0037a150,0x0037a1d4,0x84
obj_ctor_init___,0x0037a1e0,0x0037a270,0x90
obj_ctor_init___,0x0037a270,0x0037a2e8,0x78
obj_ctor_init___,0x0037a2f0,0x0037a374,0x84
obj_ctor_init___,0x0037a380,0x0037a3f8,0x78
obj_ctor_init___,0x0037a400,0x0037a484,0x84
obj_ctor_init___,0x0037a490,0x0037a52c,0x9c
obj_ctor_init___,0x0037a530,0x0037a5a8,0x78
obj_ctor_init___,0x0037a5b0,0x0037a634,0x84
obj_ctor_init___,0x0037a640,0x0037a6e4,0xa4
obj_ctor_init___,0x0037a6f0,0x0037a768,0x78
obj_ctor_init___,0x0037a770,0x0037a7f4,0x84
obj_ctor_init___,0x0037a800,0x0037a878,0x78
sub_37A880,0x0037a880,0x0037a8cc,0x4c
obj_ctor_init___,0x0037a8d0,0x0037a954,0x84
sub_37A960,0x0037a960,0x0037a9ac,0x4c
obj_set_fields__05,0x0037a9b0,0x0037aa4c,0x9c
sub_37AA50,0x0037aa50,0x0037aa5c,0xc
asm_reg_save_z_3,0x0037aa60,0x0037aaa0,0x40
wrap_obj_update_curve_interp_d_clone_09,0x0037aaa0,0x0037ab24,0x84
CAppOptionModeMain_Begin_clone_03,0x0037ab30,0x0037abe0,0xb0
CAppFightResultCsAcSingle_Tick_clone_05,0x0037abe0,0x0037ac40,0x60
singleton_lazy_init___27_0,0x0037ac40,0x0037ad6c,0x12c
sub_37AD70,0x0037ad70,0x0037af48,0x1d8
rpc_dispatch_or_async_clone_03,0x0037af50,0x0037afd4,0x84
noop_z_368,0x0037afe0,0x0037afe8,0x8
sub_37AFF0,0x0037aff0,0x0037b0e0,0xf0
wrap_vtable_dispatch_e,0x0037b0e0,0x0037b124,0x44
sub_37B130,0x0037b130,0x0037b190,0x60
obj_ctor_init___0_clone_95,0x0037b190,0x0037b1e4,0x54
wrap_sound_play_3d_e,0x0037b1f0,0x0037b210,0x20
wrap_obj_sub_d800,0x0037b210,0x0037b230,0x20
sub_37B230,0x0037b230,0x0037b2a4,0x74
wrap_obj_motion_update_slot_0,0x0037b2b0,0x0037b2c8,0x18
get_data_ptr_z_275,0x0037b2d0,0x0037b2dc,0xc
noop_z_369,0x0037b2e0,0x0037b2e8,0x8
obj_ctor_init___,0x0037b2f0,0x0037b3b8,0xc8
obj_set_fields_z_21,0x0037b3c0,0x0037b3e0,0x20
noop_z_370,0x0037b3e0,0x0037b3e8,0x8
sub_37B3F0,0x0037b3f0,0x0037b44c,0x5c
noop_z_371,0x0037b450,0x0037b458,0x8
return_zero_z_223,0x0037b460,0x0037b468,0x8
obj_set_field_pair_c_0_clone_18,0x0037b470,0x0037b484,0x14
obj_set_field_pair_c_0_clone_19,0x0037b490,0x0037b4a4,0x14
return_zero_z_224,0x0037b4b0,0x0037b4b8,0x8
sub_37B4C0,0x0037b4c0,0x0037b53c,0x7c
obj_ctor_init_n_clone_34,0x0037b540,0x0037b6a0,0x160
obj_set_field_pair_o_0,0x0037b6a0,0x0037b6b0,0x10
noop_z_372,0x0037b6b0,0x0037b6b8,0x8
noop_wrapper_z_573,0x0037b6c0,0x0037b6c8,0x8
return_zero___,0x0037b6d0,0x0037b6f0,0x20
mem_fill_z_261_0,0x0037b6f0,0x0037b7f0,0x100
sub_37B7F0,0x0037b7f0,0x0037b8c0,0xd0
obj_set_fields___,0x0037b8c0,0x0037b904,0x44
wrap_get_global_var_o,0x0037b910,0x0037b93c,0x2c
noop_wrapper_z_574,0x0037b940,0x0037b948,0x8
sub_37B950,0x0037b950,0x0037b9fc,0xac
mem_fill_z_251_0,0x0037ba00,0x0037bb7c,0x17c
sub_37BB80,0x0037bb80,0x0037bcf0,0x170
get_global_var_o,0x0037bcf0,0x0037bcf8,0x8
singleton_lazy_init_e_0_clone_04,0x0037bd00,0x0037bd68,0x68
sub_37BD70,0x0037bd70,0x0037bdc4,0x54
pass_identity_m,0x0037bdd0,0x0037bdf8,0x28
vtable_dispatch___,0x0037be00,0x0037be30,0x30
sub_37BE30,0x0037be30,0x0037be9c,0x6c
sub_37BEA0,0x0037bea0,0x0037bf64,0xc4
sub_37BF70,0x0037bf70,0x0037bfc4,0x54
sub_37BFD0,0x0037bfd0,0x0037c044,0x74
sub_37C050,0x0037c050,0x0037c0a4,0x54
sub_37C0B0,0x0037c0b0,0x0037c134,0x84
obj_set_fields_z_241,0x0037c140,0x0037c188,0x48
sub_37C190,0x0037c190,0x0037c2fc,0x16c
pool_entry_pop___26_0,0x0037c300,0x0037c458,0x158
obj_set_fields_n_1,0x0037c460,0x0037c4bc,0x5c
noop_wrapper_z_575,0x0037c4c0,0x0037c4dc,0x1c
noop_z_373,0x0037c4e0,0x0037c4e8,0x8
noop_z_374,0x0037c4f0,0x0037c4f8,0x8
return_zero_z_225,0x0037c500,0x0037c508,0x8
return_zero_z_226,0x0037c510,0x0037c518,0x8
return_const_5_z_6,0x0037c520,0x0037c528,0x8
asm_reg_save_z_4,0x0037c530,0x0037c56c,0x3c
obj_ctor_init_n_clone_35,0x0037c570,0x0037c6cc,0x15c
obj_set_field_pair_p_0,0x0037c6d0,0x0037c6e0,0x10
noop_z_375,0x0037c6e0,0x0037c6e8,0x8
noop_wrapper_z_576,0x0037c6f0,0x0037c6f8,0x8
return_zero_z_227,0x0037c700,0x0037c708,0x8
mem_fill_z_252_0,0x0037c710,0x0037c82c,0x11c
sub_37C830,0x0037c830,0x0037c948,0x118
noop_wrapper_z_577,0x0037c950,0x0037c96c,0x1c
noop_z_376,0x0037c970,0x0037c978,0x8
noop_z_377,0x0037c980,0x0037c988,0x8
return_zero_z_228,0x0037c990,0x0037c998,0x8
return_const_2_z_9,0x0037c9a0,0x0037c9a8,0x8
return_const_3_z_3,0x0037c9b0,0x0037c9b8,0x8
return_const_6_z_11,0x0037c9c0,0x0037c9c8,0x8
sub_37C9D0,0x0037c9d0,0x0037ca1c,0x4c
obj_ctor_init_n_clone_36,0x0037ca20,0x0037cb70,0x150
noop_wrapper_z_578,0x0037cb70,0x0037cb8c,0x1c
noop_z_378,0x0037cb90,0x0037cb98,0x8
noop_z_379,0x0037cba0,0x0037cba8,0x8
return_zero_z_229,0x0037cbb0,0x0037cbb8,0x8
return_const_2_z_10,0x0037cbc0,0x0037cbc8,0x8
return_const_5_z_7,0x0037cbd0,0x0037cbd8,0x8
asm_reg_save_z_5,0x0037cbe0,0x0037cc1c,0x3c
obj_ctor_init_n_clone_37,0x0037cc20,0x0037cd80,0x160
obj_set_field_pair_q_0,0x0037cd80,0x0037cd90,0x10
noop_z_380,0x0037cd90,0x0037cd98,0x8
noop_wrapper_z_579,0x0037cda0,0x0037cda8,0x8
return_zero___,0x0037cdb0,0x0037cdd0,0x20
mem_fill_z_262_0,0x0037cdd0,0x0037ced0,0x100
sub_37CED0,0x0037ced0,0x0037cf9c,0xcc
sub_37CFA0,0x0037cfa0,0x0037d044,0xa4
sub_37D050,0x0037d050,0x0037d0f8,0xa8
noop_wrapper_z_580,0x0037d100,0x0037d108,0x8
obj_update_curve_interp_u,0x0037d110,0x0037d1e0,0xd0
obj_set_fields___,0x0037d1e0,0x0037d250,0x70
obj_set_fields_o_1,0x0037d250,0x0037d2a4,0x54
scene_node_set_visible_clone_12,0x0037d2b0,0x0037d384,0xd4
obj_ctor_init___,0x0037d390,0x0037d408,0x78
sub_37D410,0x0037d410,0x0037d4c8,0xb8
obj_ctor_init___342_clone_06,0x0037d4d0,0x0037d554,0x84
CAppFightDemoEndCard_End_clone_02,0x0037d560,0x0037d8a8,0x348
str_copy_n_l,0x0037d8b0,0x0037db48,0x298
sub_37DB50,0x0037db50,0x0037dc1c,0xcc
curve_interp_call___,0x0037dc20,0x0037dd2c,0x10c
obj_set_fields___,0x0037dd30,0x0037dd9c,0x6c
sub_37DDA0,0x0037dda0,0x0037dfe4,0x244
sub_37DFF0,0x0037dff0,0x0037e2e8,0x2f8
sub_37E2F0,0x0037e2f0,0x0037ebcc,0x8dc
sub_37EBD0,0x0037ebd0,0x0037ec84,0xb4
sub_37EC90,0x0037ec90,0x0037ed58,0xc8
set_field_byte_imm_y,0x0037ed60,0x0037ed68,0x8
get_field_val___,0x0037ed70,0x0037ed78,0x8
mem_fill_z_31_clone_24,0x0037ed80,0x0037eef0,0x170
noop_wrapper_z_581,0x0037eef0,0x0037ef20,0x30
noop_wrapper_z_582,0x0037ef20,0x0037ef30,0x10
flags_test_mask___,0x0037ef30,0x0037ef40,0x10
set_field_byte_imm_z,0x0037ef40,0x0037ef4c,0xc
noop_wrapper_z_583,0x0037ef50,0x0037ef5c,0xc
set_field_byte_imm__,0x0037ef60,0x0037ef84,0x24
set_field_byte_imm__,0x0037ef90,0x0037efb0,0x20
noop_wrapper_z_584,0x0037efb0,0x0037efc0,0x10
field_is_null_m,0x0037efc0,0x0037efd0,0x10
sub_37EFD0,0x0037efd0,0x0037f07c,0xac
sub_37F080,0x0037f080,0x0037f1b8,0x138
vtable_dispatch___,0x0037f1c0,0x0037f1f0,0x30
vtable_dispatch___,0x0037f1f0,0x0037f204,0x14
vtable_dispatch___,0x0037f210,0x0037f228,0x18
vtable_dispatch___,0x0037f230,0x0037f248,0x18
vtable_dispatch___,0x0037f250,0x0037f268,0x18
noop_wrapper_z_585,0x0037f270,0x0037f284,0x14
noop_z_381,0x0037f290,0x0037f298,0x8
noop_z_382,0x0037f2a0,0x0037f2a8,0x8
obj_set_fields_g,0x0037f2b0,0x0037f368,0xb8
noop_wrapper_z_586,0x0037f370,0x0037f378,0x8
obj_set_fields_z_22,0x0037f380,0x0037f3a0,0x20
obj_set_fields_z_23,0x0037f3a0,0x0037f3b8,0x18
obj_update_curve_interp_g,0x0037f3c0,0x0037f4a4,0xe4
return_zero_z_230,0x0037f4b0,0x0037f4b8,0x8
obj_update_curve_interp_h,0x0037f4c0,0x0037f544,0x84
obj_update_curve_interp_i,0x0037f550,0x0037f634,0xe4
noop_z_383,0x0037f640,0x0037f648,0x8
obj_set_field_pair_r_0,0x0037f650,0x0037f660,0x10
noop_z_384,0x0037f660,0x0037f668,0x8
noop_wrapper_z_587,0x0037f670,0x0037f678,0x8
return_zero_z_231,0x0037f680,0x0037f688,0x8
obj_set_fields_z_24,0x0037f690,0x0037f724,0x94
sub_37F730,0x0037f730,0x0037f7dc,0xac
obj_set_field_pair_s_0,0x0037f7e0,0x0037f7f0,0x10
noop_z_385,0x0037f7f0,0x0037f7f8,0x8
noop_wrapper_z_588,0x0037f800,0x0037f808,0x8
return_zero_z_232,0x0037f810,0x0037f818,0x8
obj_set_fields_z_25,0x0037f820,0x0037f8b4,0x94
sub_37F8C0,0x0037f8c0,0x0037f96c,0xac
obj_set_field_pair_t_0,0x0037f970,0x0037f980,0x10
noop_z_386,0x0037f980,0x0037f988,0x8
noop_wrapper_z_589,0x0037f990,0x0037f998,0x8
return_zero_z_233,0x0037f9a0,0x0037f9a8,0x8
obj_set_fields_z_26,0x0037f9b0,0x0037fa44,0x94
sub_37FA50,0x0037fa50,0x0037fafc,0xac
obj_set_field_pair_u_0,0x0037fb00,0x0037fb10,0x10
noop_z_387,0x0037fb10,0x0037fb18,0x8
noop_wrapper_z_590,0x0037fb20,0x0037fb28,0x8
return_zero_z_234,0x0037fb30,0x0037fb38,0x8
obj_set_fields_z_27,0x0037fb40,0x0037fbd4,0x94
sub_37FBE0,0x0037fbe0,0x0037fc8c,0xac
obj_set_field_pair_v_0,0x0037fc90,0x0037fca0,0x10
noop_z_388,0x0037fca0,0x0037fca8,0x8
noop_wrapper_z_591,0x0037fcb0,0x0037fcb8,0x8
return_zero_z_235,0x0037fcc0,0x0037fcc8,0x8
obj_set_fields_z_28,0x0037fcd0,0x0037fd64,0x94
sub_37FD70,0x0037fd70,0x0037fe1c,0xac
obj_set_field_pair_w_0,0x0037fe20,0x0037fe30,0x10
noop_z_389,0x0037fe30,0x0037fe38,0x8
noop_wrapper_z_592,0x0037fe40,0x0037fe48,0x8
return_zero_z_236,0x0037fe50,0x0037fe58,0x8
obj_set_fields_z_29,0x0037fe60,0x0037fef4,0x94
sub_37FF00,0x0037ff00,0x0037ffac,0xac
obj_set_field_pair_x_0,0x0037ffb0,0x0037ffc0,0x10
noop_z_390,0x0037ffc0,0x0037ffc8,0x8
noop_wrapper_z_593,0x0037ffd0,0x0037ffd8,0x8
return_zero_z_237,0x0037ffe0,0x0037ffe8,0x8
obj_set_fields_z_30,0x0037fff0,0x00380084,0x94
sub_380090,0x00380090,0x0038013c,0xac
sub_380140,0x00380140,0x003801ec,0xac
sub_3801F0,0x003801f0,0x003802dc,0xec
vtable_dispatch___,0x003802e0,0x00380310,0x30
vtable_dispatch___,0x00380310,0x00380324,0x14
vtable_dispatch___,0x00380330,0x00380348,0x18
vtable_dispatch___,0x00380350,0x00380368,0x18
vtable_dispatch___,0x00380370,0x00380388,0x18
noop_wrapper_z_594,0x00380390,0x003803a4,0x14
noop_z_391,0x003803b0,0x003803b8,0x8
noop_z_392,0x003803c0,0x003803c8,0x8
obj_set_field_pair___,0x003803d0,0x003803e8,0x18
noop_wrapper_z_595,0x003803f0,0x003803f8,0x8
obj_set_fields_z_31,0x00380400,0x00380420,0x20
obj_set_fields_z_32,0x00380420,0x00380438,0x18
anim_timer_tick_a,0x00380440,0x003804cc,0x8c
return_zero_z_238,0x003804d0,0x003804d8,0x8
timer_tick_and_check,0x003804e0,0x00380550,0x70
anim_timer_tick_b,0x00380550,0x003805dc,0x8c
noop_z_393,0x003805e0,0x003805e8,0x8
curve_interp_call_,0x003805f0,0x003806d4,0xe4
curve_interp_call___,0x003806e0,0x003807b8,0xd8
curve_interp_call___,0x003807c0,0x0038084c,0x8c
obj_set_fields_z_33,0x00380850,0x00380878,0x28
noop_z_394,0x00380880,0x00380888,0x8
obj_set_fields___,0x00380890,0x003808cc,0x3c
obj_set_field_pair_y_0,0x003808d0,0x003808dc,0xc
obj_update_curve_interp_v,0x003808e0,0x00380a84,0x1a4
mem_fill_z_328_0,0x00380a90,0x00380b9c,0x10c
sub_380BA0,0x00380ba0,0x00380c70,0xd0
obj_set_fields_z_34,0x00380c70,0x00380c90,0x20
noop_z_395,0x00380c90,0x00380c98,0x8
obj_set_fields___,0x00380ca0,0x00380cd4,0x34
noop_wrapper_z_596,0x00380ce0,0x00380ce8,0x8
obj_update_curve_interp_w,0x00380cf0,0x00380e20,0x130
mem_fill_z_253_0,0x00380e20,0x00380f2c,0x10c
sub_380F30,0x00380f30,0x00381000,0xd0
sub_381000,0x00381000,0x00381048,0x48
noop_z_396,0x00381050,0x00381058,0x8
sub_381060,0x00381060,0x003810bc,0x5c
noop_wrapper_z_597,0x003810c0,0x003810c8,0x8
obj_update_curve_interp_x,0x003810d0,0x003811ec,0x11c
mem_fill_z_329_0,0x003811f0,0x003812fc,0x10c
sub_381300,0x00381300,0x00381454,0x154
sub_381460,0x00381460,0x003814b0,0x50
noop_z_397,0x003814b0,0x003814b8,0x8
sub_3814C0,0x003814c0,0x00381524,0x64
noop_wrapper_z_598,0x00381530,0x00381538,0x8
obj_update_curve_interp_y,0x00381540,0x00381774,0x234
mem_fill_z_330_0,0x00381780,0x0038188c,0x10c
sub_381890,0x00381890,0x003819f0,0x160
obj_set_fields_z_35_0,0x003819f0,0x00381a20,0x30
noop_z_398,0x00381a20,0x00381a28,0x8
obj_set_fields___,0x00381a30,0x00381a74,0x44
noop_wrapper_z_599,0x00381a80,0x00381a88,0x8
obj_update_curve_interp_z,0x00381a90,0x00381bac,0x11c
mem_fill_z_331_0,0x00381bb0,0x00381cbc,0x10c
sub_381CC0,0x00381cc0,0x00381d90,0xd0
obj_set_fields_z_242,0x00381d90,0x00381dc8,0x38
noop_z_399,0x00381dd0,0x00381dd8,0x8
sub_381DE0,0x00381de0,0x00381e2c,0x4c
noop_wrapper_z_600,0x00381e30,0x00381e38,0x8
obj_update_curve_interp__,0x00381e40,0x00381fa4,0x164
mem_fill_z_332_0,0x00381fb0,0x003820bc,0x10c
state_byte_transition_s_0,0x003820c0,0x00382238,0x178
fighter_track_ctor_clone_02,0x00382240,0x00382284,0x44
noop_z_400,0x00382290,0x00382298,0x8
sub_3822A0,0x003822a0,0x003822f0,0x50
noop_wrapper_z_601,0x003822f0,0x003822f8,0x8
obj_update_curve_interp__,0x00382300,0x00382464,0x164
sub_382470,0x00382470,0x00382614,0x1a4
sub_382620,0x00382620,0x003826f0,0xd0
noop_seq_var_10_z_74,0x003826f0,0x00382738,0x48
gp_field_get_z_397,0x00382740,0x00382748,0x8
mem_alloc_single,0x00382750,0x00382764,0x14
obj_set_fields_h,0x00382770,0x0038279c,0x2c
sub_3827A0,0x003827a0,0x003827f4,0x54
noop___,0x00382800,0x00382808,0x8
fighter_track_slot_ctor_clone_32,0x00382810,0x00382888,0x78
hud_bubble_set_text,0x00382890,0x00382b50,0x2c0
sub_382B50,0x00382b50,0x00382bc4,0x74
get_data_ptr_w_0,0x00382bd0,0x00382bdc,0xc
wrap_mem_copy_k,0x00382be0,0x00382bf4,0x14
hud_bubble_init_text,0x00382c00,0x00382d28,0x128
state_byte_transition,0x00382d30,0x00382df0,0xc0
hud_bubble_clear_active,0x00382df0,0x00382e24,0x34
hud_bubble_is_active,0x00382e30,0x00382e44,0x14
hud_bubble_counter_inc,0x00382e50,0x00382e94,0x44
hud_bubble_register_hit,0x00382ea0,0x00382fc4,0x124
obj_set_flag_imm,0x00382fd0,0x00382fec,0x1c
hud_bubble_set_global_flag,0x00382ff0,0x00383020,0x30
hud_bubble_check_flag,0x00383020,0x00383054,0x34
flags_test_mask___,0x00383060,0x00383074,0x14
hud_bubble_is_state2,0x00383080,0x0038309c,0x1c
hud_bubble_enter,0x003830a0,0x00383124,0x84
state_byte_transition_,0x00383130,0x00383204,0xd4
hud_bubble_enter_b,0x00383210,0x00383288,0x78
state_byte_transition___,0x00383290,0x00383364,0xd4
hud_bubble_enter_c,0x00383370,0x003833e8,0x78
state_byte_transition___,0x003833f0,0x003834c4,0xd4
hud_bubble_enter_d,0x003834d0,0x00383548,0x78
state_byte_transition___,0x00383550,0x00383624,0xd4
hud_bubble_enter_e,0x00383630,0x003836a8,0x78
state_byte_transition___,0x003836b0,0x00383784,0xd4
hud_bubble_enter_f,0x00383790,0x00383818,0x88
state_byte_transition___,0x00383820,0x003838f4,0xd4
hud_bubble_enter_g,0x00383900,0x00383988,0x88
state_byte_transition___,0x00383990,0x00383a68,0xd8
str_copy_n_m,0x00383a70,0x00383c08,0x198
state_byte_transition___,0x00383c10,0x00383d34,0x124
hud_bubble_enter_h,0x00383d40,0x00383dbc,0x7c
state_byte_transition___,0x00383dc0,0x00383e8c,0xcc
hud_bubble_enter_i,0x00383e90,0x00383f10,0x80
state_byte_transition___,0x00383f10,0x00383fdc,0xcc
hud_bubble_enter_j,0x00383fe0,0x00384058,0x78
state_byte_transition___,0x00384060,0x003841b0,0x150
hud_bubble_enter_k,0x003841b0,0x00384300,0x150
state_byte_transition___,0x00384300,0x00384404,0x104
hud_bubble_enter_l,0x00384410,0x003844e4,0xd4
state_byte_transition___,0x003844f0,0x00384678,0x188
hud_bubble_enter_m,0x00384680,0x00384720,0xa0
state_byte_transition___,0x00384720,0x003847d8,0xb8
noop_wrapper_z_602,0x003847e0,0x003847f0,0x10
hud_bubble_enter_n,0x003847f0,0x003848a4,0xb4
state_byte_transition___,0x003848b0,0x00384980,0xd0
hud_bubble_enter_o,0x00384980,0x00384a78,0xf8
state_byte_transition___,0x00384a80,0x00384b50,0xd0
state_byte_transition___,0x00384b50,0x00384bbc,0x6c
hud_bubble_enter_p,0x00384bc0,0x00384c8c,0xcc
state_byte_transition___,0x00384c90,0x00384d60,0xd0
hud_bubble_enter_q,0x00384d60,0x00384e3c,0xdc
state_byte_transition___,0x00384e40,0x00384f10,0xd0
hud_bubble_enter_r,0x00384f10,0x00384fc8,0xb8
state_byte_transition___,0x00384fd0,0x003850a0,0xd0
blend_state_is_idle_clone_17,0x003850a0,0x003850f8,0x58
hud_bubble_enter_s,0x00385100,0x003851fc,0xfc
state_byte_transition___,0x00385200,0x003852e0,0xe0
hud_bubble_enter_t,0x003852e0,0x003853dc,0xfc
state_byte_transition___,0x003853e0,0x003854c0,0xe0
hud_bubble_enter_u,0x003854c0,0x003855bc,0xfc
state_byte_transition___,0x003855c0,0x003856a0,0xe0
hud_bubble_enter_v,0x003856a0,0x003857ec,0x14c
state_byte_transition___,0x003857f0,0x003858d0,0xe0
hud_bubble_enter_w,0x003858d0,0x00385a1c,0x14c
state_byte_transition___,0x00385a20,0x00385b00,0xe0
hud_bubble_enter_x,0x00385b00,0x00385bf4,0xf4
state_byte_transition___,0x00385c00,0x00385ce0,0xe0
hud_bubble_enter_y,0x00385ce0,0x00385dd4,0xf4
state_byte_transition___,0x00385de0,0x00385ec0,0xe0
hud_bubble_enter_z,0x00385ec0,0x00385fb4,0xf4
state_byte_transition_,0x00385fc0,0x003860a0,0xe0
hud_bubble_enter__,0x003860a0,0x003861a8,0x108
state_byte_transition___,0x003861b0,0x00386290,0xe0
hud_bubble_enter__,0x00386290,0x00386398,0x108
state_byte_transition___,0x003863a0,0x00386480,0xe0
hud_bubble_enter__,0x00386480,0x00386558,0xd8
state_byte_transition___,0x00386560,0x0038662c,0xcc
hud_bubble_enter__,0x00386630,0x00386708,0xd8
state_byte_transition___,0x00386710,0x003867dc,0xcc
sub_3867E0,0x003867e0,0x00386844,0x64
sub_386850,0x00386850,0x003868b4,0x64
sub_3868C0,0x003868c0,0x00386924,0x64
sub_386930,0x00386930,0x00386994,0x64
sub_3869A0,0x003869a0,0x00386a04,0x64
sub_386A10,0x00386a10,0x00386a74,0x64
sub_386A80,0x00386a80,0x00386ae4,0x64
sub_386AF0,0x00386af0,0x00386b54,0x64
sub_386B60,0x00386b60,0x00386bc4,0x64
sub_386BD0,0x00386bd0,0x00386c34,0x64
sub_386C40,0x00386c40,0x00386ca4,0x64
sub_386CB0,0x00386cb0,0x00386d14,0x64
sub_386D20,0x00386d20,0x00386d84,0x64
sub_386D90,0x00386d90,0x00386df4,0x64
sub_386E00,0x00386e00,0x00386e64,0x64
sub_386E70,0x00386e70,0x00386ed4,0x64
sub_386EE0,0x00386ee0,0x00386f44,0x64
sub_386F50,0x00386f50,0x00386fb4,0x64
sub_386FC0,0x00386fc0,0x00387024,0x64
sub_387030,0x00387030,0x00387094,0x64
sub_3870A0,0x003870a0,0x00387104,0x64
sub_387110,0x00387110,0x00387174,0x64
sub_387180,0x00387180,0x003871e4,0x64
sub_3871F0,0x003871f0,0x00387254,0x64
sub_387260,0x00387260,0x003872c4,0x64
sub_3872D0,0x003872d0,0x00387334,0x64
sub_387340,0x00387340,0x003873a4,0x64
sub_3873B0,0x003873b0,0x00387414,0x64
sub_387420,0x00387420,0x00387484,0x64
sub_387490,0x00387490,0x003874f4,0x64
sub_387500,0x00387500,0x00387564,0x64
noop_z_401,0x00387570,0x00387578,0x8
noop_z_402,0x00387580,0x00387588,0x8
scene_graph_flush_clone_14,0x00387590,0x00387f30,0x9a0
sub_387F30,0x00387f30,0x00388004,0xd4
sub_388010,0x00388010,0x0038809c,0x8c
sub_3880A0,0x003880a0,0x00388138,0x98
sub_388140,0x00388140,0x003881e4,0xa4
j_hud_bubble_is_active,0x003881f0,0x003881f8,0x8
noop_wrapper_z_603,0x00388200,0x00388224,0x24
get_global_var_p,0x00388230,0x00388238,0x8
noop_wrapper_z_604,0x00388240,0x00388264,0x24
get_global_var_q,0x00388270,0x00388278,0x8
sub_388280,0x00388280,0x003882f4,0x74
noop_wrapper_z_605,0x00388300,0x00388318,0x18
sub_388320,0x00388320,0x003883b4,0x94
obj_sub_ca60_clone_22,0x003883c0,0x003884d4,0x114
wrap_var_10_k,0x003884e0,0x00388520,0x40
mem_fill_z_146_clone_03,0x00388520,0x00388774,0x254
sub_388780,0x00388780,0x00388848,0xc8
GS_DispatchPending_clone_06,0x00388850,0x003889cc,0x17c
sub_3889D0,0x003889d0,0x00388a40,0x70
noop_wrapper___,0x00388a40,0x00388a74,0x34
j_input_state_update_clone_15,0x00388a80,0x00388a88,0x8
wrap_dual_vtable_invoke_c,0x00388a90,0x00388ab8,0x28
obj_ctor_init___0_clone_96,0x00388ac0,0x00388afc,0x3c
sub_388B00,0x00388b00,0x00388b98,0x98
return_const_2_z_11,0x00388ba0,0x00388ba8,0x8
sub_388BB0,0x00388bb0,0x00388bf4,0x44
get_data_ptr_z_276,0x00388c00,0x00388c0c,0xc
obj_ctor_init_r_clone_08,0x00388c10,0x00388d00,0xf0
obj_ctor_init___,0x00388d00,0x00388d58,0x58
asm_reg_save_z_6,0x00388d60,0x00388da0,0x40
sub_388DA0,0x00388da0,0x00388ea4,0x104
CAppFightStageView_Tick_clone_06,0x00388eb0,0x00388fdc,0x12c
vtable_dispatch___,0x00388fe0,0x00389040,0x60
wrap_sub_389040,0x00389040,0x00389058,0x18
wrap_sub_389060,0x00389060,0x00389078,0x18
sub_389080,0x00389080,0x003890e4,0x64
vtable_dispatch___,0x003890f0,0x00389120,0x30
sub_389120,0x00389120,0x003892e8,0x1c8
sub_3892F0,0x003892f0,0x003892f8,0x8
sub_389300,0x00389300,0x0038958c,0x28c
str_copy_n_e_clone_104,0x00389590,0x00389720,0x190
str_copy_n_e_clone_105,0x00389720,0x00389854,0x134
wrap_sound_play_3d_f,0x00389860,0x00389880,0x20
get_data_ptr_z_277,0x00389880,0x0038988c,0xc
sub_389890,0x00389890,0x00389968,0xd8
euler_to_quat_z_26,0x00389970,0x00389c20,0x2b0
sub_389C20,0x00389c20,0x00389c90,0x70
noop_wrapper_z_606,0x00389c90,0x00389c9c,0xc
vtable_dispatch___5_clone_14,0x00389ca0,0x00389cd8,0x38
get_field_val___,0x00389ce0,0x00389ce8,0x8
obj_ctor_init___,0x00389cf0,0x00389d1c,0x2c
gp_field_get_z_398,0x00389d20,0x00389d28,0x8
return_const_131,0x00389d30,0x00389d38,0x8
vtable_dispatch___,0x00389d40,0x00389d68,0x28
obj_ctor_init___,0x00389d70,0x00389df0,0x80
noop_wrapper_z_607,0x00389df0,0x00389e00,0x10
sub_389E00,0x00389e00,0x00389f3c,0x13c
obj_ctor_init___,0x00389f40,0x00389fb0,0x70
wrap_stack_depth_track_i,0x00389fb0,0x00389fdc,0x2c
sub_389FE0,0x00389fe0,0x0038a044,0x64
vtable_dispatch___,0x0038a050,0x0038a088,0x38
asm_reg_save_z_7,0x0038a090,0x0038a0c0,0x30
sub_38A0C0,0x0038a0c0,0x0038a104,0x44
get_data_ptr_z_278,0x0038a110,0x0038a11c,0xc
obj_ctor_init_n_clone_38,0x0038a120,0x0038a1e4,0xc4
sub_38A1F0,0x0038a1f0,0x0038a278,0x88
sub_38A280,0x0038a280,0x0038a2e0,0x60
resource_load_check_slots,0x0038a2e0,0x0038a348,0x68
noop_wrapper___,0x0038a350,0x0038a358,0x8
wrap_obj_set_field_pair_c_0_clone_20,0x0038a360,0x0038a368,0x8
obj_ctor_init___,0x0038a370,0x0038a38c,0x1c
get_data_ptr_z_279,0x0038a390,0x0038a39c,0xc
noop_wrapper___,0x0038a3a0,0x0038a3b0,0x10
obj_set_fields___,0x0038a3b0,0x0038a40c,0x5c
resource_try_load_clone_06,0x0038a410,0x0038a494,0x84
obj_set_field_pair_c_0_clone_20,0x0038a4a0,0x0038a4cc,0x2c
obj_ctor_init___,0x0038a4d0,0x0038a4ec,0x1c
sub_38A4F0,0x0038a4f0,0x0038a574,0x84
noop_z_403,0x0038a580,0x0038a588,0x8
mem_fill_z_270,0x0038a590,0x0038a660,0xd0
sub_38A660,0x0038a660,0x0038a7b8,0x158
obj_set_field_byte___,0x0038a7c0,0x0038a7c8,0x8
obj_set_field_byte___,0x0038a7d0,0x0038a7d8,0x8
obj_try_change_state_clone_04,0x0038a7e0,0x0038a870,0x90
sub_38A870,0x0038a870,0x0038aab8,0x248
hitbox_alloc_no_vel,0x0038aac0,0x0038abfc,0x13c
hitbox_alloc_with_vel,0x0038ac00,0x0038ad48,0x148
move_input_advance_b_clone_15,0x0038ad50,0x0038aea4,0x154
sub_38AEB0,0x0038aeb0,0x0038af60,0xb0
obj_set_fields_z_35,0x0038af60,0x0038af88,0x28
pool_entry_pop___,0x0038b030,0x0038b074,0x44
noop_wrapper_z_608,0x0038b080,0x0038b088,0x8
singleton_lazy_init___,0x0038b090,0x0038b184,0xf4
obj_set_field_pair_b,0x0038b190,0x0038b1a0,0x10
render_node_set_flag4e,0x0038b1a0,0x0038b1b0,0x10
render_node_set_flag4f,0x0038b1b0,0x0038b1cc,0x1c
noop_wrapper_z_609,0x0038b1d0,0x0038b1e0,0x10
obj_set_fields___,0x0038b1e0,0x0038b208,0x28
render_node_set_color,0x0038b210,0x0038b23c,0x2c
render_node_set_color2,0x0038b240,0x0038b26c,0x2c
render_node_set_color3,0x0038b270,0x0038b29c,0x2c
return_zero___,0x0038b2a0,0x0038b2c0,0x20
EngineUpdate_clone_16,0x0038b2c0,0x0038b2f0,0x30
sub_38B2F0,0x0038b2f0,0x0038b378,0x88
noop_wrapper___,0x0038b380,0x0038b394,0x14
sub_38B3A0,0x0038b3a0,0x0038b3a8,0x8
singleton_lazy_init_m_clone_07,0x0038b3b0,0x0038b4b4,0x104
gp_field_get_z_399,0x0038b4c0,0x0038b4c8,0x8
noop_z_404,0x0038b4d0,0x0038b4d8,0x8
mem_fill_z_271,0x0038b4e0,0x0038b598,0xb8
mem_fill_z_272,0x0038b5a0,0x0038b658,0xb8
wrap_obj_register_n,0x0038b660,0x0038b6b4,0x54
sub_38B6C0,0x0038b6c0,0x0038b70c,0x4c
sub_38B710,0x0038b710,0x0038b770,0x60
sub_38B770,0x0038b770,0x0038b778,0x8
sub_38B780,0x0038b780,0x0038b78c,0xc
wrap_fighter_check_action_allowed,0x0038b790,0x0038b7ac,0x1c
wrap_fighter_check_action_allowed_b,0x0038b7b0,0x0038b7cc,0x1c
sub_38B7D0,0x0038b7d0,0x0038b838,0x68
sub_38B840,0x0038b840,0x0038b894,0x54
obj_set_field_pair___,0x0038b8a0,0x0038b8dc,0x3c
camera_fade_is_active_clone_02,0x0038b8e0,0x0038b934,0x54
sub_38B940,0x0038b940,0x0038b9d8,0x98
sub_38B9E0,0x0038b9e0,0x0038ba3c,0x5c
obj_set_field_pair___,0x0038ba40,0x0038ba7c,0x3c
wrap_anim_track_start_a_z_6,0x0038ba80,0x0038ba8c,0xc
sub_38BA90,0x0038ba90,0x0038baa8,0x18
wrap_anim_track_start_c_t,0x0038bab0,0x0038bac0,0x10
obj_set_field_pair___,0x0038bac0,0x0038bafc,0x3c
sub_38BB00,0x0038bb00,0x0038bb18,0x18
obj_set_field_pair___,0x0038bb20,0x0038bb5c,0x3c
obj_set_field_pair___,0x0038bb60,0x0038bb9c,0x3c
wrap_obj_register_o,0x0038bba0,0x0038bbf4,0x54
sub_38BC00,0x0038bc00,0x0038bc60,0x60
sub_38BC60,0x0038bc60,0x0038bc94,0x34
state_sub_4881,0x0038bca0,0x0038bd18,0x78
state_sub_4882,0x0038bd20,0x0038bd88,0x68
move_tick_composite_clone_03,0x0038bd90,0x0038be40,0xb0
mem_fill_z_81_clone_09,0x0038be40,0x0038bfc0,0x180
sub_38BFC0,0x0038bfc0,0x0038c1a8,0x1e8
sub_38C1B0,0x0038c1b0,0x0038c40c,0x25c
noop_wrapper___,0x0038c410,0x0038c434,0x24
noop_wrapper___,0x0038c440,0x0038c460,0x20
set_field_byte_imm__,0x0038c460,0x0038c470,0x10
sub_38C470,0x0038c470,0x0038c554,0xe4
noop_wrapper___,0x0038c560,0x0038c590,0x30
fighter_track_tick_clone_18,0x0038c590,0x0038c888,0x2f8
sub_38C890,0x0038c890,0x0038ca18,0x188
sub_38CA20,0x0038ca20,0x0038caec,0xcc
sub_38CAF0,0x0038caf0,0x0038ce88,0x398
sub_38CE90,0x0038ce90,0x0038cf20,0x90
sub_38CF20,0x0038cf20,0x0038d3b8,0x498
state_byte_transition___,0x0038d3c0,0x0038d414,0x54
noop_wrapper___,0x0038d420,0x0038d470,0x50
sub_38D470,0x0038d470,0x0038d54c,0xdc
noop_wrapper___,0x0038d550,0x0038d57c,0x2c
noop_wrapper___,0x0038d580,0x0038d5a0,0x20
mem_fill_z_273,0x0038d5a0,0x0038d838,0x298
singleton_lazy_init___,0x0038d840,0x0038d914,0xd4
sub_38D940,0x0038d940,0x0038d98c,0x4c
pool_entry_push___,0x0038d9b0,0x0038d9d4,0x24
singleton_lazy_init___,0x0038d9e0,0x0038dab4,0xd4
singleton_lazy_init___,0x0038dae0,0x0038dbb4,0xd4
singleton_lazy_init___,0x0038dbe0,0x0038dcb4,0xd4
pool_entry_pop___,0x0038dce0,0x0038dd24,0x44
pool_entry_pop___,0x0038dd30,0x0038e420,0x6f0
euler_to_quat_g,0x0038e420,0x0038e6a4,0x284
euler_to_quat_h,0x0038e6b0,0x0038e938,0x288
euler_to_quat_i,0x0038e940,0x0038ebc4,0x284
euler_to_quat_j,0x0038ebd0,0x0038ee50,0x280
euler_to_quat_k,0x0038ee50,0x0038f0d4,0x284
euler_to_quat_l,0x0038f0e0,0x0038f368,0x288
euler_to_quat_m,0x0038f370,0x0038f500,0x190
euler_to_quat_n,0x0038f500,0x0038f694,0x194
euler_to_quat_o,0x0038f6a0,0x0038f834,0x194
euler_to_quat_p,0x0038f840,0x0038f9d0,0x190
euler_to_quat_q,0x0038f9d0,0x0038fb60,0x190
euler_to_quat_r,0x0038fb60,0x0038fcf4,0x194
sub_38FD00,0x0038fd00,0x0038fdd4,0xd4
sub_38FDE0,0x0038fde0,0x0038feb4,0xd4
sub_38FEC0,0x0038fec0,0x0038ff94,0xd4
state_byte_transition_q_03,0x0038ffa0,0x00390590,0x5f0
mem_fill_z_271_clone_02,0x00390590,0x00390ca0,0x710
sub_390CA0,0x00390ca0,0x00390da4,0x104
obj_set_fields___,0x00390db0,0x00390ddc,0x2c
pass_identity_n,0x00390de0,0x00390de8,0x8
pool_entry_push___,0x00390e10,0x00390f54,0x144
pool_entry_pop___,0x00390f60,0x0039120c,0x2ac
pool_entry_push___,0x00391230,0x0039131c,0xec
state_byte_transition_s_1,0x00391320,0x00391518,0x1f8
obj_ctor_with_vec_init_d,0x00391520,0x0039169c,0x17c
pool_entry_pop___,0x003916a0,0x00391978,0x2d8
mem_fill_z_274,0x00391980,0x00391e68,0x4e8
obj_ctor_init___,0x00391e70,0x00391ea0,0x30
pool_entry_push___,0x00391ea0,0x00391f58,0xb8
gp_field_get_z_400,0x00391f60,0x00391f68,0x8
gp_field_get_z_401,0x00391f70,0x00391f78,0x8
gp_field_get_z_402,0x00391f80,0x00391f88,0x8
gp_field_get_z_403,0x00391f90,0x00391f98,0x8
sub_391FA0,0x00391fa0,0x00392078,0xd8
euler_to_quat_z_27,0x00392080,0x00392384,0x304
sub_392390,0x00392390,0x00392400,0x70
return_const_15,0x00392400,0x00392408,0x8
sub_392410,0x00392410,0x00392420,0x10
noop_wrapper_z_610,0x00392420,0x00392434,0x14
wrap_anim_track_start_b_0_clone_05,0x00392440,0x00392450,0x10
noop_wrapper_z_611,0x00392450,0x00392464,0x14
return_const_21_b,0x00392470,0x00392478,0x8
wrap_anim_track_start_b_0_clone_06,0x00392480,0x00392490,0x10
sub_392490,0x00392490,0x00392544,0xb4
gp_field_get_z_404,0x00392550,0x00392558,0x8
return_zero_z_239,0x00392560,0x00392568,0x8
noop_z_405,0x00392570,0x00392578,0x8
noop_z_406,0x00392580,0x00392588,0x8
return_const_1_z_115,0x00392590,0x00392598,0x8
return_const_1_z_116,0x003925a0,0x003925a8,0x8
return_const_1_z_117,0x003925b0,0x003925b8,0x8
noop_z_407,0x003925c0,0x003925c8,0x8
sub_3925D0,0x003925d0,0x00392630,0x60
return_const_1808,0x00392630,0x00392638,0x8
obj_set_fields___78_0,0x00392640,0x00392664,0x24
sub_392670,0x00392670,0x003926ec,0x7c
sub_3926F0,0x003926f0,0x00392938,0x248
noop_wrapper___,0x00392940,0x00392984,0x44
sub_392990,0x00392990,0x00392aa8,0x118
sub_392AB0,0x00392ab0,0x00392b10,0x60
sub_392B10,0x00392b10,0x00392d74,0x264
sub_392D80,0x00392d80,0x00392eac,0x12c
sub_392EB0,0x00392eb0,0x00392fcc,0x11c
sub_392FD0,0x00392fd0,0x00393140,0x170
str_copy_n_e_clone_106,0x00393140,0x00393490,0x350
sub_393490,0x00393490,0x00393658,0x1c8
sub_393660,0x00393660,0x00393918,0x2b8
sub_393920,0x00393920,0x00393bfc,0x2dc
sub_393C00,0x00393c00,0x00393e90,0x290
sub_393E90,0x00393e90,0x003941e8,0x358
sub_3941F0,0x003941f0,0x003944a0,0x2b0
sub_3944A0,0x003944a0,0x003946bc,0x21c
sub_3946C0,0x003946c0,0x003948c4,0x204
sub_3948D0,0x003948d0,0x00394be4,0x314
sub_394BF0,0x00394bf0,0x00394ec0,0x2d0
sub_394EC0,0x00394ec0,0x00394f44,0x84
get_data_ptr_z_280,0x00394f50,0x00394f5c,0xc
obj_ctor_init___,0x00394f60,0x00394fd0,0x70
return_const_896,0x00394fd0,0x00394fd8,0x8
obj_set_fields___79_0,0x00394fe0,0x00395000,0x20
sub_395000,0x00395000,0x0039507c,0x7c
sub_395080,0x00395080,0x003952c8,0x248
noop_wrapper___,0x003952d0,0x00395314,0x44
sub_395320,0x00395320,0x00395438,0x118
sub_395440,0x00395440,0x0039567c,0x23c
mem_fill_z_275,0x00395680,0x00395914,0x294
sub_395920,0x00395920,0x00395a3c,0x11c
sub_395A40,0x00395a40,0x00395b50,0x110
sub_395B50,0x00395b50,0x00395f88,0x438
sub_395F90,0x00395f90,0x003961d8,0x248
sub_3961E0,0x003961e0,0x003965d8,0x3f8
sub_3965E0,0x003965e0,0x00396804,0x224
str_copy_n_e_clone_107,0x00396810,0x00396b0c,0x2fc
sub_396B10,0x00396b10,0x00396de4,0x2d4
sub_396DF0,0x00396df0,0x00397064,0x274
sub_397070,0x00397070,0x0039740c,0x39c
vtable_sub_fc40_clone_12,0x00397410,0x00397608,0x1f8
sub_397610,0x00397610,0x003978ec,0x2dc
obj_ctor_init___,0x003978f0,0x00397960,0x70
singleton_lazy_init___,0x00397960,0x003979d8,0x78
pool_entry_pop___,0x003979e0,0x00397a24,0x44
pool_entry_push___,0x00397a30,0x00397a54,0x24
noop_wrapper_z_612,0x00397a60,0x00397a78,0x18
sub_397A80,0x00397a80,0x00397b2c,0xac
sub_397B30,0x00397b30,0x00397b94,0x64
sub_397BA0,0x00397ba0,0x00397c50,0xb0
sub_397C60,0x00397c60,0x00397d14,0xb4
noop___,0x00397d20,0x00397d28,0x8
vtable_sub_fc40_clone_13,0x00397d30,0x00397ddc,0xac
obj_clear_out_param,0x00397de0,0x00397de8,0x8
obj_follow_path_rot,0x00397df0,0x00398050,0x260
mem_fill_r,0x00398050,0x003980ac,0x5c
obj_follow_path_euler,0x003980b0,0x003982a8,0x1f8
obj_follow_path_pos,0x003982b0,0x0039843c,0x18c
euler_to_quat_z_28,0x00398440,0x003986fc,0x2bc
hitbox_play_sound_at68,0x00398700,0x00398718,0x18
hitbox_play_sound_at6c,0x00398720,0x00398738,0x18
hitbox_set_active,0x00398740,0x00398840,0x100
hitbox_deactivate,0x00398840,0x00398878,0x38
anim_track_start_and_set_fields,0x00398880,0x003988fc,0x7c
noop_wrapper___,0x00398900,0x0039890c,0xc
sub_398910,0x00398910,0x003989e8,0xd8
sub_3989F0,0x003989f0,0x00398ba4,0x1b4
obj_set_fields_p_2,0x00398bb0,0x00398c00,0x50
sub_398C00,0x00398c00,0x00398c84,0x84
noop_seq_var_10_z_75,0x00398c90,0x00398cd8,0x48
sub_398CE0,0x00398ce0,0x00398d40,0x60
sub_398D40,0x00398d40,0x00398da4,0x64
noop_wrapper___,0x00398db0,0x00398e00,0x50
sub_398E00,0x00398e00,0x00398e08,0x8
vtable_dispatch___,0x00398e10,0x00398e18,0x8
set_field_byte_imm__,0x00398e20,0x00398e2c,0xc
wrap_vtable_sub_fc40_clone_13,0x00398e30,0x00398e38,0x8
field_is_null_n,0x00398e40,0x00398e50,0x10
gp_field_get_z_405,0x00398e50,0x00398e58,0x8
noop_z_408,0x00398e60,0x00398e68,0x8
sub_398E70,0x00398e70,0x0039907c,0x20c
return_const_1376,0x00399080,0x00399088,0x8
obj_set_fields___80_0,0x00399090,0x003990b0,0x20
sub_3990B0,0x003990b0,0x0039911c,0x6c
sub_399120,0x00399120,0x00399350,0x230
noop_wrapper___,0x00399350,0x00399394,0x44
sub_3993A0,0x003993a0,0x003994b8,0x118
sub_3994C0,0x003994c0,0x00399668,0x1a8
mem_fill_z_276,0x00399670,0x003998dc,0x26c
sub_3998E0,0x003998e0,0x003999fc,0x11c
sub_399A00,0x00399a00,0x00399b10,0x110
sub_399B10,0x00399b10,0x00399ff0,0x4e0
sub_399FF0,0x00399ff0,0x0039a2c0,0x2d0
sub_39A2C0,0x0039a2c0,0x0039a578,0x2b8
sub_39A580,0x0039a580,0x0039a954,0x3d4
vtable_sub_fc40_clone_14,0x0039a960,0x0039ab4c,0x1ec
sub_39AB50,0x0039ab50,0x0039ae00,0x2b0
obj_ctor_init___,0x0039ae00,0x0039ae70,0x70
return_const_1904,0x0039ae70,0x0039ae78,0x8
obj_set_fields___81_0,0x0039ae80,0x0039aea4,0x24
sub_39AEB0,0x0039aeb0,0x0039af1c,0x6c
sub_39AF20,0x0039af20,0x0039b168,0x248
noop_wrapper___,0x0039b170,0x0039b1b4,0x44
sub_39B1C0,0x0039b1c0,0x0039b2d8,0x118
sub_39B2E0,0x0039b2e0,0x0039b544,0x264
sub_39B550,0x0039b550,0x0039b654,0x104
sub_39B660,0x0039b660,0x0039b77c,0x11c
sub_39B780,0x0039b780,0x0039b908,0x188
sub_39B910,0x0039b910,0x0039bb7c,0x26c
sub_39BB80,0x0039bb80,0x0039be04,0x284
sub_39BE10,0x0039be10,0x0039c0e4,0x2d4
sub_39C0F0,0x0039c0f0,0x0039c388,0x298
sub_39C390,0x0039c390,0x0039c5d8,0x248
sub_39C5E0,0x0039c5e0,0x0039c8f0,0x310
state_byte_transition_t_1,0x0039c8f0,0x0039cba0,0x2b0
sub_39CBA0,0x0039cba0,0x0039cdb8,0x218
sub_39CDC0,0x0039cdc0,0x0039cfc4,0x204
state_byte_transition_u_1,0x0039cfd0,0x0039d2e4,0x314
sub_39D2F0,0x0039d2f0,0x0039d590,0x2a0
sub_39D590,0x0039d590,0x0039d614,0x84
obj_ctor_init___,0x0039d620,0x0039d690,0x70
return_const_1376_b,0x0039d690,0x0039d698,0x8
obj_set_fields___82_0,0x0039d6a0,0x0039d6c0,0x20
sub_39D6C0,0x0039d6c0,0x0039d73c,0x7c
sub_39D740,0x0039d740,0x0039d988,0x248
noop_wrapper___,0x0039d990,0x0039d9d4,0x44
sub_39D9E0,0x0039d9e0,0x0039daf8,0x118
sub_39DB00,0x0039db00,0x0039dd3c,0x23c
sub_39DD40,0x0039dd40,0x0039de18,0xd8
sub_39DE20,0x0039de20,0x0039df3c,0x11c
sub_39DF40,0x0039df40,0x0039e050,0x110
sub_39E050,0x0039e050,0x0039e284,0x234
str_copy_n_e_clone_108,0x0039e290,0x0039e540,0x2b0
sub_39E540,0x0039e540,0x0039e6f8,0x1b8
sub_39E700,0x0039e700,0x0039e8d0,0x1d0
sub_39E8D0,0x0039e8d0,0x0039eb4c,0x27c
sub_39EB50,0x0039eb50,0x0039ee08,0x2b8
vtable_sub_fc40_clone_15,0x0039ee10,0x0039efa8,0x198
sub_39EFB0,0x0039efb0,0x0039f224,0x274
vtable_sub_fc40_clone_16,0x0039f230,0x0039f380,0x150
sub_39F380,0x0039f380,0x0039f670,0x2f0
obj_ctor_init___,0x0039f670,0x0039f6e0,0x70
return_const_1600,0x0039f6e0,0x0039f6e8,0x8
obj_set_fields___83_0,0x0039f6f0,0x0039f710,0x20
sub_39F710,0x0039f710,0x0039f77c,0x6c
sub_39F780,0x0039f780,0x0039f9c8,0x248
noop_wrapper___,0x0039f9d0,0x0039fa14,0x44
sub_39FA20,0x0039fa20,0x0039fb38,0x118
sub_39FB40,0x0039fb40,0x0039fdf8,0x2b8
sub_39FE00,0x0039fe00,0x0039fed4,0xd4
sub_39FEE0,0x0039fee0,0x0039fffc,0x11c
sub_3A0000,0x003a0000,0x003a0140,0x140
str_copy_n_e_clone_109,0x003a0140,0x003a04cc,0x38c
str_copy_n_e_clone_110,0x003a04d0,0x003a083c,0x36c
sub_3A0840,0x003a0840,0x003a0a0c,0x1cc
state_byte_transition_v_1,0x003a0a10,0x003a0d04,0x2f4
state_byte_transition_w_1,0x003a0d10,0x003a0fdc,0x2cc
state_byte_transition_x_0,0x003a0fe0,0x003a1324,0x344
sub_3A1330,0x003a1330,0x003a1590,0x260
sub_3A1590,0x003a1590,0x003a17a0,0x210
sub_3A17A0,0x003a17a0,0x003a19a4,0x204
state_byte_transition_y_0,0x003a19b0,0x003a1c24,0x274
sub_3A1C30,0x003a1c30,0x003a1e58,0x228
sub_3A1E60,0x003a1e60,0x003a2134,0x2d4
sub_3A2140,0x003a2140,0x003a23c0,0x280
obj_ctor_init___,0x003a23c0,0x003a2430,0x70
singleton_lazy_init___,0x003a2430,0x003a24cc,0x9c
sub_3A24F0,0x003a24f0,0x003a2550,0x60
pool_entry_pop___,0x003a2550,0x003a2594,0x44
pool_entry_push___,0x003a25a0,0x003a25c4,0x24
sub_3A25D0,0x003a25d0,0x003a269c,0xcc
vtable_dispatch___5_clone_15,0x003a26a0,0x003a26d8,0x38
noop_wrapper_z_613,0x003a2760,0x003a2778,0x18
gp_field_get_z_406,0x003a2780,0x003a2788,0x8
noop_wrapper_z_614,0x003a2790,0x003a27a0,0x10
j_singleton_lazy_init___41,0x003a27a0,0x003a27a8,0x8
obj_set_color_and_walk_clone_02,0x003a27b0,0x003a28ac,0xfc
obj_ctor_init___,0x003a28b0,0x003a2920,0x70
vtable_dispatch___2_clone_01,0x003a2920,0x003a2978,0x58
vtable_dispatch___,0x003a2980,0x003a29b8,0x38
vtable_dispatch___5_clone_16,0x003a29c0,0x003a2a08,0x48
sub_3A2A10,0x003a2a10,0x003a2a50,0x40
get_data_ptr_z_281,0x003a2a50,0x003a2a5c,0xc
noop_wrapper___,0x003a2a60,0x003a2a70,0x10
obj_set_fields___,0x003a2a70,0x003a2acc,0x5c
resource_try_load_clone_07,0x003a2ad0,0x003a2b54,0x84
obj_get_entry_data_ptr,0x003a2b60,0x003a2b68,0x8
sub_3A2B70,0x003a2b70,0x003a2b78,0x8
obj_ctor_init___,0x003a2b80,0x003a2b9c,0x1c
wrap_anim_track_start_a_z_7,0x003a2ba0,0x003a2bac,0xc
wrap_anim_track_start_a_z_8,0x003a2bb0,0x003a2bbc,0xc
wrap_anim_track_start_a_z_9,0x003a2bc0,0x003a2bcc,0xc
noop_z_409,0x003a2bd0,0x003a2bd8,0x8
sub_3A2BE0,0x003a2be0,0x003a2c60,0x80
singleton_lazy_init___,0x003a2c60,0x003a2cfc,0x9c
sub_3A2D20,0x003a2d20,0x003a2d80,0x60
pool_entry_pop___,0x003a2d80,0x003a2dc4,0x44
pool_entry_push___,0x003a2dd0,0x003a2df4,0x24
sub_3A2E00,0x003a2e00,0x003a2e88,0x88
vtable_dispatch___5_clone_17,0x003a2e90,0x003a2ec8,0x38
noop_wrapper_z_615,0x003a2ef0,0x003a2f08,0x18
gp_field_get_z_407,0x003a2f10,0x003a2f18,0x8
noop_wrapper_z_616,0x003a2f20,0x003a2f30,0x10
j_singleton_lazy_init___42,0x003a2f30,0x003a2f38,0x8
obj_set_color_and_walk_clone_03,0x003a2f40,0x003a303c,0xfc
obj_ctor_init___,0x003a3040,0x003a30b0,0x70
vtable_dispatch___2_clone_02,0x003a30b0,0x003a3108,0x58
vtable_dispatch___,0x003a3110,0x003a3148,0x38
vtable_dispatch___5_clone_18,0x003a3150,0x003a3198,0x48
sub_3A31A0,0x003a31a0,0x003a31e0,0x40
get_data_ptr_z_282,0x003a31e0,0x003a31ec,0xc
noop_wrapper___,0x003a31f0,0x003a3200,0x10
obj_set_fields___,0x003a3200,0x003a325c,0x5c
resource_try_load_clone_08,0x003a3260,0x003a32e4,0x84
table_entry_get_stride8,0x003a32f0,0x003a32f8,0x8
obj_ctor_init___,0x003a3300,0x003a331c,0x1c
get_global_var_b,0x003a3320,0x003a3328,0x8
singleton_lazy_init_y_clone_09,0x003a3330,0x003a33a0,0x70
vtable_dispatch___,0x003a33a0,0x003a33dc,0x3c
sub_3A33E0,0x003a33e0,0x003a3444,0x64
sub_3A3450,0x003a3450,0x003a3534,0xe4
obj_set_fields___,0x003a3540,0x003a3554,0x14
obj_field8_clear_clone_03,0x003a3560,0x003a35fc,0x9c
vtable_dispatch___,0x003a3600,0x003a3618,0x18
obj_set_fields___,0x003a3620,0x003a369c,0x7c
return_zero___,0x003a36a0,0x003a36a8,0x8
obj_set_fields___,0x003a36b0,0x003a372c,0x7c
get_global_var_r,0x003a3730,0x003a3738,0x8
pool_entry_pop_e_clone_08,0x003a3740,0x003a379c,0x5c
sub_3A37A0,0x003a37a0,0x003a37e8,0x48
sub_3A37F0,0x003a37f0,0x003a3850,0x60
get_data_ptr_z_283,0x003a3850,0x003a385c,0xc
return_const_3_z_4,0x003a3860,0x003a3868,0x8
sub_3A3870,0x003a3870,0x003a4864,0xff4
table_get_ptr_by_id,0x003a4870,0x003a4888,0x18
wrap_obj_register_p,0x003a4890,0x003a48e4,0x54
obj_ctor_init___,0x003a48f0,0x003a4960,0x70
sub_3A4960,0x003a4960,0x003a49c0,0x60
sub_3A49C0,0x003a49c0,0x003a4a0c,0x4c
obj_ctor_init___,0x003a4a10,0x003a4a90,0x80
return_zero_z_240,0x003a4a90,0x003a4a98,0x8
return_zero_z_241,0x003a4aa0,0x003a4aa8,0x8
get_data_ptr_z_284,0x003a4ab0,0x003a4abc,0xc
noop_z_410,0x003a4ac0,0x003a4ac8,0x8
noop_z_411,0x003a4ad0,0x003a4ad8,0x8
obj_sub_4ae0,0x003a4ae0,0x003a4c24,0x144
obj_set_fields___,0x003a4c30,0x003a4c68,0x38
obj_shift_quat_buf,0x003a4c70,0x003a4ce0,0x70
return_zero_z_242,0x003a4ce0,0x003a4ce8,0x8
j_obj_detach_and_free_resources,0x003a4cf0,0x003a4cf8,0x8
get_data_ptr_z_285,0x003a4d00,0x003a4d0c,0xc
wrap_obj_register_q,0x003a4d10,0x003a4d64,0x54
sub_3A4D70,0x003a4d70,0x003a4dd0,0x60
sub_3A4DD0,0x003a4dd0,0x003a4e1c,0x4c
obj_ctor_init___,0x003a4e20,0x003a4e90,0x70
sub_3A4E90,0x003a4e90,0x003a4edc,0x4c
sub_3A4EE0,0x003a4ee0,0x003a4f78,0x98
return_zero_z_243,0x003a4f80,0x003a4f88,0x8
EngineUpdate_clone_17,0x003a4f90,0x003a4fc0,0x30
return_const__1_r,0x003a4fc0,0x003a4fc8,0x8
return_zero_z_244,0x003a4fd0,0x003a4fd8,0x8
noop_z_412,0x003a4fe0,0x003a4fe8,0x8
return_const_1_z_118,0x003a4ff0,0x003a4ff8,0x8
noop_z_413,0x003a5000,0x003a5008,0x8
noop_z_414,0x003a5010,0x003a5018,0x8
noop_z_415,0x003a5020,0x003a5028,0x8
wrap_obj_register_r,0x003a5030,0x003a5084,0x54
sub_3A5090,0x003a5090,0x003a5290,0x200
obj_set_field_byte_d,0x003a5290,0x003a5298,0x8
obj_set_field_c,0x003a52a0,0x003a52a8,0x8
obj_set_field_b,0x003a52b0,0x003a52b8,0x8
noop_wrapper_z_617,0x003a52c0,0x003a52c8,0x8
obj_shift_quat_buf_b,0x003a52d0,0x003a54a4,0x1d4
obj_set_fields___,0x003a54b0,0x003a5520,0x70
obj_set_fields___,0x003a5520,0x003a5590,0x70
get_data_ptr_z_286,0x003a5590,0x003a559c,0xc
get_data_ptr_z_287,0x003a55a0,0x003a55ac,0xc
get_data_ptr_z_288,0x003a55b0,0x003a55bc,0xc
get_data_ptr_z_289,0x003a55c0,0x003a55cc,0xc
wrap_obj_register_s,0x003a55d0,0x003a5624,0x54
obj_ctor_init___,0x003a5630,0x003a56a0,0x70
sub_3A56A0,0x003a56a0,0x003a5700,0x60
obj_ctor_init___,0x003a5700,0x003a5780,0x80
euler_to_quat_0_clone_03,0x003a5780,0x003a5eb8,0x738
pass_identity_b,0x003a5ec0,0x003a5ec8,0x8
identity_ptr,0x003a5ed0,0x003a5ed8,0x8
obj_get_byte_at38,0x003a5ee0,0x003a5ee8,0x8
noop_z_416,0x003a5ef0,0x003a5ef8,0x8
return_const_1_z_119,0x003a5f00,0x003a5f08,0x8
noop_z_417,0x003a5f10,0x003a5f18,0x8
wrap_obj_register_t,0x003a5f20,0x003a5f74,0x54
sub_3A5F80,0x003a5f80,0x003a5fe0,0x60
obj_ctor_init___,0x003a5fe0,0x003a6050,0x70
str_copy_n_e_clone_111,0x003a6050,0x003a64b0,0x460
wrap_thunk_FUN_003d1c40,0x003a64b0,0x003a64e4,0x34
obj_shift_quat_buf_c,0x003a64f0,0x003a65a8,0xb8
get_data_ptr_z_290,0x003a65b0,0x003a65bc,0xc
noop_z_418,0x003a65c0,0x003a65c8,0x8
wrap_obj_register_u,0x003a65d0,0x003a6624,0x54
sub_3A6630,0x003a6630,0x003a6690,0x60
obj_ctor_init___,0x003a6690,0x003a6700,0x70
state_byte_transition_q_04,0x003a6700,0x003a67d0,0xd0
sub_3A67D0,0x003a67d0,0x003a6fac,0x7dc
noop_z_419,0x003a6fb0,0x003a6fb8,0x8
wrap_obj_register_v,0x003a6fc0,0x003a7014,0x54
obj_ctor_init___,0x003a7020,0x003a70a0,0x80
euler_to_quat_0_clone_04,0x003a70a0,0x003a7904,0x864
wrap_obj_register_w,0x003a7910,0x003a7964,0x54
obj_ctor_init___,0x003a7970,0x003a79e0,0x70
euler_to_quat_z_04,0x003a79e0,0x003a7d48,0x368
obj_shift_quat_buf_d,0x003a7d50,0x003a7e08,0xb8
get_data_ptr_z_291,0x003a7e10,0x003a7e1c,0xc
wrap_obj_register_x,0x003a7e20,0x003a7e74,0x54
obj_ctor_init___,0x003a7e80,0x003a7ef0,0x70
state_byte_transition_q_05,0x003a7ef0,0x003a7fa0,0xb0
str_copy_n_e_clone_112,0x003a7fa0,0x003a8640,0x6a0
wrap_obj_register_y,0x003a8640,0x003a8694,0x54
obj_ctor_init___,0x003a86a0,0x003a8720,0x80
str_copy_n_e_clone_113,0x003a8720,0x003a8ecc,0x7ac
wrap_obj_register_z,0x003a8ed0,0x003a8f24,0x54
obj_ctor_init___,0x003a8f30,0x003a8fa0,0x70
obj_shift_quat_buf_e,0x003a8fa0,0x003a91cc,0x22c
flags_clear_mask_c,0x003a91d0,0x003a91f8,0x28
str_copy_n_e_clone_114,0x003a9200,0x003a9318,0x118
get_data_ptr_z_292,0x003a9320,0x003a932c,0xc
wrap_obj_register__,0x003a9330,0x003a9384,0x54
obj_ctor_init___,0x003a9390,0x003a9410,0x80
str_copy_n_e_clone_115,0x003a9410,0x003a9638,0x228
wrap_obj_register__,0x003a9640,0x003a9694,0x54
obj_ctor_init___,0x003a96a0,0x003a9710,0x70
vtable_dispatch___36_clone_14,0x003a9710,0x003a97a4,0x94
sub_3A97B0,0x003a97b0,0x003a98a0,0xf0
mem_compare_n_0_clone_52,0x003a98a0,0x003a9b0c,0x26c
mem_fill_z_277,0x003a9b10,0x003a9d1c,0x20c
return_const_1_z_120,0x003a9d20,0x003a9d28,0x8
obj_shift_quat_buf_f,0x003a9d30,0x003a9f24,0x1f4
get_data_ptr_z_293,0x003a9f30,0x003a9f3c,0xc
wrap_obj_register__,0x003a9f40,0x003a9f94,0x54
obj_ctor_init___,0x003a9fa0,0x003aa010,0x70
sub_3AA010,0x003aa010,0x003aa258,0x248
wrap_obj_register__,0x003aa260,0x003aa2b4,0x54
obj_ctor_init___,0x003aa2c0,0x003aa330,0x70
sub_3AA330,0x003aa330,0x003aa408,0xd8
get_data_ptr_z_294,0x003aa410,0x003aa41c,0xc
wrap_obj_register__,0x003aa420,0x003aa474,0x54
obj_ctor_init___,0x003aa480,0x003aa500,0x80
sub_3AA500,0x003aa500,0x003aa904,0x404
wrap_obj_register___,0x003aa910,0x003aa964,0x54
obj_ctor_init___,0x003aa970,0x003aa9e0,0x70
sub_3AA9E0,0x003aa9e0,0x003aab70,0x190
obj_shift_quat_buf_g,0x003aab70,0x003aac68,0xf8
get_data_ptr_z_295,0x003aac70,0x003aac7c,0xc
wrap_obj_register___,0x003aac80,0x003aacd4,0x54
obj_ctor_init___,0x003aace0,0x003aad60,0x80
sub_3AAD60,0x003aad60,0x003ab178,0x418
wrap_obj_register___,0x003ab180,0x003ab1d4,0x54
obj_ctor_init___,0x003ab1e0,0x003ab250,0x70
euler_to_quat_z_05,0x003ab250,0x003ab4dc,0x28c
obj_shift_quat_buf_h,0x003ab4e0,0x003ab680,0x1a0
get_data_ptr_z_296,0x003ab680,0x003ab68c,0xc
wrap_obj_register___,0x003ab690,0x003ab6e4,0x54
obj_ctor_init___,0x003ab6f0,0x003ab770,0x80
noop_z_420,0x003ab770,0x003ab778,0x8
mem_fill_z_221_clone_12,0x003ab780,0x003abe8c,0x70c
wrap_obj_register___,0x003abe90,0x003abee4,0x54
obj_ctor_init___,0x003abef0,0x003abf60,0x70
mem_fill_z_351,0x003abf60,0x003ac3f0,0x490
j_j_obj_detach_and_free_resources,0x003ac3f0,0x003ac3f8,0x8
get_data_ptr_z_297,0x003ac400,0x003ac40c,0xc
wrap_obj_register_,0x003ac410,0x003ac464,0x54
obj_ctor_init___,0x003ac470,0x003ac4e0,0x70
mem_fill_z_321_0,0x003ac4e0,0x003ac60c,0x12c
wrap_obj_register___,0x003ac610,0x003ac664,0x54
obj_ctor_init___,0x003ac670,0x003ac6f0,0x80
euler_to_quat_0_clone_05,0x003ac6f0,0x003acd24,0x634
wrap_obj_register___,0x003acd30,0x003acd84,0x54
obj_ctor_init___,0x003acd90,0x003ace00,0x70
mem_fill_z_278,0x003ace00,0x003ad2e8,0x4e8
wrap_thunk_FUN_003d1c40_b,0x003ad2f0,0x003ad334,0x44
obj_shift_quat_buf_i,0x003ad340,0x003ad40c,0xcc
wrap_var_10_0,0x003ad410,0x003ad43c,0x2c
get_data_ptr_z_298,0x003ad440,0x003ad44c,0xc
wrap_obj_register___,0x003ad450,0x003ad4a4,0x54
obj_ctor_init___,0x003ad4b0,0x003ad520,0x70
noop_wrapper___,0x003ad520,0x003ad54c,0x2c
sub_3AD550,0x003ad550,0x003ae0b0,0xb60
wrap_obj_register___,0x003ae0b0,0x003ae104,0x54
obj_ctor_init___,0x003ae110,0x003ae190,0x80
sub_3AE190,0x003ae190,0x003ae1e8,0x58
wrap_obj_register___,0x003ae1f0,0x003ae244,0x54
obj_ctor_init___,0x003ae250,0x003ae2d0,0x80
euler_to_quat_0_clone_06,0x003ae2d0,0x003aedfc,0xb2c
wrap_obj_register___,0x003aee00,0x003aee54,0x54
obj_ctor_init___,0x003aee60,0x003aeed0,0x70
obj_ctor_init___,0x003aeed0,0x003aef50,0x80
obj_set_fields___,0x003aef50,0x003aefa4,0x54
get_data_ptr_z_299,0x003aefb0,0x003aefbc,0xc
singleton_get_mgr_b,0x003aefc0,0x003af014,0x54
obj_ctor_init___,0x003af020,0x003af0a0,0x80
obj_set_fields_z_36,0x003af0a0,0x003af0fc,0x5c
wrap_obj_register___,0x003af100,0x003af154,0x54
obj_ctor_init___,0x003af160,0x003af1d0,0x70
sub_3AF1D0,0x003af1d0,0x003af370,0x1a0
get_data_ptr_z_300,0x003af370,0x003af37c,0xc
noop_z_421,0x003af380,0x003af388,0x8
wrap_obj_register___,0x003af390,0x003af3e4,0x54
obj_ctor_init___,0x003af3f0,0x003af470,0x80
wrap_obj_set_fields_q,0x003af470,0x003af4b0,0x40
euler_to_quat_0_clone_07,0x003af4b0,0x003afb80,0x6d0
wrap_obj_register___,0x003afb80,0x003afbd4,0x54
obj_ctor_init___,0x003afbe0,0x003afc50,0x70
euler_to_quat_z_29,0x003afc50,0x003aff54,0x304
sub_3AFF60,0x003aff60,0x003b008c,0x12c
get_data_ptr_z_301,0x003b0090,0x003b009c,0xc
wrap_obj_register___,0x003b00a0,0x003b00f4,0x54
obj_ctor_init___,0x003b0100,0x003b0180,0x80
noop_z_422,0x003b0180,0x003b0188,0x8
euler_to_quat_z_30,0x003b0190,0x003b07f8,0x668
wrap_obj_register___,0x003b0800,0x003b0854,0x54
str_copy_n_e_clone_116,0x003b0860,0x003b0c6c,0x40c
obj_set_fields___,0x003b0c70,0x003b0d00,0x90
get_data_ptr_z_302,0x003b0d00,0x003b0d0c,0xc
wrap_obj_register___,0x003b0d10,0x003b0d64,0x54
obj_ctor_init___,0x003b0d70,0x003b0de0,0x70
state_byte_transition_q_06,0x003b0de0,0x003b0ed4,0xf4
sub_3B0EE0,0x003b0ee0,0x003b16bc,0x7dc
wrap_obj_register___,0x003b16c0,0x003b1714,0x54
obj_ctor_init___,0x003b1720,0x003b17a0,0x80
euler_to_quat_0_clone_08,0x003b17a0,0x003b20bc,0x91c
wrap_obj_register___,0x003b20c0,0x003b2114,0x54
sub_3B2120,0x003b2120,0x003b2180,0x60
sub_3B2180,0x003b2180,0x003b2244,0xc4
scene_node_requeue_clone_18,0x003b2250,0x003b22b4,0x64
get_data_ptr_z_303,0x003b22c0,0x003b22cc,0xc
return_zero_z_245,0x003b22d0,0x003b22d8,0x8
wrap_obj_register___,0x003b22e0,0x003b2334,0x54
obj_ctor_init___,0x003b2340,0x003b23b0,0x70
wrap_obj_set_fields_q_b,0x003b23b0,0x003b23e8,0x38
str_copy_n_e_clone_117,0x003b23f0,0x003b26a4,0x2b4
sub_3B26B0,0x003b26b0,0x003b2710,0x60
obj_shift_quat_buf_j,0x003b2710,0x003b2878,0x168
return_const_1_z_121,0x003b2880,0x003b2888,0x8
obj_shift_quat_buf_k,0x003b2890,0x003b2900,0x70
j_obj_detach_and_free_resources_0,0x003b2900,0x003b2908,0x8
get_data_ptr_z_304,0x003b2910,0x003b291c,0xc
wrap_obj_register___,0x003b2920,0x003b2974,0x54
sub_3B2980,0x003b2980,0x003b29e0,0x60
obj_ctor_init___,0x003b29e0,0x003b2a50,0x70
sub_3B2A50,0x003b2a50,0x003b2ad4,0x84
noop_z_423,0x003b2ae0,0x003b2ae8,0x8
noop_z_424,0x003b2af0,0x003b2af8,0x8
wrap_obj_register___,0x003b2b00,0x003b2b54,0x54
obj_ctor_init___,0x003b2b60,0x003b2bd0,0x70
noop_z_425,0x003b2bd0,0x003b2bd8,0x8
mem_fill_z_279,0x003b2be0,0x003b2da4,0x1c4
noop_z_426,0x003b2db0,0x003b2db8,0x8
wrap_obj_register___,0x003b2dc0,0x003b2e14,0x54
obj_ctor_init___,0x003b2e20,0x003b2e90,0x70
obj_quat_changed_check_clone_04,0x003b2e90,0x003b2fb4,0x124
get_data_ptr_z_305,0x003b2fc0,0x003b2fcc,0xc
wrap_obj_register___,0x003b2fd0,0x003b3024,0x54
obj_ctor_init___,0x003b3030,0x003b30a0,0x70
obj_ctor_init___,0x003b30a0,0x003b3120,0x80
noop_wrapper___,0x003b3120,0x003b314c,0x2c
mem_fill_z_221_clone_13,0x003b3150,0x003b3364,0x214
noop_z_427,0x003b3370,0x003b3378,0x8
j_obj_set_fields___175,0x003b3380,0x003b3388,0x8
wrap_obj_set_state_by_index_0,0x003b3390,0x003b33b4,0x24
noop_z_428,0x003b33c0,0x003b33c8,0x8
wrap_obj_register___,0x003b33d0,0x003b3424,0x54
obj_ctor_init___,0x003b3430,0x003b34b0,0x80
mem_fill_z_221_clone_14,0x003b34b0,0x003b35fc,0x14c
wrap_obj_register___,0x003b3600,0x003b3654,0x54
sub_3B3660,0x003b3660,0x003b36c0,0x60
obj_shift_quat_buf_l,0x003b36c0,0x003b3940,0x280
noop_seq_var_10_z_76,0x003b3940,0x003b398c,0x4c
return_const_1_z_122,0x003b3990,0x003b3998,0x8
noop_wrapper_z_618,0x003b39a0,0x003b39a8,0x8
wrap_obj_alloc_and_init,0x003b39b0,0x003b3a18,0x68
obj_set_field_byte___,0x003b3a20,0x003b3a28,0x8
obj_set_fields___,0x003b3a30,0x003b3a90,0x60
sub_3B3A90,0x003b3a90,0x003b3adc,0x4c
sub_3B3AE0,0x003b3ae0,0x003b3c34,0x154
get_data_ptr_z_306,0x003b3c40,0x003b3c4c,0xc
curve_interp_call___09,0x003b3c50,0x003b3dcc,0x17c
pool_entry_pop___,0x003b3dd0,0x003b4578,0x7a8
sub_3B4580,0x003b4580,0x003b466c,0xec
wrap_obj_register___,0x003b4670,0x003b46c4,0x54
obj_ctor_init___,0x003b46d0,0x003b4740,0x70
mem_fill_z_280,0x003b4740,0x003b48c8,0x188
mem_fill_z_281,0x003b48d0,0x003b4df0,0x520
wrap_obj_set_fields_p,0x003b4df0,0x003b4e28,0x38
wrap_obj_register___,0x003b4e30,0x003b4e84,0x54
obj_ctor_init___,0x003b4e90,0x003b4f00,0x70
obj_submit_to_render_queue_clone_01,0x003b4f00,0x003b4f88,0x88
noop_z_429,0x003b4f90,0x003b4f98,0x8
noop_z_430,0x003b4fa0,0x003b4fa8,0x8
wrap_obj_register___,0x003b4fb0,0x003b5004,0x54
obj_ctor_init___,0x003b5010,0x003b5080,0x70
mem_fill_z_282,0x003b5080,0x003b5bc0,0xb40
sub_3B5BC0,0x003b5bc0,0x003b5c20,0x60
obj_init_state_machine_clone_01,0x003b5c20,0x003b5d64,0x144
obj_shift_quat_buf_m,0x003b5d70,0x003b5de0,0x70
return_zero_z_246,0x003b5de0,0x003b5de8,0x8
j_obj_detach_and_free_resources_1,0x003b5df0,0x003b5df8,0x8
get_data_ptr_z_307,0x003b5e00,0x003b5e0c,0xc
wrap_obj_register___,0x003b5e10,0x003b5e64,0x54
obj_ctor_init___,0x003b5e70,0x003b5ee0,0x70
sub_3B5EE0,0x003b5ee0,0x003b5f2c,0x4c
sub_3B5F30,0x003b5f30,0x003b5fc8,0x98
EngineUpdate_clone_18,0x003b5fd0,0x003b6000,0x30
wrap_obj_register___,0x003b6000,0x003b6054,0x54
obj_ctor_init___,0x003b6060,0x003b60d0,0x70
obj_shift_quat_buf_n,0x003b60d0,0x003b653c,0x46c
noop_seq_var_10_z_77,0x003b6540,0x003b657c,0x3c
sub_3B6580,0x003b6580,0x003b6680,0x100
fighter_track_tick_clone_19,0x003b6680,0x003b6990,0x310
obj_set_fields___,0x003b6990,0x003b6a08,0x78
mem_fill_z_283,0x003b6a10,0x003b6bb4,0x1a4
mem_fill_z_284,0x003b6bc0,0x003b6d64,0x1a4
CAppOptionRanking_Tick_clone_08,0x003b6d70,0x003b6dac,0x3c
get_data_ptr_z_308,0x003b6db0,0x003b6dbc,0xc
wrap_obj_register_,0x003b6dc0,0x003b6e14,0x54
obj_ctor_init___,0x003b6e20,0x003b6e90,0x70
obj_set_field_pair___,0x003b6e90,0x003b6ed0,0x40
sub_3B6ED0,0x003b6ed0,0x003b6fb4,0xe4
noop_z_431,0x003b6fc0,0x003b6fc8,0x8
wrap_obj_register___,0x003b6fd0,0x003b7024,0x54
obj_ctor_init___,0x003b7030,0x003b70b0,0x80
obj_set_fields___,0x003b70b0,0x003b7114,0x64
wrap_obj_register___,0x003b7120,0x003b7174,0x54
obj_ctor_init___,0x003b7180,0x003b71f0,0x70
mem_fill_z_271_clone_03,0x003b71f0,0x003b72f8,0x108
wrap_obj_register___,0x003b7300,0x003b7354,0x54
obj_ctor_init___,0x003b7360,0x003b73e0,0x80
obj_clear_all_slots_clone_04,0x003b73e0,0x003b7444,0x64
obj_init_state_machine,0x003b7450,0x003b751c,0xcc
obj_init_hitbox_array,0x003b7520,0x003b760c,0xec
obj_set_fields_i,0x003b7610,0x003b7648,0x38
obj_trail_update,0x003b7650,0x003b78fc,0x2ac
return_zero,0x003b7900,0x003b7908,0x8
j_obj_detach_and_free_resources_2,0x003b7910,0x003b7918,0x8
get_data_ptr_z_309,0x003b7920,0x003b792c,0xc
wrap_obj_register___,0x003b7930,0x003b7984,0x54
obj_ctor_init___,0x003b7990,0x003b7a00,0x70
obj_set_fields___,0x003b7a00,0x003b7a44,0x44
mem_fill_z_81_clone_10,0x003b7a50,0x003b7c18,0x1c8
noop_z_432,0x003b7c20,0x003b7c28,0x8
wrap_obj_register___,0x003b7c30,0x003b7c84,0x54
obj_ctor_init___,0x003b7c90,0x003b7d00,0x70
obj_sub_7d00,0x003b7d00,0x003b7d64,0x64
noop_wrapper_z_619,0x003b7d70,0x003b7d9c,0x2c
obj_tick_state_anim,0x003b7da0,0x003b7e50,0xb0
obj_end_trail,0x003b7e50,0x003b7e98,0x48
wrap_obj_register___,0x003b7ea0,0x003b7ef4,0x54
noop,0x003b7f00,0x003b7f08,0x8
obj_tick_movement,0x003b7f10,0x003b81d8,0x2c8
noop_z_433,0x003b81e0,0x003b81e8,0x8
wrap_obj_register___,0x003b81f0,0x003b8244,0x54
sub_3B8250,0x003b8250,0x003b82b0,0x60
obj_ctor_init___,0x003b82b0,0x003b8320,0x70
fighter_track_tick_clone_20,0x003b8320,0x003b856c,0x24c
obj_sub_b660_clone_06,0x003b8570,0x003b85e0,0x70
wrap_obj_set_fields_p_0,0x003b85e0,0x003b85e8,0x8
noop_z_434,0x003b85f0,0x003b85f8,0x8
return_const_1_z_123,0x003b8600,0x003b8608,0x8
noop_z_435,0x003b8610,0x003b8618,0x8
wrap_obj_register___,0x003b8620,0x003b8674,0x54
obj_ctor_init___,0x003b8680,0x003b86f0,0x70
obj_set_fields___,0x003b86f0,0x003b873c,0x4c
get_data_ptr_z_310,0x003b8740,0x003b874c,0xc
wrap_obj_register___,0x003b8750,0x003b87a4,0x54
obj_ctor_init___,0x003b87b0,0x003b8830,0x80
mem_fill_z_285,0x003b8830,0x003b8960,0x130
wrap_obj_register___,0x003b8960,0x003b89b4,0x54
obj_ctor_init___,0x003b89c0,0x003b8a30,0x70
noop_wrapper_z_620,0x003b8a30,0x003b8a38,0x8
sub_3B8A40,0x003b8a40,0x003b8b3c,0xfc
get_data_ptr_z_311,0x003b8b40,0x003b8b4c,0xc
wrap_obj_register___,0x003b8b50,0x003b8ba4,0x54
obj_ctor_init___,0x003b8bb0,0x003b8c30,0x80
sub_3B8C30,0x003b8c30,0x003b8ccc,0x9c
wrap_obj_register___,0x003b8cd0,0x003b8d24,0x54
obj_ctor_init___,0x003b8d30,0x003b8da0,0x70
obj_init_state_machine_clone_02,0x003b8da0,0x003b8ebc,0x11c
get_data_ptr_z_312,0x003b8ec0,0x003b8ecc,0xc
wrap_obj_register___,0x003b8ed0,0x003b8f24,0x54
obj_ctor_init___,0x003b8f30,0x003b8fa0,0x70
sub_3B8FA0,0x003b8fa0,0x003b9024,0x84
wrap_obj_register___,0x003b9030,0x003b9084,0x54
obj_ctor_init___,0x003b9090,0x003b9110,0x80
sub_3B9110,0x003b9110,0x003b926c,0x15c
wrap_obj_register___,0x003b9270,0x003b92c4,0x54
obj_ctor_init___,0x003b92d0,0x003b9340,0x70
singleton_sub_deb0_clone_08,0x003b9340,0x003b93c8,0x88
sub_3B93D0,0x003b93d0,0x003b93e0,0x10
get_data_ptr_z_313,0x003b93e0,0x003b93ec,0xc
wrap_obj_register___,0x003b93f0,0x003b9444,0x54
obj_ctor_init___,0x003b9450,0x003b94d0,0x80
mem_fill_z_286,0x003b94d0,0x003b99d0,0x500
wrap_obj_register___,0x003b99d0,0x003b9a24,0x54
obj_ctor_init___,0x003b9a30,0x003b9aa0,0x70
mem_fill_z_55_clone_24,0x003b9aa0,0x003b9cbc,0x21c
wrap_thunk_FUN_003d1c40_c,0x003b9cc0,0x003b9d04,0x44
get_data_ptr_z_314,0x003b9d10,0x003b9d1c,0xc
wrap_obj_register___,0x003b9d20,0x003b9d74,0x54
obj_ctor_init___,0x003b9d80,0x003b9e00,0x80
str_copy_n_e_clone_118,0x003b9e00,0x003ba11c,0x31c
wrap_obj_register___,0x003ba120,0x003ba174,0x54
obj_ctor_init___,0x003ba180,0x003ba1f0,0x70
mem_compare_n_0_clone_53,0x003ba1f0,0x003ba474,0x284
get_data_ptr_z_315,0x003ba480,0x003ba48c,0xc
wrap_obj_register___,0x003ba490,0x003ba4e4,0x54
obj_ctor_init___,0x003ba4f0,0x003ba560,0x70
obj_set_field_pair___,0x003ba560,0x003ba5a0,0x40
mem_fill_z_81_clone_11,0x003ba5a0,0x003ba708,0x168
noop_z_436,0x003ba710,0x003ba718,0x8
wrap_obj_register___,0x003ba720,0x003ba774,0x54
obj_ctor_init___,0x003ba780,0x003ba800,0x80
obj_interp_blend_pos_clone_02,0x003ba800,0x003bad40,0x540
wrap_obj_register___,0x003bad40,0x003bad94,0x54
obj_ctor_init___,0x003bada0,0x003bae10,0x70
mem_compare_n_0_clone_54,0x003bae10,0x003bb074,0x264
get_data_ptr_z_316,0x003bb080,0x003bb08c,0xc
wrap_obj_register___,0x003bb090,0x003bb0e4,0x54
obj_ctor_init___,0x003bb0f0,0x003bb160,0x70
sub_3BB160,0x003bb160,0x003bb1e0,0x80
euler_to_quat_0_clone_09,0x003bb1e0,0x003bb648,0x468
noop_z_437,0x003bb650,0x003bb658,0x8
wrap_obj_register___,0x003bb660,0x003bb6b4,0x54
obj_ctor_init___,0x003bb6c0,0x003bb740,0x80
obj_interp_blend_pos_clone_03,0x003bb740,0x003bbb6c,0x42c
wrap_obj_register___,0x003bbb70,0x003bbbc4,0x54
obj_ctor_init___,0x003bbbd0,0x003bbc40,0x70
obj_quat_changed_check_clone_05,0x003bbc40,0x003bbd50,0x110
mem_fill_z_287,0x003bbd50,0x003bbe2c,0xdc
get_data_ptr_z_317,0x003bbe30,0x003bbe3c,0xc
wrap_obj_register___,0x003bbe40,0x003bbe94,0x54
obj_ctor_init___,0x003bbea0,0x003bbf10,0x70
sub_3BBF10,0x003bbf10,0x003bbf94,0x84
wrap_obj_register___,0x003bbfa0,0x003bbff4,0x54
obj_ctor_init___,0x003bc000,0x003bc080,0x80
sub_3BC080,0x003bc080,0x003bc1c4,0x144
wrap_obj_register___,0x003bc1d0,0x003bc224,0x54
obj_ctor_init___,0x003bc230,0x003bc2a0,0x70
entity_tree_insert_and_init_clone_02,0x003bc2a0,0x003bc394,0xf4
get_data_ptr_z_318,0x003bc3a0,0x003bc3ac,0xc
wrap_obj_register___,0x003bc3b0,0x003bc404,0x54
obj_ctor_init___,0x003bc410,0x003bc490,0x80
wrap_obj_set_state_by_index,0x003bc490,0x003bc4d4,0x44
wrap_obj_register___,0x003bc4e0,0x003bc534,0x54
obj_ctor_init___,0x003bc540,0x003bc5c0,0x80
mem_fill_z_173_clone_01,0x003bc5c0,0x003bc6e0,0x120
wrap_obj_register___,0x003bc6e0,0x003bc734,0x54
obj_ctor_init___,0x003bc740,0x003bc7b0,0x70
noop_wrapper_z_621,0x003bc7b0,0x003bc7b8,0x8
state_byte_transition_z_0,0x003bc7c0,0x003bcbfc,0x43c
sub_3BCC00,0x003bcc00,0x003bcc70,0x70
get_data_ptr_z_319,0x003bcc70,0x003bcc7c,0xc
wrap_obj_register___,0x003bcc80,0x003bccd4,0x54
obj_ctor_init___,0x003bcce0,0x003bcd60,0x80
mem_fill_z_288,0x003bcd60,0x003bd410,0x6b0
wrap_obj_register___,0x003bd410,0x003bd464,0x54
obj_ctor_init___,0x003bd470,0x003bd4e0,0x70
noop_wrapper_z_622,0x003bd4e0,0x003bd4e8,0x8
sub_3BD4F0,0x003bd4f0,0x003bd638,0x148
get_data_ptr_z_320,0x003bd640,0x003bd64c,0xc
wrap_obj_register___,0x003bd650,0x003bd6a4,0x54
obj_ctor_init___,0x003bd6b0,0x003bd730,0x80
effect_spawn_colored_clone_03,0x003bd730,0x003bd9a8,0x278
sub_3BD9B0,0x003bd9b0,0x003bda6c,0xbc
mem_fill_z_37_clone_08,0x003bda70,0x003bdc08,0x198
mem_fill_z_289,0x003bdc10,0x003bdfd8,0x3c8
obj_sub_ca60_clone_23,0x003bdfe0,0x003be0b4,0xd4
wrap_obj_register___,0x003be0c0,0x003be114,0x54
obj_ctor_init___,0x003be120,0x003be190,0x70
sub_3BE190,0x003be190,0x003be250,0xc0
wrap_thunk_FUN_003d1c40_d,0x003be250,0x003be290,0x40
noop_wrapper_z_623,0x003be290,0x003be2a4,0x14
mem_fill_z_40_clone_09,0x003be2b0,0x003be384,0xd4
mem_compare_n_0_clone_55,0x003be390,0x003be49c,0x10c
sub_3BE4A0,0x003be4a0,0x003be55c,0xbc
get_data_ptr_z_321,0x003be560,0x003be56c,0xc
wrap_obj_register___,0x003be570,0x003be5c4,0x54
obj_ctor_init___,0x003be5d0,0x003be650,0x80
state_sub_e560_clone_01,0x003be650,0x003be71c,0xcc
mem_fill_z_290,0x003be720,0x003be8d0,0x1b0
wrap_obj_register___,0x003be8d0,0x003be924,0x54
obj_ctor_init___,0x003be930,0x003be9a0,0x70
sub_3BE9A0,0x003be9a0,0x003beaa4,0x104
sub_3BEAB0,0x003beab0,0x003beb1c,0x6c
get_data_ptr_z_322,0x003beb20,0x003beb2c,0xc
wrap_obj_register___,0x003beb30,0x003beb84,0x54
obj_ctor_init___,0x003beb90,0x003bec00,0x70
mem_fill_z_291,0x003bec00,0x003bed00,0x100
str_copy_n_e_clone_119,0x003bed00,0x003bf0ac,0x3ac
wrap_obj_register___,0x003bf0b0,0x003bf104,0x54
obj_ctor_init___,0x003bf110,0x003bf190,0x80
wrap_obj_tick_movement,0x003bf190,0x003bf1b0,0x20
wrap_obj_register___,0x003bf1b0,0x003bf204,0x54
obj_ctor_init___,0x003bf210,0x003bf280,0x70
mem_fill_z_292,0x003bf280,0x003bf380,0x100
flags_clear_mask_d,0x003bf380,0x003bf3a8,0x28
get_data_ptr_z_323,0x003bf3b0,0x003bf3bc,0xc
wrap_obj_register___,0x003bf3c0,0x003bf414,0x54
obj_ctor_init___,0x003bf420,0x003bf4a0,0x80
mem_fill_z_334_0,0x003bf4a0,0x003bf65c,0x1bc
wrap_obj_register___,0x003bf660,0x003bf6b4,0x54
obj_ctor_init___,0x003bf6c0,0x003bf740,0x80
mem_sub_8420_clone_01,0x003bf740,0x003bf818,0xd8
wrap_obj_register___,0x003bf820,0x003bf874,0x54
obj_ctor_init___,0x003bf880,0x003bf8f0,0x70
mem_fill_z_293,0x003bfa60,0x003bfc40,0x1e0
get_data_ptr_z_324,0x003bfc40,0x003bfc4c,0xc
wrap_obj_register___,0x003bfc50,0x003bfca4,0x54
obj_ctor_init___,0x003bfcb0,0x003bfd30,0x80
mem_fill_z_161_0,0x003bfd30,0x003bff78,0x248
sub_3BFF80,0x003bff80,0x003c0088,0x108
wrap_obj_register___,0x003c0090,0x003c00e4,0x54
obj_ctor_init___,0x003c00f0,0x003c0170,0x80
noop_wrapper_z_624,0x003c0170,0x003c0178,0x8
vtable_dispatch_o_0_clone_109,0x003c0180,0x003c0190,0x10
sub_3C0190,0x003c0190,0x003c0204,0x74
obj_set_fields_z_243,0x003c0210,0x003c025c,0x4c
mem_fill_z_294,0x003c0260,0x003c043c,0x1dc
get_data_ptr_z_325,0x003c0440,0x003c044c,0xc
wrap_obj_register___,0x003c0450,0x003c04a4,0x54
obj_ctor_init___,0x003c04b0,0x003c0520,0x70
noop_wrapper_z_625,0x003c0520,0x003c0528,0x8
mem_fill_z_55_clone_25,0x003c0530,0x003c0954,0x424
get_data_ptr_z_326,0x003c0960,0x003c096c,0xc
wrap_obj_register___,0x003c0970,0x003c09c4,0x54
obj_ctor_init___,0x003c09d0,0x003c0a50,0x80
sub_3C0A50,0x003c0a50,0x003c0f80,0x530
wrap_obj_register___,0x003c0f80,0x003c0fd4,0x54
obj_ctor_init___,0x003c0fe0,0x003c1050,0x70
CApp_CharaVS_Update_clone_08,0x003c1050,0x003c1214,0x1c4
j_j_obj_detach_and_free_resources_2,0x003c1220,0x003c1228,0x8
sub_3C1230,0x003c1230,0x003c13a0,0x170
get_data_ptr_z_327,0x003c13a0,0x003c13ac,0xc
wrap_obj_register___,0x003c13b0,0x003c1404,0x54
obj_ctor_init___,0x003c1410,0x003c1490,0x80
obj_set_fields___,0x003c1490,0x003c14ec,0x5c
wrap_obj_register___,0x003c14f0,0x003c1544,0x54
obj_ctor_init___,0x003c1550,0x003c15c0,0x70
sub_3C15C0,0x003c15c0,0x003c165c,0x9c
wrap_thunk_FUN_003d1c40_e,0x003c1660,0x003c16a4,0x44
get_data_ptr_z_328,0x003c16b0,0x003c16bc,0xc
wrap_obj_register___,0x003c16c0,0x003c1714,0x54
obj_ctor_init___,0x003c1720,0x003c17a0,0x80
mem_fill_z_295,0x003c17a0,0x003c1b20,0x380
wrap_obj_register___,0x003c1b20,0x003c1b74,0x54
obj_ctor_init___,0x003c1b80,0x003c1bf0,0x70
obj_ctor_init_n_clone_39,0x003c1bf0,0x003c1c8c,0x9c
get_data_ptr_z_329,0x003c1c90,0x003c1c9c,0xc
wrap_obj_register___,0x003c1ca0,0x003c1cf4,0x54
obj_ctor_init___,0x003c1d00,0x003c1d80,0x80
obj_interp_blend_pos_clone_04,0x003c1d80,0x003c1e78,0xf8
wrap_obj_register___,0x003c1e80,0x003c1ed4,0x54
obj_ctor_init___,0x003c1ee0,0x003c1f50,0x70
mem_fill_z_296,0x003c1f50,0x003c20bc,0x16c
wrap_thunk_FUN_003d1c40_f,0x003c20c0,0x003c2104,0x44
mem_fill_z_297,0x003c2110,0x003c219c,0x8c
get_data_ptr_z_330,0x003c21a0,0x003c21ac,0xc
wrap_obj_register___,0x003c21b0,0x003c2204,0x54
obj_ctor_init___,0x003c2210,0x003c2290,0x80
GS_DispatchPending_clone_07,0x003c2290,0x003c2374,0xe4
wrap_obj_register___,0x003c2380,0x003c23d4,0x54
obj_ctor_init___,0x003c23e0,0x003c2450,0x70
obj_set_fields___,0x003c2450,0x003c24a0,0x50
get_data_ptr_z_331,0x003c24a0,0x003c24ac,0xc
wrap_obj_register___,0x003c24b0,0x003c2504,0x54
obj_ctor_init___,0x003c2510,0x003c2590,0x80
mem_fill_z_298,0x003c2590,0x003c27d0,0x240
wrap_obj_register___,0x003c27d0,0x003c2824,0x54
obj_ctor_init___,0x003c2830,0x003c28a0,0x70
mem_fill_z_352,0x003c28a0,0x003c2cf8,0x458
wrap_thunk_FUN_003d1c40_g,0x003c2d00,0x003c2d38,0x38
get_data_ptr_z_332,0x003c2d40,0x003c2d4c,0xc
wrap_obj_register___,0x003c2d50,0x003c2da4,0x54
obj_ctor_init___,0x003c2db0,0x003c2e20,0x70
obj_set_fields___,0x003c2e20,0x003c2e7c,0x5c
mem_fill_z_221_clone_15,0x003c2e80,0x003c2fe0,0x160
noop_z_438,0x003c2fe0,0x003c2fe8,0x8
wrap_obj_register___,0x003c2ff0,0x003c3044,0x54
obj_ctor_init___,0x003c3050,0x003c30d0,0x80
str_copy_n_e_clone_120,0x003c30d0,0x003c4094,0xfc4
wrap_obj_register___,0x003c40a0,0x003c40f4,0x54
obj_ctor_init___,0x003c4100,0x003c4170,0x70
mem_fill_z_299,0x003c4170,0x003c4354,0x1e4
j_j_obj_detach_and_free_resources_2_0,0x003c4360,0x003c4368,0x8
get_data_ptr_z_333,0x003c4370,0x003c437c,0xc
wrap_obj_register___,0x003c4380,0x003c43d4,0x54
obj_ctor_init___,0x003c43e0,0x003c4450,0x70
sub_3C4450,0x003c4450,0x003c44d4,0x84
wrap_obj_register___,0x003c44e0,0x003c4534,0x54
obj_ctor_init___,0x003c4540,0x003c45c0,0x80
mem_fill_z_300,0x003c45c0,0x003c4e10,0x850
wrap_obj_register___,0x003c4e10,0x003c4e64,0x54
obj_ctor_init___,0x003c4e70,0x003c4ee0,0x70
mem_fill_z_301,0x003c4ee0,0x003c4f88,0xa8
vec4f_write_to_offset40_clone_05,0x003c4f90,0x003c4fb4,0x24
get_data_ptr_z_334,0x003c4fc0,0x003c4fcc,0xc
wrap_obj_register___,0x003c4fd0,0x003c5024,0x54
obj_ctor_init___,0x003c5030,0x003c50b0,0x80
mem_compare_n_0_clone_56,0x003c50b0,0x003c5334,0x284
wrap_obj_register___,0x003c5340,0x003c5394,0x54
obj_ctor_init___,0x003c53a0,0x003c5420,0x80
obj_set_fields___,0x003c5420,0x003c5484,0x64
wrap_obj_register___,0x003c5490,0x003c54e4,0x54
obj_ctor_init___,0x003c54f0,0x003c5560,0x70
noop_wrapper_z_626,0x003c5560,0x003c5568,0x8
str_copy_n_e_clone_121,0x003c5570,0x003c5980,0x410
sub_3C5980,0x003c5980,0x003c5a2c,0xac
vtable_dispatch_o_0_clone_110,0x003c5a30,0x003c5a48,0x18
obj_submit_to_render_queue_clone_02,0x003c5a50,0x003c5b04,0xb4
obj_shift_quat_buf_o,0x003c5b10,0x003c5c54,0x144
mem_compare_n_0_clone_57,0x003c5c60,0x003c5d4c,0xec
get_data_ptr_z_335,0x003c5d50,0x003c5d5c,0xc
wrap_obj_register___,0x003c5d60,0x003c5db4,0x54
obj_ctor_init___,0x003c5dc0,0x003c5e30,0x70
sub_3C5E30,0x003c5e30,0x003c5f48,0x118
obj_interp_blend_pos_clone_05,0x003c5f50,0x003c6b20,0xbd0
wrap_obj_register___,0x003c6b20,0x003c6b74,0x54
obj_ctor_init___,0x003c6b80,0x003c6c00,0x80
str_copy_n_e_clone_122,0x003c6c00,0x003c78d0,0xcd0
wrap_obj_register___,0x003c78d0,0x003c7924,0x54
obj_ctor_init___,0x003c7930,0x003c79a0,0x70
noop_wrapper_z_627,0x003c79a0,0x003c79a8,0x8
slerp_quat_c_clone_12,0x003c79b0,0x003c7b54,0x1a4
sub_3C7B60,0x003c7b60,0x003c7c30,0xd0
obj_shift_quat_buf_p,0x003c7c30,0x003c7cbc,0x8c
noop_wrapper_z_628,0x003c7cc0,0x003c7cd4,0x14
obj_submit_to_render_queue_clone_03,0x003c7ce0,0x003c7d94,0xb4
get_data_ptr_z_336,0x003c7da0,0x003c7dac,0xc
wrap_obj_register___,0x003c7db0,0x003c7e04,0x54
obj_ctor_init___,0x003c7e10,0x003c7e80,0x70
sub_3C7E80,0x003c7e80,0x003c7f10,0x90
obj_interp_blend_pos_clone_06,0x003c7f10,0x003c8534,0x624
wrap_obj_register___,0x003c8540,0x003c8594,0x54
obj_ctor_init___,0x003c85a0,0x003c8620,0x80
str_copy_n_e_clone_123,0x003c8620,0x003c8cbc,0x69c
wrap_obj_register___,0x003c8cc0,0x003c8d14,0x54
obj_ctor_init___,0x003c8d20,0x003c8d90,0x70
mem_fill_z_302,0x003c8d90,0x003c8ff0,0x260
wrap_thunk_FUN_003d1c40_h,0x003c8ff0,0x003c9034,0x44
sub_3C9040,0x003c9040,0x003c9070,0x30
get_data_ptr_z_337,0x003c9070,0x003c907c,0xc
wrap_obj_register___,0x003c9080,0x003c90d4,0x54
obj_ctor_init___,0x003c90e0,0x003c9160,0x80
sub_3C9160,0x003c9160,0x003c91d4,0x74
sub_3C91E0,0x003c91e0,0x003c9334,0x154
wrap_obj_register___,0x003c9340,0x003c9394,0x54
obj_ctor_init___,0x003c93a0,0x003c9410,0x70
obj_init_state_machine_clone_03,0x003c9410,0x003c9730,0x320
get_data_ptr_z_338,0x003c9730,0x003c973c,0xc
wrap_obj_register___,0x003c9740,0x003c9794,0x54
obj_ctor_init___,0x003c97a0,0x003c9820,0x80
obj_interp_blend_pos_clone_07,0x003c9820,0x003c9960,0x140
wrap_obj_register___,0x003c9960,0x003c99b4,0x54
obj_ctor_init___,0x003c99c0,0x003c9a30,0x70
sub_3C9A30,0x003c9a30,0x003c9b64,0x134
j_j_obj_detach_and_free_resources_2_1,0x003c9b70,0x003c9b78,0x8
noop_z_439,0x003c9b80,0x003c9b88,0x8
get_data_ptr_z_339,0x003c9b90,0x003c9b9c,0xc
wrap_obj_register___,0x003c9ba0,0x003c9bf4,0x54
obj_ctor_init___,0x003c9c00,0x003c9c80,0x80
wrap_obj_set_fields_q_c,0x003c9c80,0x003c9cc0,0x40
mem_fill_z_303,0x003c9cc0,0x003c9eac,0x1ec
wrap_obj_register___,0x003c9eb0,0x003c9f04,0x54
obj_ctor_init___,0x003c9f10,0x003c9f80,0x70
sub_3C9F80,0x003c9f80,0x003ca0e4,0x164
wrap_thunk_FUN_003d1c40_i,0x003ca0f0,0x003ca130,0x40
get_field_val_z_78,0x003ca130,0x003ca144,0x14
sub_3CA150,0x003ca150,0x003ca218,0xc8
obj_set_fields_z_244,0x003ca220,0x003ca2a0,0x80
obj_shift_quat_buf_q,0x003ca2a0,0x003ca3b8,0x118
get_data_ptr_z_340,0x003ca3c0,0x003ca3cc,0xc
wrap_obj_register___,0x003ca3d0,0x003ca424,0x54
obj_ctor_init___,0x003ca430,0x003ca4b0,0x80
obj_set_fields___,0x003ca4b0,0x003ca508,0x58
wrap_obj_register___,0x003ca510,0x003ca564,0x54
obj_ctor_init___,0x003ca570,0x003ca5f0,0x80
mem_fill_z_304,0x003ca5f0,0x003ca9c4,0x3d4
wrap_obj_register___,0x003ca9d0,0x003caa24,0x54
obj_ctor_init___,0x003caa30,0x003caaa0,0x70
sub_3CAAA0,0x003caaa0,0x003cab7c,0xdc
get_data_ptr_z_341,0x003cab80,0x003cab8c,0xc
wrap_obj_register___,0x003cab90,0x003cabe4,0x54
obj_ctor_init___,0x003cabf0,0x003cac60,0x70
sub_3CAC60,0x003cac60,0x003cace4,0x84
wrap_obj_register___,0x003cacf0,0x003cad44,0x54
obj_ctor_init___,0x003cad50,0x003cadd0,0x80
sub_3CADD0,0x003cadd0,0x003cb020,0x250
wrap_obj_register___,0x003cb020,0x003cb074,0x54
obj_ctor_init___,0x003cb080,0x003cb100,0x80
obj_set_fields___,0x003cb100,0x003cb164,0x64
wrap_obj_register___,0x003cb170,0x003cb1c4,0x54
obj_ctor_init___,0x003cb1d0,0x003cb240,0x70
noop_wrapper_z_629,0x003cb240,0x003cb248,0x8
state_byte_transition_clone_18,0x003cb250,0x003cb684,0x434
obj_submit_to_render_queue_clone_04,0x003cb690,0x003cb788,0xf8
get_data_ptr_z_342,0x003cb790,0x003cb79c,0xc
wrap_obj_register___,0x003cb7a0,0x003cb7f4,0x54
obj_ctor_init___,0x003cb800,0x003cb880,0x80
sub_3CB880,0x003cb880,0x003cb8ec,0x6c
wrap_obj_register___,0x003cb8f0,0x003cb944,0x54
obj_ctor_init___,0x003cb950,0x003cb9d0,0x80
mem_fill_z_305,0x003cb9d0,0x003cc1a4,0x7d4
wrap_obj_register___,0x003cc1b0,0x003cc204,0x54
obj_ctor_init___,0x003cc210,0x003cc280,0x70
sub_3CC280,0x003cc280,0x003cc398,0x118
j_j_obj_detach_and_free_resources_2_2,0x003cc3a0,0x003cc3a8,0x8
noop_wrapper_z_630,0x003cc3b0,0x003cc3c4,0x14
sub_3CC3D0,0x003cc3d0,0x003cc5b8,0x1e8
sub_3CC5C0,0x003cc5c0,0x003cc69c,0xdc
get_data_ptr_z_343,0x003cc6a0,0x003cc6ac,0xc
wrap_obj_register___,0x003cc6b0,0x003cc704,0x54
obj_ctor_init___,0x003cc710,0x003cc790,0x80
sub_3CC790,0x003cc790,0x003cc884,0xf4
mem_fill_z_306,0x003cc890,0x003ccde4,0x554
wrap_obj_register___,0x003ccdf0,0x003cce44,0x54
obj_ctor_init___,0x003cce50,0x003ccec0,0x70
mem_fill_z_307,0x003ccec0,0x003cd2a4,0x3e4
sub_3CD2B0,0x003cd2b0,0x003cd338,0x88
get_field_val_z_79,0x003cd340,0x003cd354,0x14
mem_fill_z_308,0x003cd360,0x003cd400,0xa0
get_field_val___,0x003cd400,0x003cd408,0x8
mem_fill_z_37_clone_09,0x003cd410,0x003cd4d0,0xc0
sub_3CD4D0,0x003cd4d0,0x003cd59c,0xcc
mem_fill_z_81_clone_12,0x003cd5a0,0x003cd784,0x1e4
obj_shift_quat_buf_r,0x003cd790,0x003cd994,0x204
str_copy_n_e_clone_124,0x003cd9a0,0x003cda98,0xf8
get_data_ptr_z_344,0x003cdaa0,0x003cdaac,0xc
wrap_obj_register___,0x003cdab0,0x003cdb04,0x54
obj_ctor_init___,0x003cdb10,0x003cdb90,0x80
state_byte_transition_t_0,0x003cdb90,0x003cdc5c,0xcc
wrap_obj_register___,0x003cdc60,0x003cdcb4,0x54
obj_ctor_init___,0x003cdcc0,0x003cdd40,0x80
mem_fill_z_309,0x003cdd40,0x003ce200,0x4c0
wrap_obj_register___,0x003ce200,0x003ce254,0x54
obj_ctor_init___,0x003ce260,0x003ce2d0,0x70
hud_text_set_clone_01,0x003ce2d0,0x003ce618,0x348
wrap_thunk_FUN_003d1c40_j,0x003ce620,0x003ce664,0x44
noop_z_440,0x003ce670,0x003ce678,0x8
mem_fill_z_353,0x003ce680,0x003cea34,0x3b4
get_data_ptr_z_345,0x003cea40,0x003cea4c,0xc
wrap_obj_register___,0x003cea50,0x003ceaa4,0x54
obj_ctor_init___,0x003ceab0,0x003ceb30,0x80
mem_fill_z_310,0x003ceb30,0x003cecf4,0x1c4
euler_to_quat_0_clone_10,0x003ced00,0x003cf654,0x954
vtable_sub_fa80_clone_02,0x003cf660,0x003cf86c,0x20c
wrap_obj_register___,0x003cf870,0x003cf8c4,0x54
sub_3CF8D0,0x003cf8d0,0x003cf930,0x60
CAppMain_Ctor_clone_03,0x003cf930,0x003cf980,0x50
get_data_ptr_z_346,0x003cf980,0x003cf98c,0xc
wrap_obj_register___,0x003cf990,0x003cf9e4,0x54
obj_ctor_init___,0x003cf9f0,0x003cfa70,0x80
wrap_obj_set_fields_q_d,0x003cfa70,0x003cfaa8,0x38
sub_3CFAB0,0x003cfab0,0x003cfadc,0x2c
wrap_obj_register___,0x003cfae0,0x003cfb34,0x54
sub_3CFB40,0x003cfb40,0x003cfba0,0x60
obj_shift_quat_buf_s,0x003cfba0,0x003cfe4c,0x2ac
sub_3CFE50,0x003cfe50,0x003cffc8,0x178
return_zero_z_247,0x003cffd0,0x003cffd8,0x8
mem_fill_z_50_0,0x003cffe0,0x003d0088,0xa8
mem_fill_z_51_0,0x003d0090,0x003d0138,0xa8
get_data_ptr_z_347,0x003d0140,0x003d014c,0xc
wrap_obj_register___,0x003d0150,0x003d01a4,0x54
obj_ctor_init___,0x003d01b0,0x003d0220,0x70
noop_z_441,0x003d0220,0x003d0228,0x8
euler_to_quat_z_31,0x003d0230,0x003d0584,0x354
str_copy_n_k_clone_01,0x003d0590,0x003d0760,0x1d0
noop_z_442,0x003d0760,0x003d0768,0x8
pool_entry_pop___,0x003d0790,0x003d07d4,0x44
obj_ctor_init___,0x003d07e0,0x003d0828,0x48
pool_entry_push___,0x003d0830,0x003d08a8,0x78
singleton_lazy_init___,0x003d08b0,0x003d0984,0xd4
sub_3D0990,0x003d0990,0x003d0a80,0xf0
obj_set_state_and_dispatch,0x003d0a80,0x003d0aac,0x2c
obj_set_state_by_index,0x003d0ab0,0x003d0b24,0x74
obj_set_fields___,0x003d0b30,0x003d0b50,0x20
sub_3D0B50,0x003d0b50,0x003d0c78,0x128
singleton_sub_deb0_clone_09,0x003d0c80,0x003d0df0,0x170
return_zero___,0x003d0df0,0x003d0e10,0x20
j_j_nullsub_127,0x003d0e10,0x003d0e18,0x8
sub_3D0E20,0x003d0e20,0x003d0e98,0x78
wrap_thunk_FUN_00301c10,0x003d0ea0,0x003d0eec,0x4c
obj_set_hit_vec4,0x003d0ef0,0x003d0f34,0x44
sub_3D0F40,0x003d0f40,0x003d0fc0,0x80
sub_3D0FC0,0x003d0fc0,0x003d101c,0x5c
wrap_obj_push_collider,0x003d1020,0x003d105c,0x3c
vec3f_not_equal_clone_02,0x003d1060,0x003d10d8,0x78
get_data_ptr_z_348,0x003d10e0,0x003d10ec,0xc
pool_entry_pop___,0x003d10f0,0x003d117c,0x8c
fighter_track_ctor_clone_03,0x003d1180,0x003d1240,0xc0
sub_3D1240,0x003d1240,0x003d144c,0x20c
wrap_obj_copy_fields_clone_05,0x003d1450,0x003d14a0,0x50
obj_set_fields__06,0x003d14a0,0x003d1540,0xa0
sub_3D1540,0x003d1540,0x003d1548,0x8
j_scene_node_set_visible_4,0x003d1550,0x003d1558,0x8
j_scene_graph_flush_1,0x003d1560,0x003d1568,0x8
sub_3D1570,0x003d1570,0x003d1708,0x198
sub_3D1710,0x003d1710,0x003d17cc,0xbc
obj_attach_child,0x003d17d0,0x003d1860,0x90
sub_3D1860,0x003d1860,0x003d18bc,0x5c
sub_3D18C0,0x003d18c0,0x003d1984,0xc4
wrap_obj_get_field0c_b_b,0x003d1990,0x003d19b4,0x24
get_data_ptr_z_349,0x003d19c0,0x003d19cc,0xc
noop_z_443,0x003d19d0,0x003d19d8,0x8
sub_3D19E0,0x003d19e0,0x003d1a40,0x60
obj_sub_1a40,0x003d1a40,0x003d1c34,0x1f4
obj_detach_and_free_resources,0x003d1c40,0x003d1da4,0x164
obj_apply_srt_conditional,0x003d1db0,0x003d1e20,0x70
get_field_val_z_80,0x003d1e20,0x003d1e2c,0xc
obj_submit_to_render_queue,0x003d1e30,0x003d1eac,0x7c
sub_3D1EB0,0x003d1eb0,0x003d1f30,0x80
obj_set_fields___,0x003d1f30,0x003d1f84,0x54
obj_sub_1f90,0x003d1f90,0x003d2104,0x174
obj_set_fields_p,0x003d2110,0x003d2158,0x48
obj_set_fields_q,0x003d2160,0x003d21a4,0x44
sub_3D21B0,0x003d21b0,0x003d2250,0xa0
sub_3D2250,0x003d2250,0x003d22d8,0x88
obj_get_pos_from_vtable_entry,0x003d22e0,0x003d235c,0x7c
obj_set_fields_z_245,0x003d2360,0x003d23b4,0x54
obj_update_collision_pos,0x003d23c0,0x003d2484,0xc4
sub_3D2490,0x003d2490,0x003d2588,0xf8
obj_raycast_hit_check_ex,0x003d2590,0x003d28c8,0x338
obj_raycast_hit_check,0x003d28d0,0x003d2be0,0x310
get_data_ptr_z_350,0x003d2be0,0x003d2bec,0xc
wrap_obj_register___,0x003d2bf0,0x003d2c44,0x54
obj_set_fields___,0x003d2c50,0x003d2cac,0x5c
hud_sub_dd30_clone_12,0x003d2cb0,0x003d2d44,0x94
wrap_obj_set_fields_q_e,0x003d2d50,0x003d2d88,0x38
return_zero___,0x003d2d90,0x003d2dbc,0x2c
noop_z_444,0x003d2dc0,0x003d2dc8,0x8
obj_shift_quat_buf_b,0x003d2dd0,0x003d2fa8,0x1d8
wrap_obj_register___,0x003d2fb0,0x003d3004,0x54
sub_3D3010,0x003d3010,0x003d3070,0x60
mem_fill_e_0_clone_01,0x003d3070,0x003d3298,0x228
mem_fill_s,0x003d32a0,0x003d3558,0x2b8
get_data_ptr_z_351,0x003d3560,0x003d356c,0xc
wrap_obj_register___,0x003d3570,0x003d35c4,0x54
obj_ctor_init___,0x003d35d0,0x003d3640,0x70
sub_3D3640,0x003d3640,0x003d36c4,0x84
wrap_obj_register___,0x003d36d0,0x003d3724,0x54
obj_ctor_init___,0x003d3730,0x003d37a0,0x70
wrap_obj_set_fields_q_f,0x003d37a0,0x003d37d8,0x38
str_copy_n_e_clone_125,0x003d37e0,0x003d38f8,0x118
wrap_obj_register___,0x003d3900,0x003d3954,0x54
obj_ctor_init___,0x003d3960,0x003d39e0,0x80
mem_fill_z_326_1,0x003d39e0,0x003d477c,0xd9c
wrap_obj_register___,0x003d4780,0x003d47d4,0x54
obj_ctor_init___,0x003d47e0,0x003d4850,0x70
noop_wrapper_z_631,0x003d4850,0x003d4858,0x8
state_byte_transition_clone_19,0x003d4860,0x003d4c6c,0x40c
get_data_ptr_z_352,0x003d4c70,0x003d4c7c,0xc
wrap_obj_register___,0x003d4c80,0x003d4cd4,0x54
obj_ctor_init___,0x003d4ce0,0x003d4d50,0x70
sub_3D4D50,0x003d4d50,0x003d4fe4,0x294
sub_3D4FF0,0x003d4ff0,0x003d503c,0x4c
sub_3D5040,0x003d5040,0x003d50c0,0x80
wrap_obj_raycast_hit_check,0x003d50c0,0x003d50f0,0x30
mem_fill_z_311,0x003d50f0,0x003d52b4,0x1c4
get_data_ptr_z_353,0x003d52c0,0x003d52cc,0xc
wrap_obj_register___,0x003d52d0,0x003d5324,0x54
obj_ctor_init___,0x003d5330,0x003d53a0,0x70
mem_fill_z_312,0x003d53a0,0x003d5510,0x170
get_data_ptr_z_354,0x003d5510,0x003d551c,0xc
wrap_obj_register___,0x003d5520,0x003d5574,0x54
obj_ctor_init___,0x003d5580,0x003d55f0,0x70
mem_fill_z_313,0x003d55f0,0x003d582c,0x23c
get_data_ptr_z_355,0x003d5830,0x003d583c,0xc
wrap_obj_register___,0x003d5840,0x003d5894,0x54
obj_ctor_init___,0x003d58a0,0x003d5910,0x70
str_copy_n_e_clone_126,0x003d5910,0x003d5c04,0x2f4
get_data_ptr_z_356,0x003d5c10,0x003d5c1c,0xc
wrap_obj_register___,0x003d5c20,0x003d5c74,0x54
obj_ctor_init___,0x003d5c80,0x003d5d00,0x80
wrap_obj_update_curve_interp_d_clone_10,0x003d5d00,0x003d5d44,0x44
mem_fill_z_314,0x003d5d50,0x003d647c,0x72c
wrap_obj_register___,0x003d6480,0x003d64d4,0x54
obj_ctor_init___,0x003d64e0,0x003d6550,0x70
euler_to_quat_s,0x003d6550,0x003d6b3c,0x5ec
mem_fill_z_315,0x003d6b40,0x003d6da0,0x260
wrap_obj_register___,0x003d6da0,0x003d6df4,0x54
obj_ctor_init___,0x003d6e00,0x003d6e80,0x80
mem_fill_z_316,0x003d6e80,0x003d70f0,0x270
wrap_obj_register___,0x003d70f0,0x003d7144,0x54
obj_ctor_init___,0x003d7150,0x003d71d0,0x80
obj_interp_blend_pos_clone_08,0x003d71d0,0x003d75e0,0x410
wrap_obj_register___,0x003d75e0,0x003d7634,0x54
obj_ctor_init___,0x003d7640,0x003d76c0,0x80
mem_fill_z_317,0x003d76c0,0x003d7d44,0x684
wrap_obj_register___,0x003d7d50,0x003d7da4,0x54
obj_ctor_init___,0x003d7db0,0x003d7e20,0x70
mem_fill_z_318,0x003d7e20,0x003d815c,0x33c
get_data_ptr_z_357,0x003d8160,0x003d816c,0xc
wrap_obj_register___,0x003d8170,0x003d81c4,0x54
obj_ctor_init___,0x003d81d0,0x003d8240,0x70
noop_wrapper_z_632,0x003d8240,0x003d8248,0x8
mem_compare_n_0_clone_58,0x003d8250,0x003d893c,0x6ec
obj_shift_quat_buf_t,0x003d8940,0x003d8a34,0xf4
get_data_ptr_z_358,0x003d8a40,0x003d8a4c,0xc
wrap_obj_register___,0x003d8a50,0x003d8aa4,0x54
obj_ctor_init___,0x003d8ab0,0x003d8b30,0x80
mem_fill_z_327_1,0x003d8b30,0x003d9304,0x7d4
wrap_obj_register___,0x003d9310,0x003d9364,0x54
obj_ctor_init___,0x003d9370,0x003d93f0,0x80
obj_interp_blend_pos_clone_09,0x003d93f0,0x003d94e8,0xf8
wrap_obj_register___,0x003d94f0,0x003d9544,0x54
obj_ctor_init___,0x003d9550,0x003d95d0,0x80
mem_fill_z_319,0x003d95d0,0x003d9790,0x1c0
wrap_obj_register___,0x003d9790,0x003d97e4,0x54
obj_ctor_init___,0x003d97f0,0x003d9870,0x80
EngineUpdate_clone_19,0x003d9870,0x003d98a8,0x38
wrap_obj_register___,0x003d98b0,0x003d9904,0x54
obj_ctor_init___,0x003d9910,0x003d9990,0x80
sub_3D9990,0x003d9990,0x003d99e8,0x58
wrap_obj_register___,0x003d99f0,0x003d9a44,0x54
obj_ctor_init___,0x003d9a50,0x003d9ac0,0x70
noop_wrapper_z_633,0x003d9ac0,0x003d9ac8,0x8
obj_set_fields___34_0,0x003d9ad0,0x003d9b64,0x94
wrap_obj_alloc_and_init_b,0x003d9b70,0x003d9bd8,0x68
get_data_ptr_z_359,0x003d9be0,0x003d9bec,0xc
wrap_obj_register___,0x003d9bf0,0x003d9c44,0x54
sub_3D9C50,0x003d9c50,0x003d9cb0,0x60
mem_fill_z_320,0x003d9cb0,0x003d9fe8,0x338
sub_3D9FF0,0x003d9ff0,0x003da0c8,0xd8
mem_fill_z_321,0x003da0d0,0x003da264,0x194
get_data_ptr_z_360,0x003da270,0x003da27c,0xc
wrap_obj_register___,0x003da280,0x003da2d4,0x54
obj_ctor_init___,0x003da2e0,0x003da350,0x70
wrap_obj_set_fields_q_g,0x003da350,0x003da388,0x38
sub_3DA390,0x003da390,0x003da634,0x2a4
sub_3DA640,0x003da640,0x003da77c,0x13c
wrap_obj_register___,0x003da780,0x003da7d4,0x54
obj_ctor_init___,0x003da7e0,0x003da860,0x80
obj_set_fields___,0x003da860,0x003da8d8,0x78
wrap_obj_register___,0x003da8e0,0x003da934,0x54
obj_ctor_init___,0x003da940,0x003da9c0,0x80
mem_compare_n_0_clone_59,0x003da9c0,0x003dac40,0x280
wrap_obj_register___,0x003dac40,0x003dac94,0x54
obj_ctor_init___,0x003daca0,0x003dad10,0x70
euler_to_quat_z_32,0x003dad10,0x003daedc,0x1cc
sub_3DAEE0,0x003daee0,0x003daf40,0x60
mem_fill_z_322,0x003daf40,0x003db004,0xc4
wrap_obj_alloc_and_init_c,0x003db010,0x003db078,0x68
get_field_val_z_81,0x003db080,0x003db094,0x14
mem_fill_z_323,0x003db0a0,0x003db2ec,0x24c
obj_shift_quat_buf_u,0x003db2f0,0x003db3c0,0xd0
get_data_ptr_z_361,0x003db3c0,0x003db3cc,0xc
wrap_obj_register___,0x003db3d0,0x003db424,0x54
obj_ctor_init___,0x003db430,0x003db4b0,0x80
mem_fill_z_324,0x003db4b0,0x003db7d0,0x320
wrap_obj_register___,0x003db7d0,0x003db824,0x54
obj_ctor_init___,0x003db830,0x003db8a0,0x70
mem_compare_n_0_clone_60,0x003db8a0,0x003db9d8,0x138
obj_submit_to_render_queue_clone_05,0x003db9e0,0x003dbab8,0xd8
get_data_ptr_z_362,0x003dbac0,0x003dbacc,0xc
wrap_obj_register___,0x003dbad0,0x003dbb24,0x54
obj_ctor_init___,0x003dbb30,0x003dbbb0,0x80
sub_3DBBB0,0x003dbbb0,0x003dbc64,0xb4
wrap_obj_register___,0x003dbc70,0x003dbcc4,0x54
obj_ctor_init___,0x003dbcd0,0x003dbd40,0x70
obj_shift_quat_buf_v,0x003dbd40,0x003dbf6c,0x22c
noop_z_445,0x003dbf70,0x003dbf78,0x8
get_data_ptr_z_363,0x003dbf80,0x003dbf8c,0xc
wrap_obj_register___,0x003dbf90,0x003dbfe4,0x54
obj_ctor_init___,0x003dbff0,0x003dc070,0x80
mem_fill_z_325,0x003dc070,0x003dc390,0x320
wrap_obj_register___,0x003dc390,0x003dc3e4,0x54
obj_ctor_init___,0x003dc3f0,0x003dc460,0x70
noop_wrapper_z_634,0x003dc460,0x003dc468,0x8
sub_3DC470,0x003dc470,0x003dc560,0xf0
obj_shift_quat_buf_w,0x003dc560,0x003dc5f4,0x94
get_data_ptr_z_364,0x003dc600,0x003dc60c,0xc
noop_z_446,0x003dc610,0x003dc618,0x8
wrap_obj_register___,0x003dc620,0x003dc674,0x54
obj_ctor_init___,0x003dc680,0x003dc6f0,0x70
noop_wrapper_z_635,0x003dc6f0,0x003dc6f8,0x8
mem_fill_z_138_clone_03,0x003dc700,0x003dc884,0x184
obj_shift_quat_buf_x,0x003dc890,0x003dcbcc,0x33c
get_data_ptr_z_365,0x003dcbd0,0x003dcbdc,0xc
wrap_obj_register___,0x003dcbe0,0x003dcc34,0x54
obj_ctor_init___,0x003dcc40,0x003dccc0,0x80
euler_to_quat_z_33,0x003dccc0,0x003dd11c,0x45c
wrap_obj_register___,0x003dd120,0x003dd174,0x54
obj_ctor_init___,0x003dd180,0x003dd1f0,0x70
noop_wrapper_z_636,0x003dd1f0,0x003dd1f8,0x8
sub_3DD200,0x003dd200,0x003dd2a8,0xa8
pool_alloc_entry_clone_05,0x003dd2b0,0x003dd320,0x70
wrap_obj_alloc_and_init_d,0x003dd320,0x003dd388,0x68
get_data_ptr_z_366,0x003dd390,0x003dd39c,0xc
mem_fill_z_326,0x003dd3a0,0x003dd494,0xf4
sub_3DD4A0,0x003dd4a0,0x003dd59c,0xfc
mem_fill_z_327,0x003dd5a0,0x003dd6b0,0x110
wrap_obj_register___,0x003dd6b0,0x003dd704,0x54
obj_ctor_init___,0x003dd710,0x003dd790,0x80
sub_3DD790,0x003dd790,0x003dd7f8,0x68
wrap_obj_register___,0x003dd800,0x003dd854,0x54
obj_ctor_init___,0x003dd860,0x003dd8d0,0x70
state_byte_transition_q_07,0x003dd8d0,0x003dd9a0,0xd0
sub_3DD9A0,0x003dd9a0,0x003de17c,0x7dc
wrap_obj_register___,0x003de180,0x003de1d4,0x54
obj_ctor_init___,0x003de1e0,0x003de260,0x80
sub_3DE260,0x003de260,0x003de4bc,0x25c
wrap_obj_register___,0x003de4c0,0x003de514,0x54
obj_ctor_init___,0x003de520,0x003de590,0x70
mem_fill_z_328,0x003de590,0x003de6e4,0x154
sub_3DE6F0,0x003de6f0,0x003de74c,0x5c
mem_fill_z_329,0x003de750,0x003de834,0xe4
wrap_obj_alloc_and_init_e,0x003de840,0x003de8a8,0x68
get_data_ptr_z_367,0x003de8b0,0x003de8bc,0xc
wrap_obj_register___,0x003de8c0,0x003de914,0x54
obj_ctor_init___,0x003de920,0x003de990,0x70
wrap_obj_shift_quat_buf_b,0x003de990,0x003de9b0,0x20
wrap_obj_register___,0x003de9b0,0x003dea04,0x54
obj_ctor_init___,0x003dea10,0x003dea80,0x70
sub_3DEA80,0x003dea80,0x003deb0c,0x8c
mem_fill_z_330,0x003deb10,0x003dec14,0x104
get_data_ptr_z_368,0x003dec20,0x003dec2c,0xc
wrap_obj_register___,0x003dec30,0x003dec84,0x54
obj_ctor_init___,0x003dec90,0x003ded00,0x70
mem_fill_z_331,0x003ded00,0x003deea4,0x1a4
wrap_obj_register___,0x003deeb0,0x003def04,0x54
obj_ctor_init___,0x003def10,0x003def90,0x80
euler_to_quat_z_1_clone_06,0x003def90,0x003df268,0x2d8
wrap_obj_register___,0x003df270,0x003df2c4,0x54
obj_ctor_init___,0x003df2d0,0x003df340,0x70
mem_fill_z_332,0x003df340,0x003df500,0x1c0
wrap_obj_register___,0x003df500,0x003df554,0x54
obj_ctor_init___,0x003df560,0x003df5d0,0x70
mem_fill_z_333,0x003df5d0,0x003df768,0x198
get_data_ptr_z_369,0x003df770,0x003df77c,0xc
wrap_obj_register___,0x003df780,0x003df7d4,0x54
obj_ctor_init___,0x003df7e0,0x003df860,0x80
mem_fill_z_334,0x003df860,0x003dfabc,0x25c
wrap_obj_register___,0x003dfac0,0x003dfb14,0x54
obj_ctor_init___,0x003dfb20,0x003dfba0,0x80
sub_3DFBA0,0x003dfba0,0x003dfc54,0xb4
wrap_obj_register___,0x003dfc60,0x003dfcb4,0x54
obj_ctor_init___,0x003dfcc0,0x003dfd30,0x70
obj_set_fields___,0x003dfd30,0x003dfd98,0x68
wrap_obj_alloc_and_init_f,0x003dfda0,0x003dfe08,0x68
get_data_ptr_z_370,0x003dfe10,0x003dfe1c,0xc
wrap_obj_register___,0x003dfe20,0x003dfe74,0x54
obj_ctor_init___,0x003dfe80,0x003dff00,0x80
mem_fill_z_335,0x003dff00,0x003e01c8,0x2c8
wrap_obj_register___,0x003e01d0,0x003e0224,0x54
obj_ctor_init___,0x003e0230,0x003e02a0,0x70
mem_fill_z_336,0x003e02a0,0x003e04a8,0x208
mem_fill_z_81_clone_13,0x003e04b0,0x003e05f4,0x144
noop_z_447,0x003e0600,0x003e0608,0x8
wrap_obj_register___,0x003e0610,0x003e0664,0x54
obj_ctor_init___,0x003e0670,0x003e06f0,0x80
fighter_track_advance_clone_07,0x003e06f0,0x003e0790,0xa0
obj_shift_quat_buf_y,0x003e0790,0x003e0888,0xf8
get_data_ptr_z_371,0x003e0890,0x003e089c,0xc
wrap_obj_register___,0x003e08a0,0x003e08f4,0x54
obj_ctor_init___,0x003e0900,0x003e0980,0x80
get_data_ptr_z_372,0x003e0980,0x003e098c,0xc
get_data_ptr_z_373,0x003e0990,0x003e099c,0xc
get_data_ptr_z_374,0x003e09a0,0x003e09ac,0xc
get_data_ptr_z_375,0x003e09b0,0x003e09bc,0xc
wrap_obj_register___,0x003e09c0,0x003e0a14,0x54
obj_ctor_init___,0x003e0a20,0x003e0aa0,0x80
CAppEnding_Update_clone_01,0x003e0aa0,0x003e0aec,0x4c
CApp_BaseCtor,0x003e0af0,0x003e0b74,0x84
sub_3E0B80,0x003e0b80,0x003e0bcc,0x4c
obj_set_byte11,0x003e0bd0,0x003e0bd8,0x8
noop_wrapper_z_637,0x003e0be0,0x003e0be8,0x8
return_const_1_z_124,0x003e0bf0,0x003e0bf8,0x8
return_const_1_z_125,0x003e0c00,0x003e0c08,0x8
return_const_1_z_126,0x003e0c10,0x003e0c18,0x8
return_const_1_z_127,0x003e0c20,0x003e0c28,0x8
noop_z_448,0x003e0c30,0x003e0c38,0x8
noop_z_449,0x003e0c40,0x003e0c48,0x8
noop_z_450,0x003e0c50,0x003e0c58,0x8
noop_z_451,0x003e0c60,0x003e0c68,0x8
loadscreen_set_asset,0x003e0c70,0x003e0d2c,0xbc
get_data_ptr_z_376,0x003e0d30,0x003e0d3c,0xc
loadscreen_assign_slot,0x003e0d40,0x003e0dd0,0x90
obj_is_flag4_clear,0x003e0dd0,0x003e0df8,0x28
loadscreen_init,0x003e0e00,0x003e0e58,0x58
loadscreen_tick,0x003e0e60,0x003e10cc,0x26c
pool_alloc_entry_clone_06,0x003e10d0,0x003e11a8,0xd8
sub_3E11B0,0x003e11b0,0x003e1278,0xc8
loadscreen_reset,0x003e1280,0x003e12e8,0x68
loadscreen_cancel,0x003e12f0,0x003e139c,0xac
loadscreen_on_load_complete,0x003e13a0,0x003e1428,0x88
loadscreen_finalize,0x003e1430,0x003e1498,0x68
obj_ctor_init___,0x003e14a0,0x003e153c,0x9c
sub_3E1540,0x003e1540,0x003e1548,0x8
obj_ctor_init___,0x003e1550,0x003e15ac,0x5c
obj_set_fields_z_246,0x003e15b0,0x003e1610,0x60
sub_3E1610,0x003e1610,0x003e1958,0x348
noop_seq_var_10_z_78,0x003e1960,0x003e1998,0x38
sub_3E19A0,0x003e19a0,0x003e1bf4,0x254
wrap_singleton_get_mgr_c_0,0x003e1c00,0x003e1c24,0x24
vtable_dispatch___,0x003e1c30,0x003e1c60,0x30
sub_3E1C60,0x003e1c60,0x003e1ca0,0x40
noop_z_452,0x003e1ca0,0x003e1ca8,0x8
wrap_move_dispatch_by_type,0x003e1cb0,0x003e1cf4,0x44
sub_3E1D00,0x003e1d00,0x003e1d0c,0xc
asm_reg_save_z_8,0x003e1d10,0x003e1d44,0x34
obj_set_field_byte___,0x003e1d50,0x003e1d58,0x8
noop_wrapper_z_638,0x003e1d60,0x003e1d74,0x14
sub_3E1D80,0x003e1d80,0x003e1f10,0x190
get_data_ptr_z_377,0x003e1f10,0x003e1f1c,0xc
CAppDemoMain_Ctor,0x003e1f20,0x003e1fd8,0xb8
sub_3E1FE0,0x003e1fe0,0x003e1fe8,0x8
obj_ctor_init___,0x003e1ff0,0x003e2050,0x60
obj_set_fields___,0x003e2050,0x003e209c,0x4c
sub_3E20A0,0x003e20a0,0x003e20dc,0x3c
singleton_lazy_init___,0x003e20e0,0x003e2334,0x254
sub_3E2340,0x003e2340,0x003e23b0,0x70
sub_3E23B0,0x003e23b0,0x003e245c,0xac
singleton_lazy_init___,0x003e2460,0x003e268c,0x22c
noop_z_453,0x003e2690,0x003e2698,0x8
vtable_dispatch_m_0_clone_12,0x003e26a0,0x003e26b8,0x18
sub_3E26C0,0x003e26c0,0x003e2798,0xd8
str_copy_n_e_clone_127,0x003e27a0,0x003e29e4,0x244
scene_node_set_visible_clone_13,0x003e29f0,0x003e2b00,0x110
sub_3E2B00,0x003e2b00,0x003e2bd4,0xd4
singleton_sub_2be0,0x003e2be0,0x003e2c8c,0xac
noop___,0x003e2c90,0x003e2c98,0x8
return_const_1_z_128,0x003e2ca0,0x003e2ca8,0x8
noop___,0x003e2cb0,0x003e2cb8,0x8
return_const_1_z_129,0x003e2cc0,0x003e2cc8,0x8
get_data_ptr_z_378,0x003e2cd0,0x003e2cdc,0xc
get_data_ptr_z_379,0x003e2ce0,0x003e2cec,0xc
CAppDemoPlay_Ctor,0x003e2cf0,0x003e2dbc,0xcc
sub_3E2DC0,0x003e2dc0,0x003e2dc8,0x8
obj_ctor_init___,0x003e2dd0,0x003e2e20,0x50
obj_set_fields___,0x003e2e20,0x003e2e7c,0x5c
sub_3E2E80,0x003e2e80,0x003e2fcc,0x14c
wrap_effect_mgr_set_flag,0x003e2fd0,0x003e2ff0,0x20
sub_3E2FF0,0x003e2ff0,0x003e31ec,0x1fc
noop_wrapper___,0x003e31f0,0x003e3210,0x20
noop_z_454,0x003e3210,0x003e3218,0x8
CAppFightResultCsAcSingle_Tick_clone_06,0x003e3220,0x003e325c,0x3c
noop_wrapper_z_639,0x003e3260,0x003e3274,0x14
get_data_ptr_z_380,0x003e3280,0x003e328c,0xc
CAppDemoMovie_Ctor,0x003e3290,0x003e3348,0xb8
sub_3E3350,0x003e3350,0x003e3358,0x8
obj_ctor_init___,0x003e3360,0x003e33b4,0x54
obj_ctor_init___,0x003e33c0,0x003e3478,0xb8
CAppDemoMainAlt_Begin,0x003e3480,0x003e34ec,0x6c
CAppDemoMainAlt_Tick,0x003e34f0,0x003e35b4,0xc4
CAppDemoMainAlt_Update,0x003e35c0,0x003e36c8,0x108
obj_set_fields___80_clone_04,0x003e36d0,0x003e3768,0x98
obj_set_fields___,0x003e3770,0x003e37b8,0x48
noop_wrapper_z_640,0x003e37c0,0x003e37c8,0x8
noop_wrapper_z_641,0x003e37d0,0x003e37f8,0x28
singleton_sub_2be0_clone_02,0x003e3800,0x003e38ac,0xac
get_data_ptr_z_381,0x003e38b0,0x003e38bc,0xc
CAppDemoMainAlt_Ctor,0x003e38c0,0x003e3994,0xd4
sub_3E39A0,0x003e39a0,0x003e39a8,0x8
obj_ctor_init___,0x003e39b0,0x003e39fc,0x4c
CAppEnding_Begin,0x003e3a00,0x003e3a44,0x44
return_const_1_z_130,0x003e3a50,0x003e3a58,0x8
CAppEnding_Update,0x003e3a60,0x003e3ad8,0x78
noop_z_455,0x003e3ae0,0x003e3ae8,0x8
return_const_1_z_131,0x003e3af0,0x003e3af8,0x8
CAppFightResultCsAcSingle_Tick_clone_07,0x003e3b00,0x003e3b38,0x38
get_data_ptr_z_382,0x003e3b40,0x003e3b4c,0xc
CAppEnding_Ctor,0x003e3b50,0x003e3c08,0xb8
sub_3E3C10,0x003e3c10,0x003e3c18,0x8
sub_3E3C20,0x003e3c20,0x003e3c6c,0x4c
obj_set_fields_z_37,0x003e3c70,0x003e3c98,0x28
obj_set_fields_z_247,0x003e3ca0,0x003e3cec,0x4c
sub_3E3CF0,0x003e3cf0,0x003e42a4,0x5b4
mem_fill_z_337,0x003e42b0,0x003e4630,0x380
sub_3E4630,0x003e4630,0x003e4668,0x38
obj_ctor_init___,0x003e4670,0x003e46cc,0x5c
CAppEndingDemo_Begin,0x003e46d0,0x003e470c,0x3c
CAppEndingDemo_Tick,0x003e4710,0x003e4874,0x164
CAppEndingDemo_Update,0x003e4880,0x003e49a8,0x128
sub_3E49B0,0x003e49b0,0x003e4a24,0x74
vtable_dispatch_m_0_clone_13,0x003e4a30,0x003e4a48,0x18
get_data_ptr_z_383,0x003e4a50,0x003e4a5c,0xc
CAppEndingDemo_Ctor,0x003e4a60,0x003e4b2c,0xcc
sub_3E4B30,0x003e4b30,0x003e4b38,0x8
obj_ctor_init___,0x003e4b40,0x003e4b90,0x50
sub_3E4B90,0x003e4b90,0x003e4c58,0xc8
sub_3E4C60,0x003e4c60,0x003e4d54,0xf4
sub_3E4D60,0x003e4d60,0x003e4e04,0xa4
pool_entry_pop_e_clone_09,0x003e4e10,0x003e4f60,0x150
return_const_1_z_132,0x003e4f60,0x003e4f68,0x8
sub_3E4F70,0x003e4f70,0x003e5024,0xb4
wrap_singleton_get_player_mgr,0x003e5030,0x003e5054,0x24
noop_z_456,0x003e5060,0x003e5068,0x8
str_copy_n_n,0x003e5070,0x003e5194,0x124
state_byte_transition___,0x003e51a0,0x003e5330,0x190
get_data_ptr_z_384,0x003e5330,0x003e533c,0xc
CAppFightDemoBoss_Ctor,0x003e5340,0x003e53f8,0xb8
sub_3E5400,0x003e5400,0x003e5408,0x8
obj_ctor_init___,0x003e5410,0x003e5464,0x54
obj_set_fields___,0x003e5470,0x003e54c4,0x54
sub_3E54D0,0x003e54d0,0x003e554c,0x7c
mem_compare_n_0_clone_61,0x003e5550,0x003e5bc4,0x674
CAppMenuMain_Tick_clone_04,0x003e5bd0,0x003e5c98,0xc8
noop_z_457,0x003e5ca0,0x003e5ca8,0x8
obj_set_fields___,0x003e5cb0,0x003e5d0c,0x5c
get_data_ptr_z_385,0x003e5d10,0x003e5d1c,0xc
CAppFightDemoStart_Ctor,0x003e5d20,0x003e5dd8,0xb8
sub_3E5DE0,0x003e5de0,0x003e5de8,0x8
obj_ctor_init___,0x003e5df0,0x003e5e3c,0x4c
obj_set_fields___,0x003e5e40,0x003e5e7c,0x3c
sub_3E5E80,0x003e5e80,0x003e5eec,0x6c
noop_z_458,0x003e5ef0,0x003e5ef8,0x8
CAppFightResultCsAcSingle_Tick_clone_08,0x003e5f00,0x003e5f38,0x38
get_data_ptr_z_386,0x003e5f40,0x003e5f4c,0xc
CAppFightDemoEnd_Ctor,0x003e5f50,0x003e6008,0xb8
sub_3E6010,0x003e6010,0x003e6018,0x8
obj_ctor_init___,0x003e6020,0x003e6080,0x60
CAppFightDemoEndCard_Begin,0x003e6080,0x003e620c,0x18c
CAppFightDemoEndCard_Tick,0x003e6210,0x003e63d4,0x1c4
CAppFightDemoEndCard_End,0x003e63e0,0x003e64ec,0x10c
CAppFightDemoEndCard_Update,0x003e64f0,0x003e6678,0x188
wrap_effect_spawn_by_id_clone_02,0x003e6680,0x003e66a8,0x28
sub_3E66B0,0x003e66b0,0x003e673c,0x8c
sub_3E6740,0x003e6740,0x003e680c,0xcc
str_copy_n_o,0x003e6810,0x003e68f4,0xe4
sub_3E6900,0x003e6900,0x003e6a28,0x128
sub_3E6A30,0x003e6a30,0x003e6c3c,0x20c
get_data_ptr_z_387,0x003e6c40,0x003e6c4c,0xc
CAppFightDemoEndCard_Ctor,0x003e6c50,0x003e6d08,0xb8
sub_3E6D10,0x003e6d10,0x003e6d18,0x8
obj_ctor_init___,0x003e6d20,0x003e6da4,0x84
obj_set_fields___,0x003e6db0,0x003e6e00,0x50
noop_seq_var_10_z_79,0x003e6e00,0x003e6e40,0x40
state_byte_transition___,0x003e6e40,0x003e7154,0x314
wrap_singleton_get_mgr_2d07_1,0x003e7160,0x003e7188,0x28
vtable_dispatch_m_0_clone_14,0x003e7190,0x003e71a8,0x18
CAppFightResultCsAcSingle_Tick_clone_09,0x003e71b0,0x003e71f8,0x48
obj_change_state_clone_01,0x003e7200,0x003e7428,0x228
get_data_ptr_z_388,0x003e7430,0x003e743c,0xc
CAppFightGameOver_Ctor,0x003e7440,0x003e756c,0x12c
sub_3E7570,0x003e7570,0x003e7578,0x8
sub_3E7580,0x003e7580,0x003e76e4,0x164
noop_seq_var_10_z_80,0x003e76f0,0x003e772c,0x3c
str_copy_n_e_clone_128,0x003e7730,0x003e7a7c,0x34c
sub_3E7A80,0x003e7a80,0x003e7b2c,0xac
CAppFightMainTrain_Tick,0x003e7b30,0x003e8124,0x5f4
CAppFightMainTrain_End,0x003e8130,0x003e8164,0x34
str_copy_n_e_clone_129,0x003e8170,0x003e884c,0x6dc
sub_3E8850,0x003e8850,0x003e8bf4,0x3a4
sub_3E8C00,0x003e8c00,0x003e8ca0,0xa0
PadSysInit_clone_12,0x003e8ca0,0x003e8d94,0xf4
sub_3E8DA0,0x003e8da0,0x003e8e14,0x74
scene_graph_flush_clone_15,0x003e8e20,0x003e9180,0x360
vtable_dispatch___,0x003e9180,0x003e91b0,0x30
sub_3E91B0,0x003e91b0,0x003e925c,0xac
sub_3E9260,0x003e9260,0x003e9300,0xa0
noop_z_459,0x003e9300,0x003e9308,0x8
noop_wrapper_z_642,0x003e9310,0x003e9340,0x30
sub_3E9340,0x003e9340,0x003e941c,0xdc
sub_3E9420,0x003e9420,0x003e957c,0x15c
PadSysInit_clone_13,0x003e9580,0x003e975c,0x1dc
state_byte_transition_u_0,0x003e9760,0x003e99e4,0x284
CAppFightMain_StartFight,0x003e99f0,0x003e9b18,0x128
get_data_ptr_z_389,0x003e9b20,0x003e9b2c,0xc
CAppFightMain_Ctor,0x003e9b30,0x003e9c9c,0x16c
sub_3E9CA0,0x003e9ca0,0x003e9ca8,0x8
obj_ctor_init___,0x003e9cb0,0x003e9d08,0x58
CAppFightPlayDoubles_Begin,0x003e9d10,0x003e9e60,0x150
CAppFightPlaySingle_Update,0x003e9e60,0x003ea8d4,0xa74
noop_z_460,0x003ea8e0,0x003ea8e8,0x8
noop_wrapper_z_643,0x003ea8f0,0x003ea8f8,0x8
CAppFightResultCsAcSingle_Tick_clone_10,0x003ea900,0x003ea938,0x38
sub_3EA940,0x003ea940,0x003eaac8,0x188
sub_3EAAD0,0x003eaad0,0x003eab70,0xa0
sub_3EAB70,0x003eab70,0x003eada8,0x238
mem_fill_z_52_0,0x003eadb0,0x003eb35c,0x5ac
PadSysInit_clone_14,0x003eb360,0x003eb500,0x1a0
sub_3EB500,0x003eb500,0x003eb5a8,0xa8
CAppFightPlayDoubles_Ctor,0x003eb5b0,0x003eb608,0x58
CAppFightPlaySingle_Ctor,0x003eb610,0x003eb6c8,0xb8
j_CAppFightPlaySingle_Update,0x003eb6d0,0x003eb6d8,0x8
get_data_ptr_z_390,0x003eb6e0,0x003eb6ec,0xc
obj_ctor_init_k_clone_02,0x003eb6f0,0x003eb7c4,0xd4
get_data_ptr_z_391,0x003eb7d0,0x003eb7dc,0xc
sub_3EB7E0,0x003eb7e0,0x003eb7e8,0x8
obj_ctor_init___,0x003eb800,0x003eb84c,0x4c
noop_z_461,0x003eb850,0x003eb858,0x8
return_zero_z_248,0x003eb860,0x003eb868,0x8
return_zero_z_249,0x003eb870,0x003eb878,0x8
noop_z_462,0x003eb880,0x003eb888,0x8
sub_3EB890,0x003eb890,0x003eb908,0x78
noop_z_463,0x003eb910,0x003eb918,0x8
obj_ctor_init___0_clone_97,0x003eb920,0x003eb960,0x40
CAppFgtResDgnM_Begin,0x003eb960,0x003eba68,0x108
CAppFgtResDgnM_Update,0x003eba70,0x003ebb34,0xc4
noop_z_464,0x003ebb40,0x003ebb48,0x8
get_data_ptr_z_392,0x003ebb50,0x003ebb5c,0xc
CAppFgtResDgnM_Ctor,0x003ebb60,0x003ebc18,0xb8
get_data_ptr_z_393,0x003ebc20,0x003ebc2c,0xc
CAppFgtResDgnC_Ctor,0x003ebc30,0x003ebce8,0xb8
sub_3EBCF0,0x003ebcf0,0x003ebcf8,0x8
obj_ctor_init___,0x003ebd10,0x003ebd5c,0x4c
CAppFgtResDgnO_Begin,0x003ebd60,0x003ebd98,0x38
return_zero_z_250,0x003ebda0,0x003ebda8,0x8
return_zero_z_251,0x003ebdb0,0x003ebdb8,0x8
noop_z_465,0x003ebdc0,0x003ebdc8,0x8
return_const_1_z_133,0x003ebdd0,0x003ebdd8,0x8
obj_set_fields___,0x003ebde0,0x003ebe44,0x64
get_data_ptr_z_394,0x003ebe50,0x003ebe5c,0xc
CAppFgtResDgnO_Ctor,0x003ebe60,0x003ebf18,0xb8
sub_3EBF20,0x003ebf20,0x003ebf28,0x8
sub_3EBF30,0x003ebf30,0x003ebf44,0x14
noop_wrapper_z_644,0x003ebf50,0x003ebf58,0x8
input_get_active_port,0x003ebf60,0x003ebfa0,0x40
CAppDemoMainAlt_Begin_clone_04,0x003ebfa0,0x003ec010,0x70
sub_3EC010,0x003ec010,0x003ec178,0x168
sub_3EC180,0x003ec180,0x003ec208,0x88
noop_wrapper___,0x003ec210,0x003ec23c,0x2c
sub_3EC240,0x003ec240,0x003ec2dc,0x9c
singleton_lazy_init_m_clone_08,0x003ec2e0,0x003ec40c,0x12c
sub_3EC410,0x003ec410,0x003ec4e4,0xd4
player_get_first_active,0x003ec4f0,0x003ec530,0x40
str_sub_c530,0x003ec530,0x003ec570,0x40
pool_entry_push_b_0_clone_10,0x003ec570,0x003ec6e4,0x174
player_get_second_active,0x003ec6f0,0x003ec730,0x40
sub_3EC730,0x003ec730,0x003ec808,0xd8
scene_graph_flush_clone_16,0x003ec810,0x003ec9b8,0x1a8
sub_3EC9C0,0x003ec9c0,0x003ecb1c,0x15c
effect_mgr_set_flag,0x003ecb20,0x003ecb7c,0x5c
fighter_slot_set_byte,0x003ecb80,0x003ecba8,0x28
player_get_status_byte,0x003ecbb0,0x003ecbd8,0x28
noop_wrapper_z_645,0x003ecbe0,0x003ecc10,0x30
noop_wrapper_z_646,0x003ecc10,0x003ecc38,0x28
table_entry_get,0x003ecc40,0x003ecc68,0x28
set_global_var_q,0x003ecc70,0x003ecc78,0x8
get_global_var_s,0x003ecc80,0x003ecc88,0x8
vtable_dispatch___132_1,0x003ecc90,0x003eccb4,0x24
get_global_var_b,0x003eccc0,0x003eccc8,0x8
sub_3ECCD0,0x003eccd0,0x003ecce0,0x10
set_global_var_r,0x003ecce0,0x003ecce8,0x8
noop_wrapper_z_647,0x003eccf0,0x003ecd20,0x30
table_entry_get,0x003ecd20,0x003ecd48,0x28
camera_fade_is_active_clone_03,0x003ecd50,0x003ecdc0,0x70
camera_fade_is_active_clone_04,0x003ecdc0,0x003ece2c,0x6c
return_const_7_z_5,0x003ece30,0x003ece38,0x8
set_global_var_s,0x003ece40,0x003ece48,0x8
get_global_var_t,0x003ece50,0x003ece58,0x8
obj_set_fields___,0x003ece60,0x003eced4,0x74
obj_set_fields___,0x003ecee0,0x003ecf30,0x50
effect_mgr_set_flag_clone_01,0x003ecf30,0x003ecf5c,0x2c
flags_test_mask_c,0x003ecf60,0x003ecf70,0x10
sub_3ECF70,0x003ecf70,0x003ed028,0xb8
sub_3ED030,0x003ed030,0x003ed0ec,0xbc
sub_3ED0F0,0x003ed0f0,0x003ed248,0x158
sub_3ED250,0x003ed250,0x003ed2ac,0x5c
sub_3ED2B0,0x003ed2b0,0x003ed30c,0x5c
set_global_var_t,0x003ed310,0x003ed318,0x8
get_global_var_u,0x003ed320,0x003ed328,0x8
set_global_var_u,0x003ed330,0x003ed338,0x8
get_global_var_v,0x003ed340,0x003ed348,0x8
wrap_mem_copy_l,0x003ed350,0x003ed37c,0x2c
noop_wrapper_z_648,0x003ed380,0x003ed394,0x14
table_entry_get_f,0x003ed3a0,0x003ed3c0,0x20
set_global_var_v,0x003ed3c0,0x003ed3c8,0x8
get_global_var_c,0x003ed3d0,0x003ed3d8,0x8
sub_3ED3E0,0x003ed3e0,0x003ed4c4,0xe4
sub_3ED4D0,0x003ed4d0,0x003ed570,0xa0
sub_3ED570,0x003ed570,0x003ed5fc,0x8c
sub_3ED600,0x003ed600,0x003ed698,0x98
noop_wrapper_z_649,0x003ed6a0,0x003ed6c8,0x28
table_entry_get_g,0x003ed6d0,0x003ed6f8,0x28
table_entry_get_h,0x003ed700,0x003ed728,0x28
noop_wrapper_z_650,0x003ed730,0x003ed758,0x28
get_field_val___,0x003ed760,0x003ed77c,0x1c
noop_wrapper_z_651,0x003ed780,0x003ed79c,0x1c
sub_3ED7A0,0x003ed7a0,0x003ed834,0x94
noop_wrapper___,0x003ed840,0x003ed86c,0x2c
sub_3ED870,0x003ed870,0x003ed960,0xf0
wrap_return_zero_,0x003ed960,0x003ed984,0x24
table_entry_get_i,0x003ed990,0x003ed9b0,0x20
pool_entry_pop___21_0,0x003ed9b0,0x003eda20,0x70
get_global_var_w,0x003eda20,0x003eda28,0x8
sub_3EDA30,0x003eda30,0x003eda80,0x50
sub_3EDA80,0x003eda80,0x003edaf8,0x78
get_global_var_x,0x003edb00,0x003edb08,0x8
sub_3EDB10,0x003edb10,0x003edc40,0x130
mem_fill_z_338,0x003edc40,0x003edf98,0x358
noop_wrapper_z_652,0x003edfa0,0x003edfac,0xc
sub_3EDFB0,0x003edfb0,0x003edff4,0x44
singleton_get_player_mgr,0x003ee000,0x003ee0a0,0xa0
sub_3EE0A0,0x003ee0a0,0x003ee0e4,0x44
pool_entry_push___19_0,0x003ee0f0,0x003ee188,0x98
obj_set_fields_z_248,0x003ee190,0x003ee1c8,0x38
str_copy_n_p,0x003ee1d0,0x003ee36c,0x19c
sub_3EE370,0x003ee370,0x003ee404,0x94
state_byte_transition_clone_20,0x003ee410,0x003ee648,0x238
obj_set_fields___,0x003ee650,0x003ee698,0x48
state_sub_e6a0,0x003ee6a0,0x003ee6dc,0x3c
flags_test_mask___,0x003ee6e0,0x003ee710,0x30
obj_set_fields_z_38,0x003ee710,0x003ee73c,0x2c
obj_get_anim_id_and_flags_clone_01,0x003ee740,0x003ee8fc,0x1bc
noop_wrapper_z_653,0x003ee900,0x003ee94c,0x4c
obj_set_fields_q_2,0x003ee950,0x003ee994,0x44
obj_get_anim_id_and_flags_clone_02,0x003ee9a0,0x003eeb64,0x1c4
noop_wrapper_z_654,0x003eeb70,0x003eebbc,0x4c
obj_set_fields___,0x003eebc0,0x003eec30,0x70
CMemory_Init_clone_06,0x003eec30,0x003eef5c,0x32c
str_sub_ef60,0x003eef60,0x003ef0b4,0x154
sub_3EF0C0,0x003ef0c0,0x003ef288,0x1c8
str_copy_n_e_clone_130,0x003ef290,0x003ef3cc,0x13c
CMemory_Init_clone_07,0x003ef3d0,0x003ef66c,0x29c
sub_3EF670,0x003ef670,0x003ef71c,0xac
obj_set_fields_z_249,0x003ef720,0x003ef7bc,0x9c
sub_3EF7C0,0x003ef7c0,0x003ef86c,0xac
state_byte_transition___,0x003ef870,0x003efb0c,0x29c
noop___,0x003efb10,0x003efb18,0x8
str_copy_n_q,0x003efb20,0x003efc24,0x104
mem_compare_n_0_clone_62,0x003efc30,0x003efd40,0x110
sub_3EFD40,0x003efd40,0x003efe58,0x118
CMemory_Init_clone_08,0x003efe60,0x003f019c,0x33c
mem_compare_n_0_clone_63,0x003f01a0,0x003f0298,0xf8
noop___,0x003f02a0,0x003f02a8,0x8
noop_wrapper_z_655,0x003f02b0,0x003f02e0,0x30
sub_3F02E0,0x003f02e0,0x003f0324,0x44
noop_wrapper_z_656,0x003f0330,0x003f0344,0x14
sub_3F0350,0x003f0350,0x003f0394,0x44
singleton_get_mgr_c,0x003f03a0,0x003f0428,0x88
sub_3F0430,0x003f0430,0x003f0468,0x38
noop_wrapper_z_657,0x003f0470,0x003f0478,0x8
sub_3F0480,0x003f0480,0x003f05c4,0x144
noop_wrapper_z_658,0x003f05d0,0x003f05d8,0x8
state_byte_transition_q_08,0x003f05e0,0x003f06d4,0xf4
noop_seq_var_10_z_81,0x003f06e0,0x003f0724,0x44
noop_wrapper_z_659,0x003f0730,0x003f0738,0x8
sub_3F0740,0x003f0740,0x003f0904,0x1c4
noop_wrapper_z_660,0x003f0910,0x003f0918,0x8
sub_3F0920,0x003f0920,0x003f0a60,0x140
vtable_dispatch___36_clone_15,0x003f0a60,0x003f0ad8,0x78
obj_set_field_byte___,0x003f0ae0,0x003f0ae8,0x8
obj_set_fields___,0x003f0af0,0x003f0b04,0x14
sub_3F0B10,0x003f0b10,0x003f0b54,0x44
singleton_get_mgr_3f0b,0x003f0b60,0x003f0bdc,0x7c
wrap_mem_set_y,0x003f0be0,0x003f0bfc,0x1c
obj_init_step,0x003f0c00,0x003f0c70,0x70
sub_3F0C70,0x003f0c70,0x003f0e44,0x1d4
sub_3F0E50,0x003f0e50,0x003f0f08,0xb8
noop_wrapper_z_661,0x003f0f10,0x003f0f18,0x8
noop_wrapper_z_662,0x003f0f20,0x003f0f38,0x18
sub_3F0F40,0x003f0f40,0x003f0f74,0x34
noop_wrapper_z_663,0x003f0f80,0x003f0f88,0x8
sub_3F0F90,0x003f0f90,0x003f1480,0x4f0
noop_wrapper___,0x003f1480,0x003f14c4,0x44
noop___,0x003f14d0,0x003f14d8,0x8
noop_wrapper_z_664,0x003f14e0,0x003f14f8,0x18
noop_wrapper___,0x003f1500,0x003f150c,0xc
j_wrap_singleton_get_effect_mgr_c,0x003f1510,0x003f1518,0x8
sub_3F1520,0x003f1520,0x003f1564,0x44
singleton_get_mgr_c,0x003f1570,0x003f15c0,0x50
noop_wrapper_z_665,0x003f15c0,0x003f15cc,0xc
noop_seq_var_10_z_82,0x003f15d0,0x003f1618,0x48
sub_3F1620,0x003f1620,0x003f169c,0x7c
sub_3F16A0,0x003f16a0,0x003f1718,0x78
sub_3F1720,0x003f1720,0x003f17c0,0xa0
asm_reg_save_z_9,0x003f17c0,0x003f1808,0x48
wrap_obj_get_field_0x1c_0x68,0x003f1810,0x003f1834,0x24
hud_sub_1840,0x003f1840,0x003f194c,0x10c
obj_set_fields___,0x003f1950,0x003f19d4,0x84
state_byte_transition_m_2,0x003f19e0,0x003f1b7c,0x19c
str_copy_n_e_clone_131,0x003f1b80,0x003f1c18,0x98
wrap_table_entry_get_stride8,0x003f1c20,0x003f1c5c,0x3c
obj_ctor_init___248_0,0x003f1c60,0x003f1cb0,0x50
noop_wrapper___,0x003f1cb0,0x003f1cc4,0x14
noop_wrapper_y_2,0x003f1cd0,0x003f1d00,0x30
noop_wrapper_z_666,0x003f1d00,0x003f1d28,0x28
str_sub_1d30,0x003f1d30,0x003f1d38,0x8
sub_3F1D40,0x003f1d40,0x003f1de8,0xa8
noop_wrapper_z_694,0x003f1df0,0x003f1e24,0x34
obj_set_fields___89_0,0x003f1e30,0x003f1e80,0x50
sub_3F1E80,0x003f1e80,0x003f1f1c,0x9c
sub_3F1F20,0x003f1f20,0x003f2004,0xe4
obj_flag_conditional_set_w,0x003f2010,0x003f2050,0x40
set_field_byte_imm__,0x003f2050,0x003f2058,0x8
sub_3F2060,0x003f2060,0x003f214c,0xec
mem_compare_n_0_clone_64,0x003f2150,0x003f2684,0x534
sub_3F2690,0x003f2690,0x003f2768,0xd8
obj_set_fields___,0x003f2770,0x003f27bc,0x4c
sub_3F27C0,0x003f27c0,0x003f2820,0x60
sub_3F2820,0x003f2820,0x003f2868,0x48
singleton_lazy_init_y_clone_10,0x003f2870,0x003f2ee4,0x674
sub_3F2EF0,0x003f2ef0,0x003f2f90,0xa0
move_dispatch_by_type,0x003f2f90,0x003f2fec,0x5c
wrap_obj_register___,0x003f2ff0,0x003f304c,0x5c
wrap_obj_register___,0x003f3050,0x003f30ac,0x5c
wrap_obj_register___,0x003f30b0,0x003f310c,0x5c
wrap_obj_register___,0x003f3110,0x003f316c,0x5c
wrap_obj_register___,0x003f3170,0x003f31cc,0x5c
wrap_obj_register___,0x003f31d0,0x003f322c,0x5c
wrap_obj_register___,0x003f3230,0x003f328c,0x5c
wrap_obj_register___,0x003f3290,0x003f32ec,0x5c
wrap_obj_register___,0x003f32f0,0x003f334c,0x5c
wrap_obj_register___,0x003f3350,0x003f33ac,0x5c
wrap_obj_register___,0x003f33b0,0x003f340c,0x5c
wrap_obj_register___,0x003f3410,0x003f346c,0x5c
wrap_obj_register___,0x003f3470,0x003f34cc,0x5c
wrap_obj_register___,0x003f34d0,0x003f352c,0x5c
wrap_obj_register___,0x003f3530,0x003f358c,0x5c
wrap_obj_register___,0x003f3590,0x003f35ec,0x5c
wrap_obj_register___,0x003f35f0,0x003f364c,0x5c
wrap_obj_register___,0x003f3650,0x003f36ac,0x5c
wrap_obj_register___,0x003f36b0,0x003f370c,0x5c
wrap_obj_register___,0x003f3710,0x003f376c,0x5c
wrap_obj_register___,0x003f3770,0x003f37cc,0x5c
wrap_obj_register___,0x003f37d0,0x003f382c,0x5c
wrap_obj_register___,0x003f3830,0x003f388c,0x5c
wrap_obj_register___,0x003f3890,0x003f38ec,0x5c
wrap_obj_register___,0x003f38f0,0x003f394c,0x5c
wrap_obj_register___,0x003f3950,0x003f39ac,0x5c
wrap_obj_register___,0x003f39b0,0x003f3a0c,0x5c
wrap_obj_register___,0x003f3a10,0x003f3a6c,0x5c
wrap_obj_register___,0x003f3a70,0x003f3acc,0x5c
wrap_obj_register___,0x003f3ad0,0x003f3b2c,0x5c
wrap_obj_register___,0x003f3b30,0x003f3b8c,0x5c
wrap_obj_register___,0x003f3b90,0x003f3bec,0x5c
wrap_obj_register___,0x003f3bf0,0x003f3c4c,0x5c
wrap_obj_register___,0x003f3c50,0x003f3cac,0x5c
wrap_obj_register___,0x003f3cb0,0x003f3d0c,0x5c
wrap_obj_register___,0x003f3d10,0x003f3d6c,0x5c
wrap_obj_register___,0x003f3d70,0x003f3dcc,0x5c
wrap_obj_register___,0x003f3dd0,0x003f3e2c,0x5c
wrap_obj_register___,0x003f3e30,0x003f3e8c,0x5c
wrap_obj_register___,0x003f3e90,0x003f3eec,0x5c
wrap_obj_register___,0x003f3ef0,0x003f3f4c,0x5c
wrap_obj_register___,0x003f3f50,0x003f3fac,0x5c
wrap_obj_register___,0x003f3fb0,0x003f400c,0x5c
wrap_obj_register___,0x003f4010,0x003f406c,0x5c
wrap_obj_register___,0x003f4070,0x003f40cc,0x5c
wrap_obj_register___,0x003f40d0,0x003f412c,0x5c
wrap_obj_register___,0x003f4130,0x003f418c,0x5c
wrap_obj_register___,0x003f4190,0x003f41ec,0x5c
wrap_obj_register___,0x003f41f0,0x003f424c,0x5c
wrap_obj_register___,0x003f4250,0x003f42ac,0x5c
obj_ctor_init___,0x003f42b0,0x003f437c,0xcc
obj_ctor_init___,0x003f4380,0x003f444c,0xcc
obj_ctor_init___,0x003f4450,0x003f4534,0xe4
obj_ctor_init___,0x003f4540,0x003f460c,0xcc
obj_ctor_init___,0x003f4610,0x003f46c8,0xb8
obj_ctor_init___,0x003f46d0,0x003f479c,0xcc
obj_ctor_init___,0x003f47a0,0x003f4858,0xb8
obj_ctor_init___,0x003f4860,0x003f492c,0xcc
obj_ctor_init___,0x003f4930,0x003f49e8,0xb8
obj_ctor_init___,0x003f49f0,0x003f4aa8,0xb8
obj_ctor_init___,0x003f4ab0,0x003f4b68,0xb8
obj_ctor_init___,0x003f4b70,0x003f4c28,0xb8
obj_ctor_init_r_clone_09,0x003f4c30,0x003f4d94,0x164
obj_ctor_init___,0x003f4da0,0x003f4e58,0xb8
obj_ctor_init___,0x003f4e60,0x003f4f18,0xb8
obj_ctor_init___,0x003f4f20,0x003f4fd8,0xb8
obj_ctor_init___,0x003f4fe0,0x003f5098,0xb8
obj_ctor_init___,0x003f50a0,0x003f5158,0xb8
obj_ctor_init___,0x003f5160,0x003f5218,0xb8
obj_ctor_init_n_clone_40,0x003f5220,0x003f53e8,0x1c8
obj_ctor_init___,0x003f53f0,0x003f54c8,0xd8
obj_ctor_init_n_clone_41,0x003f54d0,0x003f55ec,0x11c
obj_ctor_init_r_clone_10,0x003f55f0,0x003f56fc,0x10c
obj_ctor_init_n_clone_42,0x003f5700,0x003f5854,0x154
obj_ctor_init_n_clone_43,0x003f5860,0x003f5a10,0x1b0
obj_ctor_init_n_clone_44,0x003f5a10,0x003f5b74,0x164
obj_ctor_init_n_clone_45,0x003f5b80,0x003f5d04,0x184
obj_ctor_init_n_clone_46,0x003f5d10,0x003f5e6c,0x15c
obj_ctor_init_r_clone_11,0x003f5e70,0x003f6000,0x190
obj_ctor_init___,0x003f6000,0x003f60b8,0xb8
obj_ctor_init___,0x003f60c0,0x003f6178,0xb8
obj_ctor_init___,0x003f6180,0x003f6238,0xb8
obj_ctor_init___,0x003f6240,0x003f62f8,0xb8
obj_ctor_init___,0x003f6300,0x003f63cc,0xcc
obj_ctor_init_k_clone_03,0x003f63d0,0x003f64a4,0xd4
sub_3F64B0,0x003f64b0,0x003f6520,0x70
sub_3F6520,0x003f6520,0x003f65b4,0x94
obj_ctor_init_r_clone_12,0x003f65c0,0x003f6668,0xa8
sub_3F6670,0x003f6670,0x003f66ec,0x7c
sub_3F66F0,0x003f66f0,0x003f679c,0xac
sub_3F67A0,0x003f67a0,0x003f6810,0x70
sub_3F6810,0x003f6810,0x003f6880,0x70
sub_3F6880,0x003f6880,0x003f68e4,0x64
sub_3F68F0,0x003f68f0,0x003f6978,0x88
sub_3F6980,0x003f6980,0x003f6a08,0x88
sub_3F6A10,0x003f6a10,0x003f6a80,0x70
obj_ctor_init_r_clone_13,0x003f6a80,0x003f6b28,0xa8
sub_3F6B30,0x003f6b30,0x003f6b94,0x64
sub_3F6BA0,0x003f6ba0,0x003f6bc4,0x24
noop_wrapper___,0x003f6bd0,0x003f6be0,0x10
table_entry_get_j,0x003f6be0,0x003f6c20,0x40
get_global_var_y,0x003f6c20,0x003f6c28,0x8
get_global_var_c,0x003f6c30,0x003f6c38,0x8
set_global_var,0x003f6c40,0x003f6c48,0x8
get_global_var_z,0x003f6c50,0x003f6c58,0x8
set_global_var_x,0x003f6c60,0x003f6c68,0x8
sub_3F6C70,0x003f6c70,0x003f6c98,0x28
sub_3F6CA0,0x003f6ca0,0x003f6ca8,0x8
get_global_var__,0x003f6cb0,0x003f6cb8,0x8
sub_3F6CC0,0x003f6cc0,0x003f6cc8,0x8
CAppSelectMain_Ctor,0x003f6cd0,0x003f6d14,0x44
CMemory_Init_clone_09,0x003f6d20,0x003f6ec0,0x1a0
sub_3F6EC0,0x003f6ec0,0x003f7118,0x258
sub_3F7120,0x003f7120,0x003f7264,0x144
wrap_singleton_get_player_mgr_b,0x003f7270,0x003f729c,0x2c
CAppOptionModeMain_Tick_clone_01,0x003f72a0,0x003f73a8,0x108
sub_3F73B0,0x003f73b0,0x003f7424,0x74
sub_3F7430,0x003f7430,0x003f757c,0x14c
get_data_ptr_z_395,0x003f7580,0x003f758c,0xc
sub_3F7590,0x003f7590,0x003f7598,0x8
CAppSelectWorld_Ctor,0x003f75a0,0x003f7604,0x64
CAppSelectWorld_Begin,0x003f7610,0x003f77ec,0x1dc
CAppSelectWorld_Update,0x003f77f0,0x003f7c6c,0x47c
wrap_fighter_track_slot_ctor_clone_15,0x003f7c70,0x003f7c98,0x28
sub_3F7CA0,0x003f7ca0,0x003f7d70,0xd0
flags_test_mask_,0x003f7d70,0x003f7d94,0x24
CAppSelectStage_Ctor,0x003f7da0,0x003f7e24,0x84
sub_3F7E30,0x003f7e30,0x003f8064,0x234
sub_3F8070,0x003f8070,0x003f8560,0x4f0
sub_3F8560,0x003f8560,0x003f85ec,0x8c
sub_3F85F0,0x003f85f0,0x003f866c,0x7c
sub_3F8670,0x003f8670,0x003f8738,0xc8
sub_3F8740,0x003f8740,0x003f87e4,0xa4
get_data_ptr_z_396,0x003f87f0,0x003f87fc,0xc
get_data_ptr_z_397,0x003f8800,0x003f880c,0xc
sub_3F8810,0x003f8810,0x003f8818,0x8
CAppTitleMain_Ctor,0x003f8830,0x003f88b4,0x84
CAppTitleMain_Begin,0x003f88c0,0x003f89fc,0x13c
CAppTitleMain_Tick,0x003f8a00,0x003f8d5c,0x35c
CAppTitleMain_End,0x003f8d60,0x003f8d80,0x20
CAppTitleMain_Update,0x003f8d80,0x003f9078,0x2f8
CAppRankingBase_Tick_clone_01,0x003f9080,0x003f915c,0xdc
noop_z_466,0x003f9160,0x003f9168,0x8
wrap_pool_entry_push,0x003f9170,0x003f9178,0x8
sub_3F9180,0x003f9180,0x003f925c,0xdc
sub_3F9260,0x003f9260,0x003f9324,0xc4
sub_3F9330,0x003f9330,0x003f9a28,0x6f8
sub_3F9A30,0x003f9a30,0x003f9b38,0x108
noop_z_467,0x003f9b40,0x003f9b48,0x8
get_data_ptr_z_398,0x003f9b50,0x003f9b5c,0xc
sub_3F9B60,0x003f9b60,0x003f9b68,0x8
obj_ctor_init___,0x003f9b70,0x003f9bcc,0x5c
CAppCRISofdec_Begin,0x003f9bd0,0x003f9c08,0x38
CAppCRISofdec_Tick,0x003f9c10,0x003f9d4c,0x13c
CAppCRISofdec_End,0x003f9d50,0x003f9d80,0x30
CAppCRISofdec_Update,0x003f9d80,0x003f9e6c,0xec
sub_3F9E70,0x003f9e70,0x003f9ec8,0x58
wrap_obj_update_curve_interp_d_clone_11,0x003f9ed0,0x003f9f08,0x38
vtable_dispatch_m_0_clone_15,0x003f9f10,0x003f9f28,0x18
gp_field_get_z_408,0x003f9f30,0x003f9f38,0x8
sub_3F9F40,0x003f9f40,0x003f9f48,0x8
CAppFightStageView_Ctor,0x003f9f50,0x003f9fa0,0x50
CAppFightStageView_Begin,0x003f9fa0,0x003fa080,0xe0
sub_3FA080,0x003fa080,0x003fa09c,0x1c
CAppFightStageView_Tick,0x003fa0a0,0x003fa17c,0xdc
CAppFightStageView_Update,0x003fa180,0x003fa3f4,0x274
CAppOptionModeMain_Tick_clone_02,0x003fa400,0x003fa4dc,0xdc
wrap_singleton_get_player_mgr_c,0x003fa4e0,0x003fa504,0x24
noop_z_468,0x003fa510,0x003fa518,0x8
pool_entry_push_b_0_clone_11,0x003fa520,0x003fa600,0xe0
sub_3FA600,0x003fa600,0x003fa680,0x80
str_copy_n_r,0x003fa680,0x003fa7a4,0x124
sub_3FA7B0,0x003fa7b0,0x003fa958,0x1a8
get_data_ptr_z_399,0x003fa960,0x003fa96c,0xc
sub_3FA970,0x003fa970,0x003fa978,0x8
CAppFightDemoEnding_Ctor,0x003fa980,0x003fa9d8,0x58
sub_3FA9E0,0x003fa9e0,0x003faaac,0xcc
state_byte_transition_w_clone_02,0x003faab0,0x003fabd8,0x128
noop_seq_var_10_z_83,0x003fabe0,0x003fac50,0x70
sub_3FAC50,0x003fac50,0x003faf9c,0x34c
pool_entry_pop_e_clone_10,0x003fafa0,0x003fb090,0xf0
wrap_mem_fill_z_337,0x003fb090,0x003fb0c4,0x34
get_data_ptr_z_400,0x003fb0d0,0x003fb0dc,0xc
sub_3FB0E0,0x003fb0e0,0x003fb0e8,0x8
CAppGameOver_Ctor,0x003fb0f0,0x003fb13c,0x4c
obj_sub_ca60_clone_24,0x003fb140,0x003fb1fc,0xbc
wrap_singleton_get_mgr_2d07_0,0x003fb200,0x003fb244,0x44
sub_3FB250,0x003fb250,0x003fb414,0x1c4
wrap_singleton_get_mgr_2d07,0x003fb420,0x003fb444,0x24
sub_3FB450,0x003fb450,0x003fb50c,0xbc
get_data_ptr_z_401,0x003fb510,0x003fb51c,0xc
sub_3FB520,0x003fb520,0x003fb528,0x8
singleton_get_mgr_d,0x003fb530,0x003fb58c,0x5c
sub_3FB590,0x003fb590,0x003fb5dc,0x4c
obj_ctor_init_n_clone_47,0x003fb5e0,0x003fb74c,0x16c
sub_3FB750,0x003fb750,0x003fba38,0x2e8
sub_3FBA40,0x003fba40,0x003fbb50,0x110
buf_split_at_clone_01,0x003fbb50,0x003fbc78,0x128
obj_set_fields_z_39,0x003fbc80,0x003fbcac,0x2c
mem_fill_z_339,0x003fbcb0,0x003fbe54,0x1a4
obj_ctor_init___,0x003fbe60,0x003fbec0,0x60
CAppWarning_Begin,0x003fbec0,0x003fbf64,0xa4
CAppWarning_Tick,0x003fbf70,0x003fc0ac,0x13c
return_const_1_z_134,0x003fc0b0,0x003fc0b8,0x8
CAppWarning_Update,0x003fc0c0,0x003fc250,0x190
CAppCRISofdec_Tick_clone_01,0x003fc250,0x003fc2f0,0xa0
vtable_dispatch___,0x003fc2f0,0x003fc34c,0x5c
gp_field_get_z_409,0x003fc350,0x003fc358,0x8
sub_3FC360,0x003fc360,0x003fc368,0x8
CAppSelectCharcter_Ctor,0x003fc370,0x003fc3d0,0x60
hud_bubble_register_hit_b,0x003fc3d0,0x003fc7e4,0x414
obj_set_fields_z_250,0x003fc7f0,0x003fc8cc,0xdc
return_const_1_z_135,0x003fc8d0,0x003fc8d8,0x8
mem_compare_n_0_clone_65,0x003fc8e0,0x003fcf34,0x654
state_byte_transition_v_0,0x003fcf40,0x003fd198,0x258
sub_3FD1A0,0x003fd1a0,0x003fd2c4,0x124
str_copy_n_e_clone_132,0x003fd2d0,0x003fd668,0x398
fighter_track_tick_clone_21,0x003fd670,0x003fda4c,0x3dc
CMemory_Init_clone_10,0x003fda50,0x003fdb5c,0x10c
entity_tree_insert_and_init_clone_03,0x003fdb60,0x003fde70,0x310
mem_fill_z_255_clone_01,0x003fde70,0x003fe20c,0x39c
sub_3FE210,0x003fe210,0x003fe3cc,0x1bc
sub_3FE3D0,0x003fe3d0,0x003fe55c,0x18c
state_byte_transition___,0x003fe560,0x003fe944,0x3e4
CApp_CharaVS_Update_clone_09,0x003fe950,0x003feb2c,0x1dc
state_byte_transition___,0x003feb30,0x003fecb8,0x188
array_call_ctor_dtor_clone_02,0x003fecc0,0x003fef60,0x2a0
sub_3FEF60,0x003fef60,0x003ff090,0x130
noop_seq_var_10_z_84,0x003ff090,0x003ff0dc,0x4c
sub_3FF0E0,0x003ff0e0,0x003ff1a0,0xc0
sub_3FF1A0,0x003ff1a0,0x003ff260,0xc0
sub_3FF260,0x003ff260,0x003ff320,0xc0
get_data_ptr_z_402,0x003ff320,0x003ff32c,0xc
sub_3FF330,0x003ff330,0x003ff338,0x8
CAppMenuMain_Ctor,0x003ff340,0x003ff3e0,0xa0
CAppMenuMain_Begin,0x003ff3e0,0x003ff490,0xb0
CAppMenuMain_Tick,0x003ff490,0x003ff5b8,0x128
CAppMenuMain_End,0x003ff5c0,0x003ff5f4,0x34
CAppMenuMain_Update,0x003ff600,0x003ff820,0x220
sub_3FF820,0x003ff820,0x003ff8b4,0x94
noop_z_469,0x003ff8c0,0x003ff8c8,0x8
noop_wrapper_z_667,0x003ff8d0,0x003ff8d8,0x8
vtable_dispatch_m_0_clone_16,0x003ff8e0,0x003ff8f8,0x18
noop_z_470,0x003ff900,0x003ff908,0x8
get_data_ptr_z_403,0x003ff910,0x003ff91c,0xc
wrap_sub_412833,0x003ff920,0x003ff928,0x8
mem_fill_z_340,0x003ff930,0x004013fc,0x1acc
str_copy_n_e_clone_133,0x00401400,0x00401990,0x590
euler_to_quat_z_34,0x00401990,0x00401d90,0x400
euler_to_quat_z_35,0x00401d90,0x004020b8,0x328
sub_4020C0,0x004020c0,0x00402220,0x160
euler_to_quat_z_36,0x00402220,0x00402684,0x464
noop_wrapper_z_668,0x00402690,0x004026a8,0x18
sub_4026B0,0x004026b0,0x00402834,0x184
sub_402840,0x00402840,0x00402af8,0x2b8
noop_wrapper_z_669,0x00402b00,0x00402b08,0x8
sub_402B10,0x00402b10,0x00402b5c,0x4c
noop_wrapper___,0x00402b60,0x00402ba0,0x40
noop_wrapper_z_670,0x00402ba0,0x00402bb8,0x18
sub_402BC0,0x00402bc0,0x00402d58,0x198
noop___,0x00402d60,0x00402d68,0x8
obj_ctor_init___249_0,0x00402d70,0x00402e78,0x108
euler_to_quat_z_37,0x00402e80,0x004037a4,0x924
obj_update_curve_interp_m_clone_02,0x004037b0,0x00403964,0x1b4
noop_wrapper_z_671,0x00403970,0x00403988,0x18
obj_set_field_pair___,0x00403990,0x004039a4,0x14
obj_sub_ca60_clone_25,0x004039b0,0x00403ad0,0x120
noop_wrapper_z_672,0x00403ad0,0x00403ad8,0x8
sub_403AE0,0x00403ae0,0x00403b2c,0x4c
CAppShenronMain_Ctor,0x00403b30,0x00403b88,0x58
CAppShenronMain_Begin,0x00403b90,0x00403c08,0x78
CAppShenronMain_Tick,0x00403c10,0x004040b0,0x4a0
CAppShenronMain_End,0x004040b0,0x004041cc,0x11c
CAppShenronMain_Update,0x004041d0,0x0040433c,0x16c
mem_fill_z_53_0,0x00404340,0x00404550,0x210
vtable_dispatch___,0x00404550,0x00404580,0x30
sub_404580,0x00404580,0x00404664,0xe4
wrap_sub_404670,0x00404670,0x00404698,0x28
noop_z_471,0x004046a0,0x004046a8,0x8
get_data_ptr_z_404,0x004046b0,0x004046bc,0xc
sub_4046C0,0x004046c0,0x004046c8,0x8
mem_alloc_single_h,0x004046d0,0x004046e4,0x14
sub_4046F0,0x004046f0,0x0040474c,0x5c
sub_404750,0x00404750,0x004047bc,0x6c
fighter_track_tick_clone_22,0x004047c0,0x00404948,0x188
CAppMenuMain_Tick_clone_05,0x00404950,0x00404a78,0x128
noop_wrapper___,0x00404a80,0x00404a88,0x8
noop_wrapper_z_673,0x00404a90,0x00404a98,0x8
sub_404AA0,0x00404aa0,0x00404e30,0x390
resource_try_load_clone_09,0x00404e30,0x0040500c,0x1dc
sub_405010,0x00405010,0x00405360,0x350
state_byte_transition___,0x00405360,0x00405580,0x220
sub_405580,0x00405580,0x00405860,0x2e0
wrap_obj_motion_update_slot_clone_04,0x00405860,0x00405914,0xb4
wrap_obj_motion_update_slot_clone_05,0x00405920,0x00405a90,0x170
obj_ctor_init_n_clone_48,0x00405a90,0x00405bf0,0x160
fighter_track_tick_clone_23,0x00405bf0,0x00405e3c,0x24c
mem_alloc_single_i,0x00405e40,0x00405e54,0x14
obj_set_fields___,0x00405e60,0x00405ea4,0x44
sub_405EB0,0x00405eb0,0x00405f20,0x70
obj_ctor_init_n_clone_49,0x00405f20,0x00406034,0x114
sub_406040,0x00406040,0x00406500,0x4c0
noop_wrapper___,0x00406500,0x00406508,0x8
sub_406510,0x00406510,0x00406574,0x64
fighter_track_tick_clone_24,0x00406580,0x00406738,0x1b8
pool_alloc_entry_clone_07,0x00406740,0x004068e0,0x1a0
obj_set_fields_h_0_clone_04,0x004068e0,0x004069a0,0xc0
state_byte_transition___,0x004069a0,0x00406b6c,0x1cc
sub_406B70,0x00406b70,0x00406cac,0x13c
obj_ctor_init_n_clone_50,0x00406cb0,0x00406d5c,0xac
obj_set_fields_h_0_clone_05,0x00406d60,0x00406dd0,0x70
sub_406DD0,0x00406dd0,0x00406e34,0x64
sub_406E40,0x00406e40,0x00406fec,0x1ac
pool_alloc_entry_clone_08,0x00406ff0,0x0040715c,0x16c
mem_alloc_single_j,0x00407160,0x00407174,0x14
noop_wrapper___,0x00407180,0x004071b8,0x38
sub_4071C0,0x004071c0,0x0040722c,0x6c
noop_wrapper___,0x00407230,0x00407238,0x8
mem_alloc_single_k,0x00407240,0x00407254,0x14
obj_set_fields_r_1,0x00407260,0x004072a4,0x44
sub_4072B0,0x004072b0,0x0040731c,0x6c
obj_set_fields___,0x00407320,0x00407364,0x44
noop_wrapper_z_674,0x00407370,0x0040737c,0xc
obj_ctor_init_n_clone_51,0x00407380,0x00407474,0xf4
noop_wrapper___,0x00407480,0x00407488,0x8
get_field_val___,0x00407490,0x00407498,0x8
mem_alloc_single_l,0x004074a0,0x004074b4,0x14
sub_4074C0,0x004074c0,0x0040751c,0x5c
sub_407520,0x00407520,0x0040758c,0x6c
sub_407590,0x00407590,0x00407698,0x108
obj_set_fields___80_clone_05,0x004076a0,0x004077b0,0x110
noop_wrapper___,0x004077b0,0x004077b8,0x8
sub_4077C0,0x004077c0,0x0040785c,0x9c
fighter_track_tick_clone_25,0x00407860,0x00407a30,0x1d0
state_byte_transition___,0x00407a30,0x00407c2c,0x1fc
state_byte_transition___40_clone_02,0x00407c30,0x00407e4c,0x21c
sub_407E50,0x00407e50,0x00407f70,0x120
sub_407F70,0x00407f70,0x004080ec,0x17c
sub_4080F0,0x004080f0,0x00408430,0x340
sub_408430,0x00408430,0x00408494,0x64
vtable_sub_f9d0_clone_01,0x004084a0,0x004086b4,0x214
CAppFightMainTrain_Ctor,0x004086c0,0x004088b4,0x1f4
CAppFightMainTrain_Begin,0x004088c0,0x00408a50,0x190
obj_set_fields___,0x00408a50,0x00408a7c,0x2c
CAppFightMainTrain_Update,0x00408a80,0x00408b84,0x104
sub_408B90,0x00408b90,0x00408b98,0x8
sub_408BA0,0x00408ba0,0x00408c34,0x94
obj_update_curve_interp_m_clone_03,0x00408c40,0x00408de4,0x1a4
mem_compare_n_0_clone_66,0x00408df0,0x004090c4,0x2d4
sub_4090D0,0x004090d0,0x004092c0,0x1f0
obj_update_curve_interp_m_clone_04,0x004092c0,0x0040936c,0xac
sub_409370,0x00409370,0x004094f8,0x188
scene_node_set_visible_clone_14,0x00409500,0x00409614,0x114
sub_409620,0x00409620,0x0040969c,0x7c
obj_set_fields___,0x004096a0,0x004096cc,0x2c
obj_set_fields___,0x004096d0,0x004096fc,0x2c
sub_409700,0x00409700,0x004098c8,0x1c8
get_data_ptr_z_405,0x004098d0,0x004098dc,0xc
return_zero_z_252,0x004098e0,0x004098e8,0x8
wrap_sub_412834,0x004098f0,0x004098f8,0x8
mem_alloc_single_m,0x00409900,0x00409914,0x14
fighter_track_slot_ctor_clone_33,0x00409920,0x004099b8,0x98
sub_4099C0,0x004099c0,0x00409a4c,0x8c
sub_409A50,0x00409a50,0x00409d50,0x300
vtable_dispatch___,0x00409d50,0x00409d90,0x40
obj_set_field_pair___,0x00409d90,0x00409da0,0x10
loadscreen_cancel_clone_05,0x00409da0,0x00409ea0,0x100
obj_set_fields___,0x00409ea0,0x00409ec4,0x24
sub_409ED0,0x00409ed0,0x0040a448,0x578
noop_wrapper_z_675,0x0040a450,0x0040a458,0x8
sub_40A460,0x0040a460,0x0040a830,0x3d0
obj_set_field_pair___,0x0040a830,0x0040a840,0x10
sub_40A840,0x0040a840,0x0040aa8c,0x24c
obj_ctor_init_n_clone_52,0x0040aa90,0x0040ab40,0xb0
sub_40AB40,0x0040ab40,0x0040aba0,0x60
hud_sub_aba0,0x0040aba0,0x0040ae34,0x294
obj_set_field_pair___,0x0040ae40,0x0040aea0,0x60
state_byte_transition___50,0x0040aea0,0x0040b130,0x290
noop_wrapper___,0x0040b130,0x0040b138,0x8
sub_40B140,0x0040b140,0x0040b198,0x58
noop_wrapper_z_676,0x0040b1a0,0x0040b1ac,0xc
sub_40B1B0,0x0040b1b0,0x0040b264,0xb4
obj_set_field_pair___,0x0040b270,0x0040b2ac,0x3c
sub_40B2B0,0x0040b2b0,0x0040b32c,0x7c
CAppDMModeMain_Ctor,0x0040b330,0x0040b37c,0x4c
CAppDMModeMain_Begin,0x0040b380,0x0040b484,0x104
CAppDMModeMain_Tick,0x0040b490,0x0040b614,0x184
CAppDMModeMain_End,0x0040b620,0x0040b684,0x64
CAppDMModeMain_Update,0x0040b690,0x0040b904,0x274
sub_40B910,0x0040b910,0x0040b9b8,0xa8
CAppMenuMain_Tick_clone_06,0x0040b9c0,0x0040ba78,0xb8
sub_40BA80,0x0040ba80,0x0040bb38,0xb8
get_data_ptr_z_406,0x0040bb40,0x0040bb4c,0xc
sub_40BB50,0x0040bb50,0x0040bb58,0x8
CAppFightResultCsAcSingle_Ctor,0x0040bb60,0x0040bca0,0x140
CAppFightResultCsAcSingle_Begin,0x0040bca0,0x0040bd9c,0xfc
mem_fill_z_342_0,0x0040bda0,0x0040bf5c,0x1bc
CAppFightResultCsAcSingle_Tick,0x0040bf60,0x0040bfb4,0x54
return_const_1_z_136,0x0040bfc0,0x0040bfc8,0x8
CAppFightResultCsAcSingle_Update,0x0040bfd0,0x0040c0c4,0xf4
mem_fill_z_54_0,0x0040c0d0,0x0040c388,0x2b8
sub_40C390,0x0040c390,0x0040c420,0x90
sub_40C420,0x0040c420,0x0040c464,0x44
noop_z_472,0x0040c470,0x0040c478,0x8
get_data_ptr_z_407,0x0040c480,0x0040c48c,0xc
wrap_sub_412835,0x0040c490,0x0040c498,0x8
CAppFightResultCsAcDoubles_Ctor,0x0040c4a0,0x0040c504,0x64
sub_40C510,0x0040c510,0x0040c608,0xf8
CAppFightResultCsAcDoubles_Begin,0x0040c610,0x0040c688,0x78
mem_fill_z_37_clone_10,0x0040c690,0x0040c884,0x1f4
CAppFightResultCsAcDoubles_Tick,0x0040c890,0x0040c908,0x78
sub_40C910,0x0040c910,0x0040c960,0x50
return_const_1_z_137,0x0040c960,0x0040c968,0x8
CAppFightResultCsAcDoubles_Update,0x0040c970,0x0040caa4,0x134
str_copy_n_s,0x0040cab0,0x0040cd64,0x2b4
str_sub_cd70,0x0040cd70,0x0040cf8c,0x21c
sub_40CF90,0x0040cf90,0x0040d010,0x80
sub_40D010,0x0040d010,0x0040d074,0x64
noop_wrapper_z_677,0x0040d080,0x0040d09c,0x1c
wrap_hud_sub_aba0,0x0040d0a0,0x0040d0a8,0x8
obj_set_fields___,0x0040d0b0,0x0040d124,0x74
sub_40D130,0x0040d130,0x0040d200,0xd0
sub_40D200,0x0040d200,0x0040d2f4,0xf4
sub_40D300,0x0040d300,0x0040d34c,0x4c
str_copy_n_t,0x0040d350,0x0040d4a0,0x150
get_data_ptr_z_408,0x0040d4a0,0x0040d4ac,0xc
sub_40D4B0,0x0040d4b0,0x0040d4b8,0x8
CAppFightResultMain_Ctor,0x0040d4c0,0x0040d500,0x40
CAppFightResultMain_Begin,0x0040d500,0x0040d55c,0x5c
CAppFightResultMain_Tick,0x0040d560,0x0040d5a4,0x44
CAppFightResultMain_End,0x0040d5b0,0x0040d5d0,0x20
CAppFightResultMain_Update,0x0040d5d0,0x0040d60c,0x3c
noop_z_473,0x0040d610,0x0040d618,0x8
sub_40D620,0x0040d620,0x0040d680,0x60
noop_wrapper_z_678,0x0040d680,0x0040d688,0x8
sub_40D690,0x0040d690,0x0040d728,0x98
sub_40D730,0x0040d730,0x0040d93c,0x20c
return_zero___,0x0040d940,0x0040d948,0x8
noop_seq_var_10_z_85,0x0040d950,0x0040d998,0x48
singleton_lazy_init___,0x0040d9a0,0x0040da90,0xf0
singleton_lazy_init___,0x0040da90,0x0040dcf4,0x264
get_data_ptr_z_409,0x0040dd00,0x0040dd0c,0xc
sub_40DD10,0x0040dd10,0x0040dd18,0x8
CAppFightDemoFinish_Ctor,0x0040dd20,0x0040dd6c,0x4c
CAppFightDemoFinish_Begin,0x0040dd70,0x0040dee4,0x174
CAppFightDemoFinish_Tick,0x0040def0,0x0040e200,0x310
CAppFightDemoFinish_End,0x0040e200,0x0040e3d8,0x1d8
CAppFightDemoFinish_Update,0x0040e3e0,0x0040e408,0x28
sub_40E410,0x0040e410,0x0040e79c,0x38c
sub_40E7A0,0x0040e7a0,0x0040e8c8,0x128
noop_z_474,0x0040e8d0,0x0040e8d8,0x8
noop_z_475,0x0040e8e0,0x0040e8e8,0x8
get_data_ptr_z_410,0x0040e8f0,0x0040e8fc,0xc
sub_40E900,0x0040e900,0x0040e908,0x8
mem_alloc_single_n,0x0040e910,0x0040e924,0x14
fighter_track_slot_ctor_clone_34,0x0040e930,0x0040e9a4,0x74
sub_40E9B0,0x0040e9b0,0x0040ea58,0xa8
fighter_track_tick_clone_26,0x0040ea60,0x0040eda0,0x340
set_field_byte_imm___,0x0040eda0,0x0040edd0,0x30
str_queue_msg,0x0040edd0,0x0040f1b4,0x3e4
sub_40F1C0,0x0040f1c0,0x0040f294,0xd4
wrap_singleton_get_player_mgr_0,0x0040f2a0,0x0040f2e0,0x40
mem_compare_n_0_clone_67,0x0040f2e0,0x0040f4bc,0x1dc
sub_40F4C0,0x0040f4c0,0x0040f728,0x268
sub_40F730,0x0040f730,0x0040f8c8,0x198
state_byte_transition___51,0x0040f8d0,0x0040fa64,0x194
CAppMain_Ctor_clone_04,0x0040fa70,0x0040fb18,0xa8
pool_entry_pop___6_clone_01,0x0040fb20,0x0040fbdc,0xbc
sub_40FBE0,0x0040fbe0,0x0040fca4,0xc4
mem_alloc_single_o,0x0040fcb0,0x0040fcc4,0x14
noop_seq_var_10_z_86,0x0040fcd0,0x0040fd14,0x44
sub_40FD20,0x0040fd20,0x0040fda4,0x84
move_tick_composite_clone_04,0x0040fdb0,0x0040ff00,0x150
noop_seq_var_10_z_87,0x0040ff00,0x0040ff38,0x38
sub_40FF40,0x0040ff40,0x00410064,0x124
fighter_clear_anim_flags_clone_03,0x00410070,0x004100c0,0x50
noop_wrapper_z_679,0x004100c0,0x004100cc,0xc
sub_4100D0,0x004100d0,0x00410178,0xa8
flags_test_mask___,0x00410180,0x00410190,0x10
get_field_val___,0x00410190,0x00410198,0x8
CAppFightResultSurvival_Ctor,0x004101a0,0x0041021c,0x7c
CAppFightResultSurvival_Begin,0x00410220,0x00410320,0x100
noop_wrapper_z_680,0x00410320,0x0041033c,0x1c
CAppFightResultSurvival_End,0x00410340,0x004103f4,0xb4
CAppFightResultSurvival_Update,0x00410400,0x004105c0,0x1c0
sub_4105C0,0x004105c0,0x0041063c,0x7c
sub_410640,0x00410640,0x00410684,0x44
noop_z_476,0x00410690,0x00410698,0x8
sub_4106A0,0x004106a0,0x00410720,0x80
get_data_ptr_z_411,0x00410720,0x0041072c,0xc
wrap_sub_410730,0x00410730,0x00410738,0x8
CAppFightResultSurvBoss_Ctor,0x00410740,0x004107f0,0xb0
CAppFightResultSurvBoss_Begin,0x004107f0,0x00410824,0x34
CAppFightResultSurvBoss_Tick,0x00410830,0x004108dc,0xac
CAppFightResultSurvBoss_End,0x004108e0,0x0041092c,0x4c
CAppFightResultSurvBoss_Update,0x00410930,0x004109cc,0x9c
sub_4109D0,0x004109d0,0x00410a14,0x44
return_const_1_z_138,0x00410a20,0x00410a28,0x8
sub_410A30,0x00410a30,0x00410a98,0x68
obj_ctor_init_n_clone_53,0x00410aa0,0x00410b78,0xd8
get_data_ptr_z_412,0x00410b80,0x00410b8c,0xc
wrap_sub_412836,0x00410b90,0x00410b98,0x8
CAppFightResultSurvNorm_Ctor,0x00410ba0,0x00410ce0,0x140
CAppFightResultSurvNorm_Begin,0x00410ce0,0x00410de8,0x108
mem_fill_z_341,0x00410df0,0x00410f64,0x174
CAppFightResultSurvNorm_Tick,0x00410f70,0x00410fa4,0x34
sub_410FB0,0x00410fb0,0x00410fe8,0x38
return_const_1_z_139,0x00410ff0,0x00410ff8,0x8
CAppFightResultSurvNorm_Update,0x00411000,0x00411140,0x140
mem_fill_z_55_0,0x00411140,0x00411448,0x308
sub_411450,0x00411450,0x004114d4,0x84
return_const_1_z_140,0x004114e0,0x004114e8,0x8
sub_4114F0,0x004114f0,0x00411544,0x54
get_data_ptr_z_413,0x00411550,0x0041155c,0xc
wrap_sub_411560,0x00411560,0x00411568,0x8
CAppFightResultSurvRoul_Ctor,0x00411570,0x00411630,0xc0
CAppFightResultSurvRoul_Begin,0x00411630,0x00411670,0x40
noop_seq_var_30_z_11,0x00411670,0x004116b8,0x48
CAppFightResultSurvRoul_Tick,0x004116c0,0x004116f4,0x34
input_state_update_clone_18,0x00411700,0x00411730,0x30
return_const_1_z_141,0x00411730,0x00411738,0x8
CAppFightResultSurvRoul_Update,0x00411740,0x004118c0,0x180
sub_4118C0,0x004118c0,0x00411904,0x44
return_const_1_z_142,0x00411910,0x00411918,0x8
noop_z_477,0x00411920,0x00411928,0x8
get_data_ptr_z_414,0x00411930,0x0041193c,0xc
wrap_sub_411940,0x00411940,0x00411948,0x8
CAppFightResultVersus_Ctor,0x00411950,0x00411a04,0xb4
sub_411A10,0x00411a10,0x00411b34,0x124
CAppFightResultVersus_Begin,0x00411b40,0x00411bc4,0x84
mem_fill_z_37_clone_11,0x00411bd0,0x00411dec,0x21c
CAppFightResultVersus_Tick,0x00411df0,0x00411e78,0x88
sub_411E80,0x00411e80,0x00411ed0,0x50
return_const_1_z_143,0x00411ed0,0x00411ed8,0x8
CAppFightResultVersus_Update,0x00411ee0,0x00412064,0x184
str_copy_n_u,0x00412070,0x00412370,0x300
str_sub_2370,0x00412370,0x0041250c,0x19c
sub_412510,0x00412510,0x004125a8,0x98
sub_4125B0,0x004125b0,0x00412614,0x64
noop_wrapper_z_681,0x00412620,0x0041263c,0x1c
noop_z_478,0x00412640,0x00412648,0x8
sub_412650,0x00412650,0x00412744,0xf4
sub_412750,0x00412750,0x0041279c,0x4c
sub_4127A0,0x004127a0,0x00412820,0x80
get_data_ptr_z_415,0x00412820,0x0041282c,0xc
wrap_sub_412830,0x00412830,0x00412838,0x8
mem_alloc_single_p,0x00412840,0x00412854,0x14
sub_412860,0x00412860,0x004128bc,0x5c
sub_4128C0,0x004128c0,0x0041292c,0x6c
sub_412930,0x00412930,0x00412a40,0x110
CAppOptionModeMain_Tick_clone_03,0x00412a40,0x00412b80,0x140
noop_wrapper___,0x00412b80,0x00412b88,0x8
noop_wrapper_z_682,0x00412b90,0x00412b98,0x8
sub_412BA0,0x00412ba0,0x00412db4,0x214
resource_try_load_clone_10,0x00412dc0,0x00412f54,0x194
sub_412F60,0x00412f60,0x004131ec,0x28c
sub_4131F0,0x004131f0,0x0041344c,0x25c
sub_413450,0x00413450,0x004136b8,0x268
obj_ctor_init___250_0,0x004136c0,0x00413758,0x98
pool_alloc_entry_clone_09,0x00413760,0x004138b4,0x154
obj_ctor_init___251_0,0x004138c0,0x00413970,0xb0
mem_alloc_single_q,0x00413970,0x00413984,0x14
obj_set_fields_z_251,0x00413990,0x004139f8,0x68
sub_413A00,0x00413a00,0x00413a7c,0x7c
sub_413A80,0x00413a80,0x00413b24,0xa4
noop_wrapper_z_683,0x00413b30,0x00413b38,0x8
sub_413B40,0x00413b40,0x00413e20,0x2e0
CAppFightQuickLoad_Ctor,0x00413e20,0x00413e64,0x44
CAppFightQuickLoad_Begin,0x00413e70,0x00413f20,0xb0
CAppFightQuickLoad_Update,0x00413f20,0x00414180,0x260
noop_z_479,0x00414180,0x00414188,0x8
get_data_ptr_z_416,0x00414190,0x0041419c,0xc
sub_4141A0,0x004141a0,0x004141a8,0x8
mem_fill_z_342,0x004141b0,0x004147a8,0x5f8
mem_fill_z_343,0x004147b0,0x00414d98,0x5e8
mem_fill_z_344,0x00414da0,0x0041541c,0x67c
euler_to_quat_z_38,0x00415420,0x00415728,0x308
mem_fill_z_345,0x00415730,0x00415fbc,0x88c
noop_wrapper___,0x00415fc0,0x00415ff4,0x34
sub_416000,0x00416000,0x0041604c,0x4c
sub_416050,0x00416050,0x0041612c,0xdc
sub_416130,0x00416130,0x00416330,0x200
sub_416330,0x00416330,0x0041636c,0x3c
sub_416370,0x00416370,0x004164dc,0x16c
sub_4164E0,0x004164e0,0x00416568,0x88
sub_416570,0x00416570,0x004165d0,0x60
obj_ctor_init___,0x004165d0,0x004165f4,0x24
noop_sub_6600,0x00416600,0x00416618,0x18
sub_416620,0x00416620,0x0041666c,0x4c
noop_wrapper___,0x00416670,0x004166a4,0x34
noop_z_480,0x004166b0,0x004166b8,0x8
return_const_1_z_144,0x004166c0,0x004166c8,0x8
noop_z_481,0x004166d0,0x004166d8,0x8
sub_4166E0,0x004166e0,0x00416740,0x60
str_copy_n_e_clone_134,0x00416740,0x00416b04,0x3c4
noop_wrapper___,0x00416b10,0x00416b44,0x34
sub_416B50,0x00416b50,0x00416c70,0x120
anim_timer_tick_d,0x00416c70,0x00416d50,0xe0
noop_z_482,0x00416d50,0x00416d58,0x8
sub_416D60,0x00416d60,0x00416dc0,0x60
euler_to_quat_z_39,0x00416dc0,0x004170c8,0x308
obj_ctor_init___,0x004170d0,0x00417114,0x44
obj_set_fields_z_40,0x00417120,0x00417134,0x14
state_byte_transition_clone_21,0x00417140,0x00417348,0x208
noop_z_483,0x00417350,0x00417358,0x8
return_const_1_z_145,0x00417360,0x00417368,0x8
noop_z_484,0x00417370,0x00417378,0x8
obj_ctor_init_r_clone_14,0x00417380,0x004174e8,0x168
CAppFightSurvivalNext_Ctor,0x004174f0,0x00417534,0x44
CAppFightSurvivalNext_Begin,0x00417540,0x00417634,0xf4
CAppFightSurvivalNext_Update,0x00417640,0x004179c0,0x380
noop_z_485,0x004179c0,0x004179c8,0x8
get_data_ptr_z_417,0x004179d0,0x004179dc,0xc
sub_4179E0,0x004179e0,0x004179e8,0x8
mem_alloc_single_r,0x004179f0,0x00417a04,0x14
fighter_track_slot_ctor_clone_35,0x00417a10,0x00417bc4,0x1b4
sub_417BD0,0x00417bd0,0x00417cac,0xdc
fighter_track_tick_clone_27,0x00417cb0,0x004181a8,0x4f8
set_field_byte_imm___,0x004181b0,0x004181c4,0x14
state_byte_transition_j_3,0x004181d0,0x00418438,0x268
sub_418440,0x00418440,0x004184dc,0x9c
noop_seq_var_10_z_88,0x004184e0,0x00418538,0x58
str_copy_n_15,0x00418540,0x00418610,0xd0
sub_418610,0x00418610,0x004189c4,0x3b4
wrap_obj_update_curve_interp_d_clone_12,0x004189d0,0x00418d3c,0x36c
sub_418D40,0x00418d40,0x00418dd0,0x90
state_byte_transition___47_0,0x00418dd0,0x00418f1c,0x14c
state_byte_transition_w_0,0x00418f20,0x004195c0,0x6a0
sub_4195C0,0x004195c0,0x00419628,0x68
state_byte_transition___,0x00419630,0x00419f44,0x914
CAppOptionModeMain_Begin_clone_04,0x00419f50,0x0041a054,0x104
sub_41A060,0x0041a060,0x0041a1d4,0x174
sub_41A1E0,0x0041a1e0,0x0041a3e0,0x200
sub_41A3E0,0x0041a3e0,0x0041a4e4,0x104
sub_41A4F0,0x0041a4f0,0x0041a5a4,0xb4
sub_41A5B0,0x0041a5b0,0x0041a67c,0xcc
sub_41A680,0x0041a680,0x0041a768,0xe8
obj_set_field_byte___,0x0041a770,0x0041a780,0x10
obj_update_curve_interp_m_clone_05,0x0041a780,0x0041a928,0x1a8
CAppOptionModeMain_Ctor,0x0041a930,0x0041a984,0x54
CAppOptionModeMain_Begin,0x0041a990,0x0041aa04,0x74
CAppOptionModeMain_Tick,0x0041aa10,0x0041aba4,0x194
sub_41ABB0,0x0041abb0,0x0041ac5c,0xac
CAppOptionModeMain_End,0x0041ac60,0x0041ac90,0x30
CAppOptionModeMain_Update,0x0041ac90,0x0041aea8,0x218
sub_41AEB0,0x0041aeb0,0x0041af94,0xe4
noop_z_486,0x0041afa0,0x0041afa8,0x8
sub_41AFB0,0x0041afb0,0x0041b040,0x90
sub_41B040,0x0041b040,0x0041b0a8,0x68
noop_z_487,0x0041b0b0,0x0041b0b8,0x8
get_data_ptr_z_418,0x0041b0c0,0x0041b0cc,0xc
sub_41B0D0,0x0041b0d0,0x0041b0d8,0x8
CAppRankingBase_Ctor,0x0041b0e0,0x0041b12c,0x4c
CAppRankingBase_Begin,0x0041b130,0x0041b174,0x44
CAppRankingBase_Tick,0x0041b180,0x0041b2ac,0x12c
CAppRankingBase_Update,0x0041b2b0,0x0041b634,0x384
return_zero_z_253,0x0041b640,0x0041b648,0x8
return_const_1_z_146,0x0041b650,0x0041b658,0x8
obj_sub_b660,0x0041b660,0x0041b704,0xa4
sub_41B710,0x0041b710,0x0041b8ac,0x19c
sub_41B8B0,0x0041b8b0,0x0041b930,0x80
singleton_lazy_init___,0x0041b930,0x0041ba70,0x140
str_copy_n_e_clone_135,0x0041ba70,0x0041bdd0,0x360
noop___,0x0041bdd0,0x0041bdd8,0x8
sub_41BDE0,0x0041bde0,0x0041c28c,0x4ac
sub_41C290,0x0041c290,0x0041c73c,0x4ac
sound_obj_init_slot,0x0041c740,0x0041c850,0x110
sound_obj_set_pos,0x0041c850,0x0041c868,0x18
sub_41C870,0x0041c870,0x0041c9cc,0x15c
sub_41C9D0,0x0041c9d0,0x0041cb2c,0x15c
sub_41CB30,0x0041cb30,0x0041cb44,0x14
obj_ctor_init___,0x0041cb50,0x0041cbc0,0x70
sub_41CBC0,0x0041cbc0,0x0041ccb4,0xf4
sub_41CCC0,0x0041ccc0,0x0041ce50,0x190
sub_41CE50,0x0041ce50,0x0041d008,0x1b8
noop_wrapper_z_684,0x0041d010,0x0041d040,0x30
singleton_sub_d040,0x0041d040,0x0041d4e8,0x4a8
sub_41D4F0,0x0041d4f0,0x0041d618,0x128
scene_node_requeue_clone_19,0x0041d620,0x0041d678,0x58
scene_node_requeue_clone_20,0x0041d680,0x0041d6dc,0x5c
sub_41D6E0,0x0041d6e0,0x0041d734,0x54
get_data_ptr_z_419,0x0041d740,0x0041d74c,0xc
wrap_array_call_dtor_p,0x0041d750,0x0041d76c,0x1c
sub_41D770,0x0041d770,0x0041d834,0xc4
noop_seq_var_10_z_89,0x0041d840,0x0041d8e4,0xa4
wrap_array_call_dtor_q,0x0041d8f0,0x0041d90c,0x1c
wrap_array_call_dtor_r,0x0041d910,0x0041d92c,0x1c
sub_41D930,0x0041d930,0x0041d938,0x8
CAppOptionRanking_Ctor,0x0041d940,0x0041d98c,0x4c
CAppOptionRanking_Begin,0x0041d990,0x0041d9c0,0x30
CAppOptionRanking_Tick,0x0041d9c0,0x0041da44,0x84
CAppOptionRanking_Update,0x0041da50,0x0041daec,0x9c
sub_41DAF0,0x0041daf0,0x0041db40,0x50
obj_set_fields___,0x0041db40,0x0041db70,0x30
sub_41DB70,0x0041db70,0x0041db78,0x8
wrap_input_check_btn_40,0x0041db80,0x0041dbd0,0x50
sub_41DBD0,0x0041dbd0,0x0041dc40,0x70
get_data_ptr_z_420,0x0041dc40,0x0041dc4c,0xc
wrap_sub_412837,0x0041dc50,0x0041dc58,0x8
mem_alloc_single_s,0x0041dc60,0x0041dc74,0x14
fighter_track_slot_ctor_clone_36,0x0041dc80,0x0041dd04,0x84
sub_41DD10,0x0041dd10,0x0041dda0,0x90
sub_41DDA0,0x0041dda0,0x0041df10,0x170
set_field_byte_imm___,0x0041df10,0x0041df40,0x30
entity_tree_insert_and_init_clone_04,0x0041df40,0x0041e184,0x244
sub_41E190,0x0041e190,0x0041e1fc,0x6c
state_byte_transition___52,0x0041e200,0x0041e334,0x134
obj_ctor_init_n_clone_54,0x0041e340,0x0041e434,0xf4
sub_41E440,0x0041e440,0x0041e4e8,0xa8
str_copy_n_16,0x0041e4f0,0x0041e5c0,0xd0
sub_41E5C0,0x0041e5c0,0x0041e784,0x1c4
wrap_obj_register___,0x0041e790,0x0041e7ec,0x5c
sub_41E7F0,0x0041e7f0,0x0041e83c,0x4c
sub_41E840,0x0041e840,0x0041eb94,0x354
sub_41EBA0,0x0041eba0,0x0041ec00,0x60
CAppShenronSel_Ctor,0x0041ec00,0x0041ec60,0x60
obj_set_fields_z_41,0x0041ec60,0x0041ec88,0x28
CAppShenronSel_Tick,0x0041ec90,0x0041ed34,0xa4
CAppShenronSel_End,0x0041ed40,0x0041ef30,0x1f0
CAppShenronSel_Update,0x0041ef30,0x0041f238,0x308
mem_fill_z_31_clone_25,0x0041f240,0x0041f424,0x1e4
sub_41F430,0x0041f430,0x0041f518,0xe8
sub_41F520,0x0041f520,0x0041f648,0x128
sub_41F650,0x0041f650,0x0041f6cc,0x7c
noop_z_488,0x0041f6d0,0x0041f6d8,0x8
obj_set_fields___80_clone_06,0x0041f6e0,0x0041f764,0x84
sub_41F770,0x0041f770,0x0041f7f0,0x80
noop_z_489,0x0041f7f0,0x0041f7f8,0x8
get_data_ptr_z_421,0x0041f800,0x0041f80c,0xc
sub_41F810,0x0041f810,0x0041f818,0x8
return_const_2064,0x0041f820,0x0041f828,0x8
sub_41F830,0x0041f830,0x0041f8b8,0x88
sub_41F8C0,0x0041f8c0,0x0041fa0c,0x14c
state_byte_transition___,0x0041fa10,0x0041fb48,0x138
noop_wrapper___,0x0041fb50,0x0041fb94,0x44
CAppOptionRanking_Update_clone_01,0x0041fba0,0x0041fc80,0xe0
sub_41FC80,0x0041fc80,0x0041fea8,0x228
sub_41FEB0,0x0041feb0,0x0041ff68,0xb8
noop_z_490,0x0041ff70,0x0041ff78,0x8
obj_ctor_init___,0x0041ff80,0x0041fff0,0x70
CAppLogoMain_Ctor,0x0041fff0,0x00420050,0x60
sub_420050,0x00420050,0x0042011c,0xcc
sub_420120,0x00420120,0x00420218,0xf8
wrap_camera_set_mode,0x00420220,0x0042025c,0x3c
state_byte_transition_w_clone_03,0x00420260,0x004204c8,0x268
scene_node_requeue_clone_21,0x004204d0,0x0042055c,0x8c
sub_420560,0x00420560,0x0042060c,0xac
sub_420610,0x00420610,0x0042066c,0x5c
sub_420670,0x00420670,0x004206a0,0x30
get_data_ptr_z_422,0x004206a0,0x004206ac,0xc
sub_4206B0,0x004206b0,0x004206b8,0x8
CAppCopyRight,0x004206c0,0x00420720,0x60
obj_set_fields_z_252,0x00420720,0x00420780,0x60
CAppCRISofdec_Tick_clone_02,0x00420780,0x004208b0,0x130
wrap_camera_set_mode_b,0x004208b0,0x004208e8,0x38
CAppRankingBase_Tick_clone_02,0x004208f0,0x004209f4,0x104
sub_420A00,0x00420a00,0x00420a6c,0x6c
mem_fill_z_346,0x00420a70,0x00420d30,0x2c0
sub_420D30,0x00420d30,0x00420d8c,0x5c
sub_420D90,0x00420d90,0x00420dc0,0x30
gp_field_get_z_410,0x00420dc0,0x00420dc8,0x8
sub_420DD0,0x00420dd0,0x00420dd8,0x8
CAppLogoAtari_Ctor,0x00420de0,0x00420e2c,0x4c
obj_set_fields___,0x00420e30,0x00420e70,0x40
sub_420E70,0x00420e70,0x00420fb0,0x140
return_const_1_z_147,0x00420fb0,0x00420fb8,0x8
state_byte_transition_k_3,0x00420fc0,0x00421130,0x170
noop_wrapper___,0x00421130,0x00421150,0x20
noop_z_491,0x00421150,0x00421158,0x8
wrap_obj_update_curve_interp_d_clone_13,0x00421160,0x0042119c,0x3c
noop_wrapper_z_685,0x004211a0,0x004211b4,0x14
sub_4211C0,0x004211c0,0x004211f0,0x30
get_data_ptr_z_423,0x004211f0,0x004211fc,0xc
wrap_sub_421200,0x00421200,0x00421208,0x8
obj_ctor_init___,0x00421210,0x0042126c,0x5c
obj_set_fields___,0x00421270,0x004212a8,0x38
CAppCRISofdec_Tick_clone_03,0x004212b0,0x004213ec,0x13c
wrap_camera_fade_set,0x004213f0,0x00421420,0x30
sub_421420,0x00421420,0x00421534,0x114
sub_421540,0x00421540,0x00421598,0x58
wrap_obj_update_curve_interp_d_clone_14,0x004215a0,0x004215d8,0x38
vtable_dispatch_m_0_clone_17,0x004215e0,0x004215f8,0x18
sub_421600,0x00421600,0x00421630,0x30
gp_field_get_z_411,0x00421630,0x00421638,0x8
wrap_sub_421640,0x00421640,0x00421648,0x8
CAppLogoOkrtron_Ctor,0x00421650,0x0042169c,0x4c
obj_set_fields___,0x004216a0,0x004216e0,0x40
sub_4216E0,0x004216e0,0x00421820,0x140
return_const_1_z_148,0x00421820,0x00421828,0x8
state_byte_transition_l_3,0x00421830,0x004219a0,0x170
noop_wrapper___,0x004219a0,0x004219c0,0x20
noop_z_492,0x004219c0,0x004219c8,0x8
wrap_obj_update_curve_interp_d_clone_15,0x004219d0,0x00421a0c,0x3c
noop_wrapper_z_686,0x00421a10,0x00421a24,0x14
sub_421A30,0x00421a30,0x00421a60,0x30
get_data_ptr_z_424,0x00421a60,0x00421a6c,0xc
sub_421A70,0x00421a70,0x00421a78,0x8
GameShutdown,0x00421a80,0x00421b6c,0xec
GameInit,0x00421b70,0x00421ea0,0x330
GameUpdate,0x00421ea0,0x00421f44,0xa4
sub_421F50,0x00421f50,0x00421fac,0x5c
wrap_array_call_dtor_s,0x00421fb0,0x00421fcc,0x1c
wrap_array_call_dtor_t,0x00421fd0,0x00421fec,0x1c
sub_421FF0,0x00421ff0,0x00422050,0x60
sub_422050,0x00422050,0x004220b0,0x60
wrap_array_call_dtor_u,0x004220b0,0x004220cc,0x1c
noop_wrapper_z_687,0x004220d0,0x004220e8,0x18
sub_4220F0,0x004220f0,0x0042215c,0x6c
get_data_ptr_z_425,0x00422160,0x0042216c,0xc
AudioSysInit,0x00422170,0x00422480,0x310
GSInit,0x00422480,0x00422538,0xb8
wrap_noop_wrapper_1,0x00422540,0x00422568,0x28
MemSysInit,0x00422570,0x00422624,0xb4
GameMain,0x00422630,0x00422698,0x68
mem_fill_z_347,0x004226a0,0x00422824,0x184
mem_fill_z_348,0x00422828,0x00422f2c,0x704
sub_422F30,0x00422f30,0x00423180,0x250
mem_fill_z_349,0x00423180,0x00423608,0x488
sub_423608,0x00423608,0x00423824,0x21c
sub_423828,0x00423828,0x00423a68,0x240
sub_423A68,0x00423a68,0x00423d94,0x32c
sub_423D98,0x00423d98,0x004241c0,0x428
sub_4241C0,0x004241c0,0x0042435c,0x19c
sub_424360,0x00424360,0x004248b8,0x558
sub_4248B8,0x004248b8,0x00424a30,0x178
sub_424A30,0x00424a30,0x00424b98,0x168
sub_424B98,0x00424b98,0x00424d18,0x180
ipu_read_bits,0x00424d18,0x00424e00,0xe8
sub_424E00,0x00424e00,0x00424e8c,0x8c
sub_424E90,0x00424e90,0x00424f24,0x94
sub_424F28,0x00424f28,0x00424f5c,0x34
sub_424F60,0x00424f60,0x00424f68,0x8
sub_424F68,0x00424f68,0x00425024,0xbc
sub_4251D8,0x004251d8,0x00425354,0x17c
sub_426048,0x00426048,0x004260e8,0xa0
sub_4260E8,0x004260e8,0x00426288,0x1a0
sub_426288,0x00426288,0x0042659c,0x314
sub_4265A0,0x004265a0,0x0042684c,0x2ac
obj_set_fields_z_253,0x00426850,0x004268f0,0xa0
sub_4268F0,0x004268f0,0x00426a34,0x144
sub_426A38,0x00426a38,0x00426b78,0x140
sub_426B78,0x00426b78,0x00426c60,0xe8
sub_426C80,0x00426c80,0x00426e64,0x1e4
sub_426E88,0x00426e88,0x00427054,0x1cc
wrap_sub_427058,0x00427058,0x0042708c,0x34
wrap_sub_427090,0x00427090,0x00427098,0x8
sub_427098,0x00427098,0x004271ec,0x154
wrap_thunk_FUN_00424e90,0x004271f0,0x004271f8,0x8
sub_4271F8,0x004271f8,0x00427248,0x50
obj_set_fields_z_254,0x00427248,0x004272d4,0x8c
sub_4272D8,0x004272d8,0x0042736c,0x94
sub_427370,0x00427370,0x00427464,0xf4
sub_427468,0x00427468,0x00427534,0xcc
sub_427538,0x00427538,0x00427770,0x238
sub_427770,0x00427770,0x00427870,0x100
sub_427870,0x00427870,0x00427938,0xc8
obj_sub_7938,0x00427938,0x00427aec,0x1b4
str_copy_n_17,0x00427af0,0x00427da4,0x2b4
sub_427DA8,0x00427da8,0x00427f18,0x170
sub_427F18,0x00427f18,0x004280dc,0x1c4
sub_4280E0,0x004280e0,0x00428190,0xb0
sub_428198,0x00428198,0x004281d4,0x3c
obj_set_fields___,0x004281d8,0x00428220,0x48
obj_set_fields___,0x00428220,0x00428264,0x44
noop_wrapper_z_688,0x00428268,0x00428278,0x10
obj_set_fields_z_255,0x00428278,0x004282f4,0x7c
noop_wrapper_z_689,0x004282f8,0x00428304,0xc
sub_428350,0x00428350,0x00428384,0x34
sub_428388,0x00428388,0x004283bc,0x34
get_field_val_z_82,0x004283c0,0x004283cc,0xc
sub_4283D0,0x004283d0,0x00428448,0x78
vtable_dispatch___,0x00428448,0x004284bc,0x74
noop_wrapper___,0x004284c0,0x00428504,0x44
obj_set_fields_z_256,0x00428508,0x0042855c,0x54
obj_set_fields___,0x00428560,0x004285b0,0x50
get_field_val_z_83,0x004285f0,0x004285fc,0xc
get_field_val_z_84,0x00428600,0x0042860c,0xc
noop_wrapper_z_690,0x00428610,0x0042861c,0xc
noop_wrapper_z_691,0x00428620,0x0042862c,0xc
sub_428658,0x00428658,0x00428724,0xcc
mem_fill_t,0x00428728,0x0042873c,0x14
noop_wrapper_z_692,0x00428740,0x0042874c,0xc
noop_wrapper_z_693,0x00428750,0x0042875c,0xc
sub_428760,0x00428760,0x004287cc,0x6c
noop_wrapper___,0x004287e8,0x0042880c,0x24
noop_wrapper___,0x00428810,0x00428834,0x24
sub_428838,0x00428838,0x00428ac8,0x290
sub_428AC8,0x00428ac8,0x00428d88,0x2c0
sub_428D88,0x00428d88,0x004291a8,0x420
sub_4291A8,0x004291a8,0x00429268,0xc0
sub_429268,0x00429268,0x004292f8,0x90
sub_4292F8,0x004292f8,0x004294b8,0x1c0
sub_4294B8,0x004294b8,0x00429990,0x4d8
sub_429990,0x00429990,0x00429ad8,0x148
sub_429AD8,0x00429ad8,0x00429bac,0xd4
wrap_rpc_call_async_b,0x00429bb0,0x00429bc0,0x10
sub_429BC0,0x00429bc0,0x00429c60,0xa0
sub_429C60,0x00429c60,0x00429d28,0xc8
rpc_dispatch_or_async,0x00429d28,0x00429d7c,0x54
wrap_rpc_dispatch_or_async,0x00429d80,0x00429dc0,0x40
sub_429DC0,0x00429dc0,0x00429e34,0x74
sub_429E38,0x00429e38,0x00429eac,0x74
sub_429EB0,0x00429eb0,0x00429f94,0xe4
sub_429F98,0x00429f98,0x0042a0e8,0x150
sub_42A150,0x0042a150,0x0042a1c4,0x74
sub_42A1C8,0x0042a1c8,0x0042a400,0x238
sub_462670,0x00462670,0x00462740,0xd0
static_init_thunk_4DD500,0x004dd500,0x004dd568,0x68
static_init_thunk_4DD570,0x004dd570,0x004dd5a4,0x34
static_init_thunk_4DD5B0,0x004dd5b0,0x004dd5d4,0x24
static_init_thunk_4DD5E0,0x004dd5e0,0x004dd62c,0x4c
sub_4DD630,0x004dd630,0x004dd980,0x350
sub_4DD980,0x004dd980,0x004de250,0x8d0
sub_4DE250,0x004de250,0x004de444,0x1f4
obj_set_fields___192_0,0x004de450,0x004de4ac,0x5c
sub_4DE4B0,0x004de4b0,0x004de504,0x54
sub_4DE510,0x004de510,0x004de518,0x8
sub_4DE520,0x004de520,0x004de528,0x8
sub_4DE530,0x004de530,0x004de538,0x8
sub_4DE540,0x004de540,0x004de548,0x8
sub_4DE550,0x004de550,0x004de560,0x10
wrap_obj_register_0,0x004de560,0x004de588,0x28
sub_4DE590,0x004de590,0x004def34,0x9a4
sub_4DEF40,0x004def40,0x004defdc,0x9c
sub_4DEFE0,0x004defe0,0x004df984,0x9a4
sub_4DF990,0x004df990,0x004dfc08,0x278
sub_4DFC10,0x004dfc10,0x004e0350,0x740
sub_4E0350,0x004e0350,0x004e082c,0x4dc
sub_4E0830,0x004e0830,0x004e0cc8,0x498
sub_4E0CD0,0x004e0cd0,0x004e1168,0x498
sub_4E1170,0x004e1170,0x004e1608,0x498
sub_4E1610,0x004e1610,0x004e1888,0x278
sub_4E1890,0x004e1890,0x004e1b4c,0x2bc
wrap_array_call_ctor_dtor_1,0x004e1b50,0x004e1ba0,0x50
sub_4E1BA0,0x004e1ba0,0x004e1c30,0x90
sub_4E1C30,0x004e1c30,0x004e1c54,0x24
wrap_array_call_ctor_dtor_b_0,0x004e1c60,0x004e1cb0,0x50
wrap_array_call_ctor_dtor_c,0x004e1cb0,0x004e1d00,0x50
wrap_obj_ctor_base_0,0x004e1d00,0x004e1d3c,0x3c
sub_4E1D40,0x004e1d40,0x004e1e70,0x130
sub_4E1E70,0x004e1e70,0x004e1fe8,0x178
sub_4E1FF0,0x004e1ff0,0x004e2234,0x244
sub_4E2240,0x004e2240,0x004e24b0,0x270
sub_4E24B0,0x004e24b0,0x004e2634,0x184
sub_4E2640,0x004e2640,0x004e27fc,0x1bc
sub_4E2800,0x004e2800,0x004e2ab8,0x2b8
sub_4E2AC0,0x004e2ac0,0x004e2d90,0x2d0
sub_4E2D90,0x004e2d90,0x004e2f9c,0x20c
wrap_obj_ctor_init_j,0x004e2fa0,0x004e2fdc,0x3c
sub_4E2FE0,0x004e2fe0,0x004e3034,0x54
sub_4E3040,0x004e3040,0x004e3344,0x304
sub_4E3350,0x004e3350,0x004e3f10,0xbc0
sub_4E3F10,0x004e3f10,0x004e43b4,0x4a4
sub_4E43C0,0x004e43c0,0x004e43c8,0x8
sub_4E43D0,0x004e43d0,0x004e4404,0x34
sub_4E4410,0x004e4410,0x004e466c,0x25c
sub_4E4670,0x004e4670,0x004e48a0,0x230
sub_4E48A0,0x004e48a0,0x004e4ac8,0x228
sub_4E4AD0,0x004e4ad0,0x004e4d00,0x230
sub_4E4D00,0x004e4d00,0x004e4f70,0x270
wrap_obj_set_fields_3,0x004e4f70,0x004e4fac,0x3c
wrap_obj_register_b_0,0x004e4fb0,0x004e4fdc,0x2c
wrap_obj_register_c_0,0x004e4fe0,0x004e5048,0x68
wrap_obj_register_d_0,0x004e5050,0x004e50c4,0x74
sub_4E50D0,0x004e50d0,0x004e50d8,0x8
CAppDemoMainAlt_Begin_clone_05,0x004e50e0,0x004e525c,0x17c
sub_4E5260,0x004e5260,0x004e5270,0x10
wrap_array_call_ctor_dtor_0,0x004e5270,0x004e5290,0x20
sub_4E5290,0x004e5290,0x004e530c,0x7c
gp_fields_clear_c,0x004e5310,0x004e5320,0x10
sub_4E5320,0x004e5320,0x004e533c,0x1c
sub_4E5340,0x004e5340,0x004e535c,0x1c
sub_4E5360,0x004e5360,0x004e537c,0x1c
sub_4E5380,0x004e5380,0x004e55e8,0x268
sub_4E55F0,0x004e55f0,0x004e57ec,0x1fc
sub_4E57F0,0x004e57f0,0x004e59a4,0x1b4
sub_4E59B0,0x004e59b0,0x004e59f0,0x40
sub_4E59F0,0x004e59f0,0x004e5bd0,0x1e0
sub_4E5BD0,0x004e5bd0,0x004e5ed0,0x300
sub_4E5ED0,0x004e5ed0,0x004e5ee4,0x14
sub_4E5EF0,0x004e5ef0,0x004e5f28,0x38
sub_4E5F30,0x004e5f30,0x004e5f50,0x20
sub_4E5F50,0x004e5f50,0x004e5f5c,0xc
sub_4E5F60,0x004e5f60,0x004e6044,0xe4
wrap_obj_register_e_0,0x004e6050,0x004e608c,0x3c
sub_4E6090,0x004e6090,0x004e610c,0x7c
sub_4E6110,0x004e6110,0x004e615c,0x4c
sub_4E6160,0x004e6160,0x004e6228,0xc8
sub_4E6230,0x004e6230,0x004e62c4,0x94
wrap_array_call_ctor_dtor_b,0x004e62d0,0x004e6308,0x38
sub_4E6310,0x004e6310,0x004e6318,0x8
sub_4E6320,0x004e6320,0x004e68b4,0x594
sub_4E68C0,0x004e68c0,0x004e6c8c,0x3cc
